2024-06-01T04:48:00.742+01:00  INFO 5492 --- [Training_management] [main] n.j.T.TrainingManagementApplication      : Starting TrainingManagementApplication using Java 22.0.1 with PID 5492 (C:\Users\dell\Desktop\Training_management (2)\Training_management\Training_management\target\classes started by dell in C:\Users\dell\Desktop\Training_management (2))
2024-06-01T04:48:00.747+01:00  INFO 5492 --- [Training_management] [main] n.j.T.TrainingManagementApplication      : No active profile set, falling back to 1 default profile: "default"
2024-06-01T04:48:03.175+01:00  INFO 5492 --- [Training_management] [main] .s.d.r.c.RepositoryConfigurationDelegate : Bootstrapping Spring Data JPA repositories in DEFAULT mode.
2024-06-01T04:48:03.381+01:00  INFO 5492 --- [Training_management] [main] .s.d.r.c.RepositoryConfigurationDelegate : Finished Spring Data repository scanning in 180 ms. Found 9 JPA repository interfaces.
2024-06-01T04:48:05.810+01:00  INFO 5492 --- [Training_management] [main] o.s.b.w.embedded.tomcat.TomcatWebServer  : Tomcat initialized with port 8080 (http)
2024-06-01T04:48:05.842+01:00  INFO 5492 --- [Training_management] [main] o.apache.catalina.core.StandardService   : Starting service [Tomcat]
2024-06-01T04:48:05.842+01:00  INFO 5492 --- [Training_management] [main] o.apache.catalina.core.StandardEngine    : Starting Servlet engine: [Apache Tomcat/10.1.20]
2024-06-01T04:48:06.055+01:00  INFO 5492 --- [Training_management] [main] o.a.c.c.C.[Tomcat].[localhost].[/]       : Initializing Spring embedded WebApplicationContext
2024-06-01T04:48:06.057+01:00  INFO 5492 --- [Training_management] [main] w.s.c.ServletWebServerApplicationContext : Root WebApplicationContext: initialization completed in 5094 ms
2024-06-01T04:48:06.562+01:00  INFO 5492 --- [Training_management] [main] o.hibernate.jpa.internal.util.LogHelper  : HHH000204: Processing PersistenceUnitInfo [name: default]
2024-06-01T04:48:06.752+01:00  INFO 5492 --- [Training_management] [main] org.hibernate.Version                    : HHH000412: Hibernate ORM core version 6.4.4.Final
2024-06-01T04:48:06.854+01:00  INFO 5492 --- [Training_management] [main] o.h.c.internal.RegionFactoryInitiator    : HHH000026: Second-level cache disabled
2024-06-01T04:48:07.149+01:00 DEBUG 5492 --- [Training_management] [main] org.hibernate.type.BasicTypeRegistry     : Adding type registration boolean -> org.hibernate.type.BasicTypeReference@160e99e0
2024-06-01T04:48:07.149+01:00 DEBUG 5492 --- [Training_management] [main] org.hibernate.type.BasicTypeRegistry     : Adding type registration boolean -> org.hibernate.type.BasicTypeReference@160e99e0
2024-06-01T04:48:07.152+01:00 DEBUG 5492 --- [Training_management] [main] org.hibernate.type.BasicTypeRegistry     : Adding type registration java.lang.Boolean -> org.hibernate.type.BasicTypeReference@160e99e0
2024-06-01T04:48:07.152+01:00 DEBUG 5492 --- [Training_management] [main] org.hibernate.type.BasicTypeRegistry     : Adding type registration numeric_boolean -> org.hibernate.type.BasicTypeReference@4f3e9fbb
2024-06-01T04:48:07.152+01:00 DEBUG 5492 --- [Training_management] [main] org.hibernate.type.BasicTypeRegistry     : Adding type registration org.hibernate.type.NumericBooleanConverter -> org.hibernate.type.BasicTypeReference@4f3e9fbb
2024-06-01T04:48:07.153+01:00 DEBUG 5492 --- [Training_management] [main] org.hibernate.type.BasicTypeRegistry     : Adding type registration true_false -> org.hibernate.type.BasicTypeReference@365afe87
2024-06-01T04:48:07.153+01:00 DEBUG 5492 --- [Training_management] [main] org.hibernate.type.BasicTypeRegistry     : Adding type registration org.hibernate.type.TrueFalseConverter -> org.hibernate.type.BasicTypeReference@365afe87
2024-06-01T04:48:07.153+01:00 DEBUG 5492 --- [Training_management] [main] org.hibernate.type.BasicTypeRegistry     : Adding type registration yes_no -> org.hibernate.type.BasicTypeReference@43471a7e
2024-06-01T04:48:07.154+01:00 DEBUG 5492 --- [Training_management] [main] org.hibernate.type.BasicTypeRegistry     : Adding type registration org.hibernate.type.YesNoConverter -> org.hibernate.type.BasicTypeReference@43471a7e
2024-06-01T04:48:07.155+01:00 DEBUG 5492 --- [Training_management] [main] org.hibernate.type.BasicTypeRegistry     : Adding type registration byte -> org.hibernate.type.BasicTypeReference@21e45a6f
2024-06-01T04:48:07.155+01:00 DEBUG 5492 --- [Training_management] [main] org.hibernate.type.BasicTypeRegistry     : Adding type registration byte -> org.hibernate.type.BasicTypeReference@21e45a6f
2024-06-01T04:48:07.155+01:00 DEBUG 5492 --- [Training_management] [main] org.hibernate.type.BasicTypeRegistry     : Adding type registration java.lang.Byte -> org.hibernate.type.BasicTypeReference@21e45a6f
2024-06-01T04:48:07.155+01:00 DEBUG 5492 --- [Training_management] [main] org.hibernate.type.BasicTypeRegistry     : Adding type registration binary -> org.hibernate.type.BasicTypeReference@1a1ccaaf
2024-06-01T04:48:07.156+01:00 DEBUG 5492 --- [Training_management] [main] org.hibernate.type.BasicTypeRegistry     : Adding type registration byte[] -> org.hibernate.type.BasicTypeReference@1a1ccaaf
2024-06-01T04:48:07.156+01:00 DEBUG 5492 --- [Training_management] [main] org.hibernate.type.BasicTypeRegistry     : Adding type registration [B -> org.hibernate.type.BasicTypeReference@1a1ccaaf
2024-06-01T04:48:07.156+01:00 DEBUG 5492 --- [Training_management] [main] org.hibernate.type.BasicTypeRegistry     : Adding type registration binary_wrapper -> org.hibernate.type.BasicTypeReference@7b53b1ad
2024-06-01T04:48:07.157+01:00 DEBUG 5492 --- [Training_management] [main] org.hibernate.type.BasicTypeRegistry     : Adding type registration wrapper-binary -> org.hibernate.type.BasicTypeReference@7b53b1ad
2024-06-01T04:48:07.157+01:00 DEBUG 5492 --- [Training_management] [main] org.hibernate.type.BasicTypeRegistry     : Adding type registration image -> org.hibernate.type.BasicTypeReference@3cc053
2024-06-01T04:48:07.158+01:00 DEBUG 5492 --- [Training_management] [main] org.hibernate.type.BasicTypeRegistry     : Adding type registration blob -> org.hibernate.type.BasicTypeReference@388c519
2024-06-01T04:48:07.158+01:00 DEBUG 5492 --- [Training_management] [main] org.hibernate.type.BasicTypeRegistry     : Adding type registration java.sql.Blob -> org.hibernate.type.BasicTypeReference@388c519
2024-06-01T04:48:07.158+01:00 DEBUG 5492 --- [Training_management] [main] org.hibernate.type.BasicTypeRegistry     : Adding type registration materialized_blob -> org.hibernate.type.BasicTypeReference@7fbd3e75
2024-06-01T04:48:07.159+01:00 DEBUG 5492 --- [Training_management] [main] org.hibernate.type.BasicTypeRegistry     : Adding type registration materialized_blob_wrapper -> org.hibernate.type.BasicTypeReference@198536f6
2024-06-01T04:48:07.159+01:00 DEBUG 5492 --- [Training_management] [main] org.hibernate.type.BasicTypeRegistry     : Adding type registration short -> org.hibernate.type.BasicTypeReference@7fdd43cd
2024-06-01T04:48:07.159+01:00 DEBUG 5492 --- [Training_management] [main] org.hibernate.type.BasicTypeRegistry     : Adding type registration short -> org.hibernate.type.BasicTypeReference@7fdd43cd
2024-06-01T04:48:07.161+01:00 DEBUG 5492 --- [Training_management] [main] org.hibernate.type.BasicTypeRegistry     : Adding type registration java.lang.Short -> org.hibernate.type.BasicTypeReference@7fdd43cd
2024-06-01T04:48:07.161+01:00 DEBUG 5492 --- [Training_management] [main] org.hibernate.type.BasicTypeRegistry     : Adding type registration integer -> org.hibernate.type.BasicTypeReference@3a38f122
2024-06-01T04:48:07.161+01:00 DEBUG 5492 --- [Training_management] [main] org.hibernate.type.BasicTypeRegistry     : Adding type registration int -> org.hibernate.type.BasicTypeReference@3a38f122
2024-06-01T04:48:07.161+01:00 DEBUG 5492 --- [Training_management] [main] org.hibernate.type.BasicTypeRegistry     : Adding type registration java.lang.Integer -> org.hibernate.type.BasicTypeReference@3a38f122
2024-06-01T04:48:07.162+01:00 DEBUG 5492 --- [Training_management] [main] org.hibernate.type.BasicTypeRegistry     : Adding type registration long -> org.hibernate.type.BasicTypeReference@2ce03e86
2024-06-01T04:48:07.162+01:00 DEBUG 5492 --- [Training_management] [main] org.hibernate.type.BasicTypeRegistry     : Adding type registration long -> org.hibernate.type.BasicTypeReference@2ce03e86
2024-06-01T04:48:07.162+01:00 DEBUG 5492 --- [Training_management] [main] org.hibernate.type.BasicTypeRegistry     : Adding type registration java.lang.Long -> org.hibernate.type.BasicTypeReference@2ce03e86
2024-06-01T04:48:07.162+01:00 DEBUG 5492 --- [Training_management] [main] org.hibernate.type.BasicTypeRegistry     : Adding type registration float -> org.hibernate.type.BasicTypeReference@1c628f6a
2024-06-01T04:48:07.162+01:00 DEBUG 5492 --- [Training_management] [main] org.hibernate.type.BasicTypeRegistry     : Adding type registration float -> org.hibernate.type.BasicTypeReference@1c628f6a
2024-06-01T04:48:07.163+01:00 DEBUG 5492 --- [Training_management] [main] org.hibernate.type.BasicTypeRegistry     : Adding type registration java.lang.Float -> org.hibernate.type.BasicTypeReference@1c628f6a
2024-06-01T04:48:07.163+01:00 DEBUG 5492 --- [Training_management] [main] org.hibernate.type.BasicTypeRegistry     : Adding type registration double -> org.hibernate.type.BasicTypeReference@9b47400
2024-06-01T04:48:07.163+01:00 DEBUG 5492 --- [Training_management] [main] org.hibernate.type.BasicTypeRegistry     : Adding type registration double -> org.hibernate.type.BasicTypeReference@9b47400
2024-06-01T04:48:07.164+01:00 DEBUG 5492 --- [Training_management] [main] org.hibernate.type.BasicTypeRegistry     : Adding type registration java.lang.Double -> org.hibernate.type.BasicTypeReference@9b47400
2024-06-01T04:48:07.164+01:00 DEBUG 5492 --- [Training_management] [main] org.hibernate.type.BasicTypeRegistry     : Adding type registration big_integer -> org.hibernate.type.BasicTypeReference@747835f5
2024-06-01T04:48:07.164+01:00 DEBUG 5492 --- [Training_management] [main] org.hibernate.type.BasicTypeRegistry     : Adding type registration java.math.BigInteger -> org.hibernate.type.BasicTypeReference@747835f5
2024-06-01T04:48:07.165+01:00 DEBUG 5492 --- [Training_management] [main] org.hibernate.type.BasicTypeRegistry     : Adding type registration big_decimal -> org.hibernate.type.BasicTypeReference@594131f2
2024-06-01T04:48:07.166+01:00 DEBUG 5492 --- [Training_management] [main] org.hibernate.type.BasicTypeRegistry     : Adding type registration java.math.BigDecimal -> org.hibernate.type.BasicTypeReference@594131f2
2024-06-01T04:48:07.167+01:00 DEBUG 5492 --- [Training_management] [main] org.hibernate.type.BasicTypeRegistry     : Adding type registration character -> org.hibernate.type.BasicTypeReference@51d0ec6f
2024-06-01T04:48:07.167+01:00 DEBUG 5492 --- [Training_management] [main] org.hibernate.type.BasicTypeRegistry     : Adding type registration char -> org.hibernate.type.BasicTypeReference@51d0ec6f
2024-06-01T04:48:07.167+01:00 DEBUG 5492 --- [Training_management] [main] org.hibernate.type.BasicTypeRegistry     : Adding type registration java.lang.Character -> org.hibernate.type.BasicTypeReference@51d0ec6f
2024-06-01T04:48:07.168+01:00 DEBUG 5492 --- [Training_management] [main] org.hibernate.type.BasicTypeRegistry     : Adding type registration character_nchar -> org.hibernate.type.BasicTypeReference@7bee8621
2024-06-01T04:48:07.168+01:00 DEBUG 5492 --- [Training_management] [main] org.hibernate.type.BasicTypeRegistry     : Adding type registration string -> org.hibernate.type.BasicTypeReference@4e0cc334
2024-06-01T04:48:07.168+01:00 DEBUG 5492 --- [Training_management] [main] org.hibernate.type.BasicTypeRegistry     : Adding type registration java.lang.String -> org.hibernate.type.BasicTypeReference@4e0cc334
2024-06-01T04:48:07.168+01:00 DEBUG 5492 --- [Training_management] [main] org.hibernate.type.BasicTypeRegistry     : Adding type registration nstring -> org.hibernate.type.BasicTypeReference@1e12a5a6
2024-06-01T04:48:07.169+01:00 DEBUG 5492 --- [Training_management] [main] org.hibernate.type.BasicTypeRegistry     : Adding type registration characters -> org.hibernate.type.BasicTypeReference@4877919f
2024-06-01T04:48:07.169+01:00 DEBUG 5492 --- [Training_management] [main] org.hibernate.type.BasicTypeRegistry     : Adding type registration char[] -> org.hibernate.type.BasicTypeReference@4877919f
2024-06-01T04:48:07.169+01:00 DEBUG 5492 --- [Training_management] [main] org.hibernate.type.BasicTypeRegistry     : Adding type registration [C -> org.hibernate.type.BasicTypeReference@4877919f
2024-06-01T04:48:07.169+01:00 DEBUG 5492 --- [Training_management] [main] org.hibernate.type.BasicTypeRegistry     : Adding type registration wrapper-characters -> org.hibernate.type.BasicTypeReference@47a7c93e
2024-06-01T04:48:07.170+01:00 DEBUG 5492 --- [Training_management] [main] org.hibernate.type.BasicTypeRegistry     : Adding type registration text -> org.hibernate.type.BasicTypeReference@6f9ab79d
2024-06-01T04:48:07.171+01:00 DEBUG 5492 --- [Training_management] [main] org.hibernate.type.BasicTypeRegistry     : Adding type registration ntext -> org.hibernate.type.BasicTypeReference@64ae105d
2024-06-01T04:48:07.171+01:00 DEBUG 5492 --- [Training_management] [main] org.hibernate.type.BasicTypeRegistry     : Adding type registration clob -> org.hibernate.type.BasicTypeReference@10a18e3e
2024-06-01T04:48:07.171+01:00 DEBUG 5492 --- [Training_management] [main] org.hibernate.type.BasicTypeRegistry     : Adding type registration java.sql.Clob -> org.hibernate.type.BasicTypeReference@10a18e3e
2024-06-01T04:48:07.171+01:00 DEBUG 5492 --- [Training_management] [main] org.hibernate.type.BasicTypeRegistry     : Adding type registration nclob -> org.hibernate.type.BasicTypeReference@69364b2d
2024-06-01T04:48:07.172+01:00 DEBUG 5492 --- [Training_management] [main] org.hibernate.type.BasicTypeRegistry     : Adding type registration java.sql.NClob -> org.hibernate.type.BasicTypeReference@69364b2d
2024-06-01T04:48:07.172+01:00 DEBUG 5492 --- [Training_management] [main] org.hibernate.type.BasicTypeRegistry     : Adding type registration materialized_clob -> org.hibernate.type.BasicTypeReference@53aa2fc9
2024-06-01T04:48:07.172+01:00 DEBUG 5492 --- [Training_management] [main] org.hibernate.type.BasicTypeRegistry     : Adding type registration materialized_clob_char_array -> org.hibernate.type.BasicTypeReference@4792f119
2024-06-01T04:48:07.172+01:00 DEBUG 5492 --- [Training_management] [main] org.hibernate.type.BasicTypeRegistry     : Adding type registration materialized_clob_character_array -> org.hibernate.type.BasicTypeReference@5bde57ab
2024-06-01T04:48:07.172+01:00 DEBUG 5492 --- [Training_management] [main] org.hibernate.type.BasicTypeRegistry     : Adding type registration materialized_nclob -> org.hibernate.type.BasicTypeReference@ea00de
2024-06-01T04:48:07.173+01:00 DEBUG 5492 --- [Training_management] [main] org.hibernate.type.BasicTypeRegistry     : Adding type registration materialized_nclob_character_array -> org.hibernate.type.BasicTypeReference@23ca36d
2024-06-01T04:48:07.173+01:00 DEBUG 5492 --- [Training_management] [main] org.hibernate.type.BasicTypeRegistry     : Adding type registration materialized_nclob_char_array -> org.hibernate.type.BasicTypeReference@52f6900a
2024-06-01T04:48:07.173+01:00 DEBUG 5492 --- [Training_management] [main] org.hibernate.type.BasicTypeRegistry     : Adding type registration Duration -> org.hibernate.type.BasicTypeReference@7bbcf6f0
2024-06-01T04:48:07.173+01:00 DEBUG 5492 --- [Training_management] [main] org.hibernate.type.BasicTypeRegistry     : Adding type registration java.time.Duration -> org.hibernate.type.BasicTypeReference@7bbcf6f0
2024-06-01T04:48:07.173+01:00 DEBUG 5492 --- [Training_management] [main] org.hibernate.type.BasicTypeRegistry     : Adding type registration LocalDateTime -> org.hibernate.type.BasicTypeReference@2b80e5a9
2024-06-01T04:48:07.174+01:00 DEBUG 5492 --- [Training_management] [main] org.hibernate.type.BasicTypeRegistry     : Adding type registration java.time.LocalDateTime -> org.hibernate.type.BasicTypeReference@2b80e5a9
2024-06-01T04:48:07.174+01:00 DEBUG 5492 --- [Training_management] [main] org.hibernate.type.BasicTypeRegistry     : Adding type registration LocalDate -> org.hibernate.type.BasicTypeReference@4cc01c7f
2024-06-01T04:48:07.174+01:00 DEBUG 5492 --- [Training_management] [main] org.hibernate.type.BasicTypeRegistry     : Adding type registration java.time.LocalDate -> org.hibernate.type.BasicTypeReference@4cc01c7f
2024-06-01T04:48:07.174+01:00 DEBUG 5492 --- [Training_management] [main] org.hibernate.type.BasicTypeRegistry     : Adding type registration LocalTime -> org.hibernate.type.BasicTypeReference@2a50b32d
2024-06-01T04:48:07.175+01:00 DEBUG 5492 --- [Training_management] [main] org.hibernate.type.BasicTypeRegistry     : Adding type registration java.time.LocalTime -> org.hibernate.type.BasicTypeReference@2a50b32d
2024-06-01T04:48:07.175+01:00 DEBUG 5492 --- [Training_management] [main] org.hibernate.type.BasicTypeRegistry     : Adding type registration OffsetDateTime -> org.hibernate.type.BasicTypeReference@36c7cbe1
2024-06-01T04:48:07.175+01:00 DEBUG 5492 --- [Training_management] [main] org.hibernate.type.BasicTypeRegistry     : Adding type registration java.time.OffsetDateTime -> org.hibernate.type.BasicTypeReference@36c7cbe1
2024-06-01T04:48:07.175+01:00 DEBUG 5492 --- [Training_management] [main] org.hibernate.type.BasicTypeRegistry     : Adding type registration OffsetDateTimeWithTimezone -> org.hibernate.type.BasicTypeReference@1ac6dd3d
2024-06-01T04:48:07.175+01:00 DEBUG 5492 --- [Training_management] [main] org.hibernate.type.BasicTypeRegistry     : Adding type registration OffsetDateTimeWithoutTimezone -> org.hibernate.type.BasicTypeReference@562919fe
2024-06-01T04:48:07.175+01:00 DEBUG 5492 --- [Training_management] [main] org.hibernate.type.BasicTypeRegistry     : Adding type registration OffsetTime -> org.hibernate.type.BasicTypeReference@794f11cd
2024-06-01T04:48:07.175+01:00 DEBUG 5492 --- [Training_management] [main] org.hibernate.type.BasicTypeRegistry     : Adding type registration java.time.OffsetTime -> org.hibernate.type.BasicTypeReference@794f11cd
2024-06-01T04:48:07.175+01:00 DEBUG 5492 --- [Training_management] [main] org.hibernate.type.BasicTypeRegistry     : Adding type registration OffsetTimeUtc -> org.hibernate.type.BasicTypeReference@715f45c6
2024-06-01T04:48:07.175+01:00 DEBUG 5492 --- [Training_management] [main] org.hibernate.type.BasicTypeRegistry     : Adding type registration OffsetTimeWithTimezone -> org.hibernate.type.BasicTypeReference@5d5c41e5
2024-06-01T04:48:07.175+01:00 DEBUG 5492 --- [Training_management] [main] org.hibernate.type.BasicTypeRegistry     : Adding type registration OffsetTimeWithoutTimezone -> org.hibernate.type.BasicTypeReference@43245559
2024-06-01T04:48:07.175+01:00 DEBUG 5492 --- [Training_management] [main] org.hibernate.type.BasicTypeRegistry     : Adding type registration ZonedDateTime -> org.hibernate.type.BasicTypeReference@42e4e589
2024-06-01T04:48:07.175+01:00 DEBUG 5492 --- [Training_management] [main] org.hibernate.type.BasicTypeRegistry     : Adding type registration java.time.ZonedDateTime -> org.hibernate.type.BasicTypeReference@42e4e589
2024-06-01T04:48:07.175+01:00 DEBUG 5492 --- [Training_management] [main] org.hibernate.type.BasicTypeRegistry     : Adding type registration ZonedDateTimeWithTimezone -> org.hibernate.type.BasicTypeReference@499ee966
2024-06-01T04:48:07.175+01:00 DEBUG 5492 --- [Training_management] [main] org.hibernate.type.BasicTypeRegistry     : Adding type registration ZonedDateTimeWithoutTimezone -> org.hibernate.type.BasicTypeReference@76f2dad9
2024-06-01T04:48:07.175+01:00 DEBUG 5492 --- [Training_management] [main] org.hibernate.type.BasicTypeRegistry     : Adding type registration date -> org.hibernate.type.BasicTypeReference@171dc7c3
2024-06-01T04:48:07.175+01:00 DEBUG 5492 --- [Training_management] [main] org.hibernate.type.BasicTypeRegistry     : Adding type registration java.sql.Date -> org.hibernate.type.BasicTypeReference@171dc7c3
2024-06-01T04:48:07.175+01:00 DEBUG 5492 --- [Training_management] [main] org.hibernate.type.BasicTypeRegistry     : Adding type registration time -> org.hibernate.type.BasicTypeReference@72b0a004
2024-06-01T04:48:07.175+01:00 DEBUG 5492 --- [Training_management] [main] org.hibernate.type.BasicTypeRegistry     : Adding type registration java.sql.Time -> org.hibernate.type.BasicTypeReference@72b0a004
2024-06-01T04:48:07.175+01:00 DEBUG 5492 --- [Training_management] [main] org.hibernate.type.BasicTypeRegistry     : Adding type registration timestamp -> org.hibernate.type.BasicTypeReference@4cdba2ed
2024-06-01T04:48:07.175+01:00 DEBUG 5492 --- [Training_management] [main] org.hibernate.type.BasicTypeRegistry     : Adding type registration java.sql.Timestamp -> org.hibernate.type.BasicTypeReference@4cdba2ed
2024-06-01T04:48:07.181+01:00 DEBUG 5492 --- [Training_management] [main] org.hibernate.type.BasicTypeRegistry     : Adding type registration java.util.Date -> org.hibernate.type.BasicTypeReference@4cdba2ed
2024-06-01T04:48:07.182+01:00 DEBUG 5492 --- [Training_management] [main] org.hibernate.type.BasicTypeRegistry     : Adding type registration calendar -> org.hibernate.type.BasicTypeReference@2c1f8dbd
2024-06-01T04:48:07.182+01:00 DEBUG 5492 --- [Training_management] [main] org.hibernate.type.BasicTypeRegistry     : Adding type registration java.util.Calendar -> org.hibernate.type.BasicTypeReference@2c1f8dbd
2024-06-01T04:48:07.182+01:00 DEBUG 5492 --- [Training_management] [main] org.hibernate.type.BasicTypeRegistry     : Adding type registration java.util.GregorianCalendar -> org.hibernate.type.BasicTypeReference@2c1f8dbd
2024-06-01T04:48:07.183+01:00 DEBUG 5492 --- [Training_management] [main] org.hibernate.type.BasicTypeRegistry     : Adding type registration calendar_date -> org.hibernate.type.BasicTypeReference@55c57422
2024-06-01T04:48:07.183+01:00 DEBUG 5492 --- [Training_management] [main] org.hibernate.type.BasicTypeRegistry     : Adding type registration calendar_time -> org.hibernate.type.BasicTypeReference@22825e1e
2024-06-01T04:48:07.183+01:00 DEBUG 5492 --- [Training_management] [main] org.hibernate.type.BasicTypeRegistry     : Adding type registration instant -> org.hibernate.type.BasicTypeReference@335f5c69
2024-06-01T04:48:07.183+01:00 DEBUG 5492 --- [Training_management] [main] org.hibernate.type.BasicTypeRegistry     : Adding type registration java.time.Instant -> org.hibernate.type.BasicTypeReference@335f5c69
2024-06-01T04:48:07.183+01:00 DEBUG 5492 --- [Training_management] [main] org.hibernate.type.BasicTypeRegistry     : Adding type registration uuid -> org.hibernate.type.BasicTypeReference@63fd4dda
2024-06-01T04:48:07.184+01:00 DEBUG 5492 --- [Training_management] [main] org.hibernate.type.BasicTypeRegistry     : Adding type registration java.util.UUID -> org.hibernate.type.BasicTypeReference@63fd4dda
2024-06-01T04:48:07.184+01:00 DEBUG 5492 --- [Training_management] [main] org.hibernate.type.BasicTypeRegistry     : Adding type registration pg-uuid -> org.hibernate.type.BasicTypeReference@63fd4dda
2024-06-01T04:48:07.185+01:00 DEBUG 5492 --- [Training_management] [main] org.hibernate.type.BasicTypeRegistry     : Adding type registration uuid-binary -> org.hibernate.type.BasicTypeReference@1d6751e3
2024-06-01T04:48:07.185+01:00 DEBUG 5492 --- [Training_management] [main] org.hibernate.type.BasicTypeRegistry     : Adding type registration uuid-char -> org.hibernate.type.BasicTypeReference@2d258eff
2024-06-01T04:48:07.185+01:00 DEBUG 5492 --- [Training_management] [main] org.hibernate.type.BasicTypeRegistry     : Adding type registration class -> org.hibernate.type.BasicTypeReference@64502326
2024-06-01T04:48:07.185+01:00 DEBUG 5492 --- [Training_management] [main] org.hibernate.type.BasicTypeRegistry     : Adding type registration java.lang.Class -> org.hibernate.type.BasicTypeReference@64502326
2024-06-01T04:48:07.185+01:00 DEBUG 5492 --- [Training_management] [main] org.hibernate.type.BasicTypeRegistry     : Adding type registration currency -> org.hibernate.type.BasicTypeReference@6dca31eb
2024-06-01T04:48:07.186+01:00 DEBUG 5492 --- [Training_management] [main] org.hibernate.type.BasicTypeRegistry     : Adding type registration Currency -> org.hibernate.type.BasicTypeReference@6dca31eb
2024-06-01T04:48:07.186+01:00 DEBUG 5492 --- [Training_management] [main] org.hibernate.type.BasicTypeRegistry     : Adding type registration java.util.Currency -> org.hibernate.type.BasicTypeReference@6dca31eb
2024-06-01T04:48:07.186+01:00 DEBUG 5492 --- [Training_management] [main] org.hibernate.type.BasicTypeRegistry     : Adding type registration locale -> org.hibernate.type.BasicTypeReference@4a058df8
2024-06-01T04:48:07.186+01:00 DEBUG 5492 --- [Training_management] [main] org.hibernate.type.BasicTypeRegistry     : Adding type registration java.util.Locale -> org.hibernate.type.BasicTypeReference@4a058df8
2024-06-01T04:48:07.187+01:00 DEBUG 5492 --- [Training_management] [main] org.hibernate.type.BasicTypeRegistry     : Adding type registration serializable -> org.hibernate.type.BasicTypeReference@4b56b031
2024-06-01T04:48:07.187+01:00 DEBUG 5492 --- [Training_management] [main] org.hibernate.type.BasicTypeRegistry     : Adding type registration java.io.Serializable -> org.hibernate.type.BasicTypeReference@4b56b031
2024-06-01T04:48:07.187+01:00 DEBUG 5492 --- [Training_management] [main] org.hibernate.type.BasicTypeRegistry     : Adding type registration timezone -> org.hibernate.type.BasicTypeReference@2e7af36e
2024-06-01T04:48:07.187+01:00 DEBUG 5492 --- [Training_management] [main] org.hibernate.type.BasicTypeRegistry     : Adding type registration java.util.TimeZone -> org.hibernate.type.BasicTypeReference@2e7af36e
2024-06-01T04:48:07.187+01:00 DEBUG 5492 --- [Training_management] [main] org.hibernate.type.BasicTypeRegistry     : Adding type registration ZoneOffset -> org.hibernate.type.BasicTypeReference@1283ca23
2024-06-01T04:48:07.188+01:00 DEBUG 5492 --- [Training_management] [main] org.hibernate.type.BasicTypeRegistry     : Adding type registration java.time.ZoneOffset -> org.hibernate.type.BasicTypeReference@1283ca23
2024-06-01T04:48:07.188+01:00 DEBUG 5492 --- [Training_management] [main] org.hibernate.type.BasicTypeRegistry     : Adding type registration url -> org.hibernate.type.BasicTypeReference@740fefc6
2024-06-01T04:48:07.188+01:00 DEBUG 5492 --- [Training_management] [main] org.hibernate.type.BasicTypeRegistry     : Adding type registration java.net.URL -> org.hibernate.type.BasicTypeReference@740fefc6
2024-06-01T04:48:07.188+01:00 DEBUG 5492 --- [Training_management] [main] org.hibernate.type.BasicTypeRegistry     : Adding type registration vector -> org.hibernate.type.BasicTypeReference@aa61e4e
2024-06-01T04:48:07.188+01:00 DEBUG 5492 --- [Training_management] [main] org.hibernate.type.BasicTypeRegistry     : Adding type registration row_version -> org.hibernate.type.BasicTypeReference@733e6df7
2024-06-01T04:48:07.196+01:00 DEBUG 5492 --- [Training_management] [main] org.hibernate.type.BasicTypeRegistry     : Adding type registration object -> org.hibernate.type.JavaObjectType@7459a21e
2024-06-01T04:48:07.199+01:00 DEBUG 5492 --- [Training_management] [main] org.hibernate.type.BasicTypeRegistry     : Adding type registration java.lang.Object -> org.hibernate.type.JavaObjectType@7459a21e
2024-06-01T04:48:07.201+01:00 DEBUG 5492 --- [Training_management] [main] org.hibernate.type.BasicTypeRegistry     : Adding type registration null -> org.hibernate.type.NullType@1a2e0d57
2024-06-01T04:48:07.203+01:00 DEBUG 5492 --- [Training_management] [main] org.hibernate.type.BasicTypeRegistry     : Adding type registration imm_date -> org.hibernate.type.BasicTypeReference@5f025000
2024-06-01T04:48:07.204+01:00 DEBUG 5492 --- [Training_management] [main] org.hibernate.type.BasicTypeRegistry     : Adding type registration imm_time -> org.hibernate.type.BasicTypeReference@739e8b96
2024-06-01T04:48:07.204+01:00 DEBUG 5492 --- [Training_management] [main] org.hibernate.type.BasicTypeRegistry     : Adding type registration imm_timestamp -> org.hibernate.type.BasicTypeReference@19b07407
2024-06-01T04:48:07.205+01:00 DEBUG 5492 --- [Training_management] [main] org.hibernate.type.BasicTypeRegistry     : Adding type registration imm_calendar -> org.hibernate.type.BasicTypeReference@54ffa561
2024-06-01T04:48:07.205+01:00 DEBUG 5492 --- [Training_management] [main] org.hibernate.type.BasicTypeRegistry     : Adding type registration imm_calendar_date -> org.hibernate.type.BasicTypeReference@49c099b
2024-06-01T04:48:07.205+01:00 DEBUG 5492 --- [Training_management] [main] org.hibernate.type.BasicTypeRegistry     : Adding type registration imm_calendar_time -> org.hibernate.type.BasicTypeReference@3d9f0a5
2024-06-01T04:48:07.206+01:00 DEBUG 5492 --- [Training_management] [main] org.hibernate.type.BasicTypeRegistry     : Adding type registration imm_binary -> org.hibernate.type.BasicTypeReference@1953bc95
2024-06-01T04:48:07.206+01:00 DEBUG 5492 --- [Training_management] [main] org.hibernate.type.BasicTypeRegistry     : Adding type registration imm_serializable -> org.hibernate.type.BasicTypeReference@30aec673
2024-06-01T04:48:07.729+01:00  INFO 5492 --- [Training_management] [main] o.s.o.j.p.SpringPersistenceUnitInfo      : No LoadTimeWeaver setup: ignoring JPA class transformer
2024-06-01T04:48:07.841+01:00  INFO 5492 --- [Training_management] [main] com.zaxxer.hikari.HikariDataSource       : HikariPool-1 - Starting...
2024-06-01T04:48:08.901+01:00  INFO 5492 --- [Training_management] [main] com.zaxxer.hikari.pool.HikariPool        : HikariPool-1 - Added connection com.mysql.cj.jdbc.ConnectionImpl@5eeee124
2024-06-01T04:48:08.905+01:00  INFO 5492 --- [Training_management] [main] com.zaxxer.hikari.HikariDataSource       : HikariPool-1 - Start completed.
2024-06-01T04:48:09.037+01:00  WARN 5492 --- [Training_management] [main] org.hibernate.orm.deprecation            : HHH90000025: MySQLDialect does not need to be specified explicitly using 'hibernate.dialect' (remove the property setting and it will be selected by default)
2024-06-01T04:48:09.249+01:00 DEBUG 5492 --- [Training_management] [main] o.h.t.d.sql.spi.DdlTypeRegistry          : addDescriptor(12, org.hibernate.type.descriptor.sql.internal.CapacityDependentDdlType@678586f0) replaced previous registration(org.hibernate.type.descriptor.sql.internal.CapacityDependentDdlType@5ad6f98e)
2024-06-01T04:48:09.257+01:00 DEBUG 5492 --- [Training_management] [main] o.h.t.d.sql.spi.DdlTypeRegistry          : addDescriptor(-9, org.hibernate.type.descriptor.sql.internal.CapacityDependentDdlType@586728e8) replaced previous registration(org.hibernate.type.descriptor.sql.internal.CapacityDependentDdlType@3316527e)
2024-06-01T04:48:09.257+01:00 DEBUG 5492 --- [Training_management] [main] o.h.t.d.sql.spi.DdlTypeRegistry          : addDescriptor(-3, org.hibernate.type.descriptor.sql.internal.CapacityDependentDdlType@786ff0ea) replaced previous registration(org.hibernate.type.descriptor.sql.internal.CapacityDependentDdlType@15186ce0)
2024-06-01T04:48:09.257+01:00 DEBUG 5492 --- [Training_management] [main] o.h.t.d.sql.spi.DdlTypeRegistry          : addDescriptor(4003, org.hibernate.type.descriptor.sql.internal.DdlTypeImpl@745926c3) replaced previous registration(org.hibernate.type.descriptor.sql.internal.DdlTypeImpl@75dd0f94)
2024-06-01T04:48:09.257+01:00 DEBUG 5492 --- [Training_management] [main] o.h.t.d.sql.spi.DdlTypeRegistry          : addDescriptor(4001, org.hibernate.type.descriptor.sql.internal.DdlTypeImpl@72324965) replaced previous registration(org.hibernate.type.descriptor.sql.internal.DdlTypeImpl@249b54af)
2024-06-01T04:48:09.257+01:00 DEBUG 5492 --- [Training_management] [main] o.h.t.d.sql.spi.DdlTypeRegistry          : addDescriptor(4002, org.hibernate.type.descriptor.sql.internal.DdlTypeImpl@194911c1) replaced previous registration(org.hibernate.type.descriptor.sql.internal.DdlTypeImpl@4751cd3)
2024-06-01T04:48:09.257+01:00 DEBUG 5492 --- [Training_management] [main] o.h.t.d.sql.spi.DdlTypeRegistry          : addDescriptor(2004, org.hibernate.type.descriptor.sql.internal.CapacityDependentDdlType@64ec1459) replaced previous registration(org.hibernate.type.descriptor.sql.internal.DdlTypeImpl@1aac0a47)
2024-06-01T04:48:09.257+01:00 DEBUG 5492 --- [Training_management] [main] o.h.t.d.sql.spi.DdlTypeRegistry          : addDescriptor(2005, org.hibernate.type.descriptor.sql.internal.CapacityDependentDdlType@4b3ad7ca) replaced previous registration(org.hibernate.type.descriptor.sql.internal.DdlTypeImpl@6785c9fa)
2024-06-01T04:48:09.257+01:00 DEBUG 5492 --- [Training_management] [main] o.h.t.d.sql.spi.DdlTypeRegistry          : addDescriptor(2011, org.hibernate.type.descriptor.sql.internal.CapacityDependentDdlType@63cf578f) replaced previous registration(org.hibernate.type.descriptor.sql.internal.DdlTypeImpl@194b9783)
2024-06-01T04:48:09.265+01:00 DEBUG 5492 --- [Training_management] [main] o.h.t.d.jdbc.spi.JdbcTypeRegistry        : addDescriptor(NCharTypeDescriptor) replaced previous registration(CharTypeDescriptor)
2024-06-01T04:48:09.280+01:00 DEBUG 5492 --- [Training_management] [main] o.h.t.d.jdbc.spi.JdbcTypeRegistry        : addDescriptor(NVarcharTypeDescriptor) replaced previous registration(VarcharTypeDescriptor)
2024-06-01T04:48:09.282+01:00 DEBUG 5492 --- [Training_management] [main] o.h.t.d.jdbc.spi.JdbcTypeRegistry        : addDescriptor(LongNVarcharTypeDescriptor) replaced previous registration(LongVarcharTypeDescriptor)
2024-06-01T04:48:09.289+01:00 DEBUG 5492 --- [Training_management] [main] o.h.t.d.jdbc.spi.JdbcTypeRegistry        : addDescriptor(NClobTypeDescriptor(DEFAULT)) replaced previous registration(ClobTypeDescriptor(DEFAULT))
2024-06-01T04:48:09.290+01:00 DEBUG 5492 --- [Training_management] [main] o.h.t.d.jdbc.spi.JdbcTypeRegistry        : addDescriptor(2005, ClobTypeDescriptor(STREAM_BINDING)) replaced previous registration(ClobTypeDescriptor(DEFAULT))
2024-06-01T04:48:09.318+01:00 DEBUG 5492 --- [Training_management] [main] org.hibernate.type.BasicTypeRegistry     : Adding type registration null -> org.hibernate.type.NullType@464400b3
2024-06-01T04:48:09.332+01:00 DEBUG 5492 --- [Training_management] [main] org.hibernate.type.BasicTypeRegistry     : Type registration key [null] overrode previous entry : `org.hibernate.type.NullType@1a2e0d57`
2024-06-01T04:48:09.359+01:00 DEBUG 5492 --- [Training_management] [main] org.hibernate.type.BasicTypeRegistry     : Adding type registration org.hibernate.type.DurationType -> basicType@1(java.time.Duration,3015)
2024-06-01T04:48:09.359+01:00 DEBUG 5492 --- [Training_management] [main] org.hibernate.type.BasicTypeRegistry     : Adding type registration Duration -> basicType@1(java.time.Duration,3015)
2024-06-01T04:48:09.359+01:00 DEBUG 5492 --- [Training_management] [main] org.hibernate.type.BasicTypeRegistry     : Adding type registration java.time.Duration -> basicType@1(java.time.Duration,3015)
2024-06-01T04:48:09.371+01:00 DEBUG 5492 --- [Training_management] [main] org.hibernate.type.BasicTypeRegistry     : Adding type registration org.hibernate.type.OffsetDateTimeType -> basicType@2(java.time.OffsetDateTime,3003)
2024-06-01T04:48:09.371+01:00 DEBUG 5492 --- [Training_management] [main] org.hibernate.type.BasicTypeRegistry     : Adding type registration OffsetDateTime -> basicType@2(java.time.OffsetDateTime,3003)
2024-06-01T04:48:09.372+01:00 DEBUG 5492 --- [Training_management] [main] org.hibernate.type.BasicTypeRegistry     : Adding type registration java.time.OffsetDateTime -> basicType@2(java.time.OffsetDateTime,3003)
2024-06-01T04:48:09.376+01:00 DEBUG 5492 --- [Training_management] [main] org.hibernate.type.BasicTypeRegistry     : Adding type registration org.hibernate.type.ZonedDateTimeType -> basicType@3(java.time.ZonedDateTime,3003)
2024-06-01T04:48:09.377+01:00 DEBUG 5492 --- [Training_management] [main] org.hibernate.type.BasicTypeRegistry     : Adding type registration ZonedDateTime -> basicType@3(java.time.ZonedDateTime,3003)
2024-06-01T04:48:09.377+01:00 DEBUG 5492 --- [Training_management] [main] org.hibernate.type.BasicTypeRegistry     : Adding type registration java.time.ZonedDateTime -> basicType@3(java.time.ZonedDateTime,3003)
2024-06-01T04:48:09.385+01:00 DEBUG 5492 --- [Training_management] [main] org.hibernate.type.BasicTypeRegistry     : Adding type registration org.hibernate.type.OffsetTimeType -> basicType@4(java.time.OffsetTime,3007)
2024-06-01T04:48:09.385+01:00 DEBUG 5492 --- [Training_management] [main] org.hibernate.type.BasicTypeRegistry     : Adding type registration OffsetTime -> basicType@4(java.time.OffsetTime,3007)
2024-06-01T04:48:09.385+01:00 DEBUG 5492 --- [Training_management] [main] org.hibernate.type.BasicTypeRegistry     : Adding type registration java.time.OffsetTime -> basicType@4(java.time.OffsetTime,3007)
2024-06-01T04:48:09.395+01:00 DEBUG 5492 --- [Training_management] [main] o.h.type.spi.TypeConfiguration$Scope     : Scoping TypeConfiguration [org.hibernate.type.spi.TypeConfiguration@350d26f3] to MetadataBuildingContext [org.hibernate.boot.internal.MetadataBuildingContextRootImpl@c6a692e]
2024-06-01T04:48:10.078+01:00  WARN 5492 --- [Training_management] [main] org.hibernate.mapping.RootClass          : HHH000038: Composite-id class does not override equals(): net.java.Training_management.entities.AvancementId
2024-06-01T04:48:10.086+01:00  WARN 5492 --- [Training_management] [main] org.hibernate.mapping.RootClass          : HHH000039: Composite-id class does not override hashCode(): net.java.Training_management.entities.AvancementId
2024-06-01T04:48:10.968+01:00  INFO 5492 --- [Training_management] [main] o.h.m.i.EntityInstantiatorPojoStandard   : HHH000182: No default (no-argument) constructor for class: net.java.Training_management.entities.Participant (class must be instantiated by Interceptor)
2024-06-01T04:48:11.127+01:00  INFO 5492 --- [Training_management] [main] o.h.m.i.EntityInstantiatorPojoStandard   : HHH000182: No default (no-argument) constructor for class: net.java.Training_management.entities.Administrateur (class must be instantiated by Interceptor)
2024-06-01T04:48:11.751+01:00  INFO 5492 --- [Training_management] [main] o.h.e.t.j.p.i.JtaPlatformInitiator       : HHH000489: No JTA platform available (set 'hibernate.transaction.jta.platform' to enable JTA platform integration)
2024-06-01T04:48:11.752+01:00 DEBUG 5492 --- [Training_management] [main] o.h.type.spi.TypeConfiguration$Scope     : Scoping TypeConfiguration [org.hibernate.type.spi.TypeConfiguration@350d26f3] to SessionFactoryImplementor [org.hibernate.internal.SessionFactoryImpl@29bf90fc]
2024-06-01T04:48:12.032+01:00 TRACE 5492 --- [Training_management] [main] o.h.type.spi.TypeConfiguration$Scope     : Handling #sessionFactoryCreated from [org.hibernate.internal.SessionFactoryImpl@29bf90fc] for TypeConfiguration
2024-06-01T04:48:12.032+01:00  INFO 5492 --- [Training_management] [main] j.LocalContainerEntityManagerFactoryBean : Initialized JPA EntityManagerFactory for persistence unit 'default'
2024-06-01T04:48:12.860+01:00  INFO 5492 --- [Training_management] [main] o.s.d.j.r.query.QueryEnhancerFactory     : Hibernate is in classpath; If applicable, HQL parser will be used.
2024-06-01T04:48:15.377+01:00  WARN 5492 --- [Training_management] [main] JpaBaseConfiguration$JpaWebConfiguration : spring.jpa.open-in-view is enabled by default. Therefore, database queries may be performed during view rendering. Explicitly configure spring.jpa.open-in-view to disable this warning
2024-06-01T04:48:15.960+01:00 DEBUG 5492 --- [Training_management] [main] s.w.s.m.m.a.RequestMappingHandlerMapping : 9 mappings in 'requestMappingHandlerMapping'
2024-06-01T04:48:17.034+01:00 DEBUG 5492 --- [Training_management] [main] o.s.w.s.handler.SimpleUrlHandlerMapping  : Patterns [/webjars/**, /**] in 'resourceHandlerMapping'
2024-06-01T04:48:17.120+01:00 DEBUG 5492 --- [Training_management] [main] s.w.s.m.m.a.RequestMappingHandlerAdapter : ControllerAdvice beans: 0 @ModelAttribute, 0 @InitBinder, 1 RequestBodyAdvice, 1 ResponseBodyAdvice
2024-06-01T04:48:17.618+01:00 DEBUG 5492 --- [Training_management] [main] .m.m.a.ExceptionHandlerExceptionResolver : ControllerAdvice beans: 0 @ExceptionHandler, 1 ResponseBodyAdvice
2024-06-01T04:48:17.968+01:00  INFO 5492 --- [Training_management] [main] o.s.b.w.embedded.tomcat.TomcatWebServer  : Tomcat started on port 8080 (http) with context path ''
2024-06-01T04:48:17.987+01:00  INFO 5492 --- [Training_management] [main] n.j.T.TrainingManagementApplication      : Started TrainingManagementApplication in 18.626 seconds (process running for 19.674)
2024-06-01T04:48:32.525+01:00  INFO 5492 --- [Training_management] [http-nio-8080-exec-2] o.a.c.c.C.[Tomcat].[localhost].[/]       : Initializing Spring DispatcherServlet 'dispatcherServlet'
2024-06-01T04:48:32.525+01:00  INFO 5492 --- [Training_management] [http-nio-8080-exec-2] o.s.web.servlet.DispatcherServlet        : Initializing Servlet 'dispatcherServlet'
2024-06-01T04:48:32.526+01:00 DEBUG 5492 --- [Training_management] [http-nio-8080-exec-2] o.s.web.servlet.DispatcherServlet        : Detected StandardServletMultipartResolver
2024-06-01T04:48:32.526+01:00 DEBUG 5492 --- [Training_management] [http-nio-8080-exec-2] o.s.web.servlet.DispatcherServlet        : Detected AcceptHeaderLocaleResolver
2024-06-01T04:48:32.526+01:00 DEBUG 5492 --- [Training_management] [http-nio-8080-exec-2] o.s.web.servlet.DispatcherServlet        : Detected FixedThemeResolver
2024-06-01T04:48:32.527+01:00 DEBUG 5492 --- [Training_management] [http-nio-8080-exec-2] o.s.web.servlet.DispatcherServlet        : Detected org.springframework.web.servlet.view.DefaultRequestToViewNameTranslator@377b773c
2024-06-01T04:48:32.527+01:00 DEBUG 5492 --- [Training_management] [http-nio-8080-exec-2] o.s.web.servlet.DispatcherServlet        : Detected org.springframework.web.servlet.support.SessionFlashMapManager@1464a177
2024-06-01T04:48:32.527+01:00 DEBUG 5492 --- [Training_management] [http-nio-8080-exec-2] o.s.web.servlet.DispatcherServlet        : enableLoggingRequestDetails='false': request parameters and headers will be masked to prevent unsafe logging of potentially sensitive data
2024-06-01T04:48:32.527+01:00  INFO 5492 --- [Training_management] [http-nio-8080-exec-2] o.s.web.servlet.DispatcherServlet        : Completed initialization in 1 ms
2024-06-01T04:48:32.554+01:00 DEBUG 5492 --- [Training_management] [http-nio-8080-exec-2] o.s.web.servlet.DispatcherServlet        : POST "/API/participants", parameters={}
2024-06-01T04:48:32.576+01:00 DEBUG 5492 --- [Training_management] [http-nio-8080-exec-2] s.w.s.m.m.a.RequestMappingHandlerMapping : Mapped to net.java.Training_management.controller.ParticipantController#createParticipant(ParticipantDTO)
2024-06-01T04:48:32.856+01:00 DEBUG 5492 --- [Training_management] [http-nio-8080-exec-2] m.m.a.RequestResponseBodyMethodProcessor : Read "application/json;charset=UTF-8" to [net.java.Training_management.DTO.ParticipantDTO@13ca8d49]
2024-06-01T04:48:32.877+01:00  INFO 5492 --- [Training_management] [http-nio-8080-exec-2] n.j.T.controller.ParticipantController   : Received request to create participant: net.java.Training_management.DTO.ParticipantDTO@13ca8d49
2024-06-01T04:48:32.877+01:00 ERROR 5492 --- [Training_management] [http-nio-8080-exec-2] n.j.T.controller.ParticipantController   : Error creating participant

java.lang.NullPointerException: Cannot invoke "net.java.Training_management.repository.ParticipantRepository.findById(Object)" because "this.participantRepository" is null
	at net.java.Training_management.service.implementation.ParticipantServiceImp.CreateParticipant(ParticipantServiceImp.java:60) ~[classes/:na]
	at net.java.Training_management.controller.ParticipantController.createParticipant(ParticipantController.java:27) ~[classes/:na]
	at java.base/jdk.internal.reflect.DirectMethodHandleAccessor.invoke(DirectMethodHandleAccessor.java:103) ~[na:na]
	at java.base/java.lang.reflect.Method.invoke(Method.java:580) ~[na:na]
	at org.springframework.web.method.support.InvocableHandlerMethod.doInvoke(InvocableHandlerMethod.java:255) ~[spring-web-6.1.6.jar:6.1.6]
	at org.springframework.web.method.support.InvocableHandlerMethod.invokeForRequest(InvocableHandlerMethod.java:188) ~[spring-web-6.1.6.jar:6.1.6]
	at org.springframework.web.servlet.mvc.method.annotation.ServletInvocableHandlerMethod.invokeAndHandle(ServletInvocableHandlerMethod.java:118) ~[spring-webmvc-6.1.6.jar:6.1.6]
	at org.springframework.web.servlet.mvc.method.annotation.RequestMappingHandlerAdapter.invokeHandlerMethod(RequestMappingHandlerAdapter.java:926) ~[spring-webmvc-6.1.6.jar:6.1.6]
	at org.springframework.web.servlet.mvc.method.annotation.RequestMappingHandlerAdapter.handleInternal(RequestMappingHandlerAdapter.java:831) ~[spring-webmvc-6.1.6.jar:6.1.6]
	at org.springframework.web.servlet.mvc.method.AbstractHandlerMethodAdapter.handle(AbstractHandlerMethodAdapter.java:87) ~[spring-webmvc-6.1.6.jar:6.1.6]
	at org.springframework.web.servlet.DispatcherServlet.doDispatch(DispatcherServlet.java:1089) ~[spring-webmvc-6.1.6.jar:6.1.6]
	at org.springframework.web.servlet.DispatcherServlet.doService(DispatcherServlet.java:979) ~[spring-webmvc-6.1.6.jar:6.1.6]
	at org.springframework.web.servlet.FrameworkServlet.processRequest(FrameworkServlet.java:1014) ~[spring-webmvc-6.1.6.jar:6.1.6]
	at org.springframework.web.servlet.FrameworkServlet.doPost(FrameworkServlet.java:914) ~[spring-webmvc-6.1.6.jar:6.1.6]
	at jakarta.servlet.http.HttpServlet.service(HttpServlet.java:590) ~[tomcat-embed-core-10.1.20.jar:6.0]
	at org.springframework.web.servlet.FrameworkServlet.service(FrameworkServlet.java:885) ~[spring-webmvc-6.1.6.jar:6.1.6]
	at jakarta.servlet.http.HttpServlet.service(HttpServlet.java:658) ~[tomcat-embed-core-10.1.20.jar:6.0]
	at org.apache.catalina.core.ApplicationFilterChain.internalDoFilter(ApplicationFilterChain.java:206) ~[tomcat-embed-core-10.1.20.jar:10.1.20]
	at org.apache.catalina.core.ApplicationFilterChain.doFilter(ApplicationFilterChain.java:150) ~[tomcat-embed-core-10.1.20.jar:10.1.20]
	at org.apache.tomcat.websocket.server.WsFilter.doFilter(WsFilter.java:51) ~[tomcat-embed-websocket-10.1.20.jar:10.1.20]
	at org.apache.catalina.core.ApplicationFilterChain.internalDoFilter(ApplicationFilterChain.java:175) ~[tomcat-embed-core-10.1.20.jar:10.1.20]
	at org.apache.catalina.core.ApplicationFilterChain.doFilter(ApplicationFilterChain.java:150) ~[tomcat-embed-core-10.1.20.jar:10.1.20]
	at org.springframework.web.filter.RequestContextFilter.doFilterInternal(RequestContextFilter.java:100) ~[spring-web-6.1.6.jar:6.1.6]
	at org.springframework.web.filter.OncePerRequestFilter.doFilter(OncePerRequestFilter.java:116) ~[spring-web-6.1.6.jar:6.1.6]
	at org.apache.catalina.core.ApplicationFilterChain.internalDoFilter(ApplicationFilterChain.java:175) ~[tomcat-embed-core-10.1.20.jar:10.1.20]
	at org.apache.catalina.core.ApplicationFilterChain.doFilter(ApplicationFilterChain.java:150) ~[tomcat-embed-core-10.1.20.jar:10.1.20]
	at org.springframework.web.filter.FormContentFilter.doFilterInternal(FormContentFilter.java:93) ~[spring-web-6.1.6.jar:6.1.6]
	at org.springframework.web.filter.OncePerRequestFilter.doFilter(OncePerRequestFilter.java:116) ~[spring-web-6.1.6.jar:6.1.6]
	at org.apache.catalina.core.ApplicationFilterChain.internalDoFilter(ApplicationFilterChain.java:175) ~[tomcat-embed-core-10.1.20.jar:10.1.20]
	at org.apache.catalina.core.ApplicationFilterChain.doFilter(ApplicationFilterChain.java:150) ~[tomcat-embed-core-10.1.20.jar:10.1.20]
	at org.springframework.web.filter.CharacterEncodingFilter.doFilterInternal(CharacterEncodingFilter.java:201) ~[spring-web-6.1.6.jar:6.1.6]
	at org.springframework.web.filter.OncePerRequestFilter.doFilter(OncePerRequestFilter.java:116) ~[spring-web-6.1.6.jar:6.1.6]
	at org.apache.catalina.core.ApplicationFilterChain.internalDoFilter(ApplicationFilterChain.java:175) ~[tomcat-embed-core-10.1.20.jar:10.1.20]
	at org.apache.catalina.core.ApplicationFilterChain.doFilter(ApplicationFilterChain.java:150) ~[tomcat-embed-core-10.1.20.jar:10.1.20]
	at org.apache.catalina.core.StandardWrapperValve.invoke(StandardWrapperValve.java:167) ~[tomcat-embed-core-10.1.20.jar:10.1.20]
	at org.apache.catalina.core.StandardContextValve.invoke(StandardContextValve.java:90) ~[tomcat-embed-core-10.1.20.jar:10.1.20]
	at org.apache.catalina.authenticator.AuthenticatorBase.invoke(AuthenticatorBase.java:482) ~[tomcat-embed-core-10.1.20.jar:10.1.20]
	at org.apache.catalina.core.StandardHostValve.invoke(StandardHostValve.java:115) ~[tomcat-embed-core-10.1.20.jar:10.1.20]
	at org.apache.catalina.valves.ErrorReportValve.invoke(ErrorReportValve.java:93) ~[tomcat-embed-core-10.1.20.jar:10.1.20]
	at org.apache.catalina.core.StandardEngineValve.invoke(StandardEngineValve.java:74) ~[tomcat-embed-core-10.1.20.jar:10.1.20]
	at org.apache.catalina.connector.CoyoteAdapter.service(CoyoteAdapter.java:344) ~[tomcat-embed-core-10.1.20.jar:10.1.20]
	at org.apache.coyote.http11.Http11Processor.service(Http11Processor.java:391) ~[tomcat-embed-core-10.1.20.jar:10.1.20]
	at org.apache.coyote.AbstractProcessorLight.process(AbstractProcessorLight.java:63) ~[tomcat-embed-core-10.1.20.jar:10.1.20]
	at org.apache.coyote.AbstractProtocol$ConnectionHandler.process(AbstractProtocol.java:896) ~[tomcat-embed-core-10.1.20.jar:10.1.20]
	at org.apache.tomcat.util.net.NioEndpoint$SocketProcessor.doRun(NioEndpoint.java:1736) ~[tomcat-embed-core-10.1.20.jar:10.1.20]
	at org.apache.tomcat.util.net.SocketProcessorBase.run(SocketProcessorBase.java:52) ~[tomcat-embed-core-10.1.20.jar:10.1.20]
	at org.apache.tomcat.util.threads.ThreadPoolExecutor.runWorker(ThreadPoolExecutor.java:1191) ~[tomcat-embed-core-10.1.20.jar:10.1.20]
	at org.apache.tomcat.util.threads.ThreadPoolExecutor$Worker.run(ThreadPoolExecutor.java:659) ~[tomcat-embed-core-10.1.20.jar:10.1.20]
	at org.apache.tomcat.util.threads.TaskThread$WrappingRunnable.run(TaskThread.java:63) ~[tomcat-embed-core-10.1.20.jar:10.1.20]
	at java.base/java.lang.Thread.run(Thread.java:1570) ~[na:na]

2024-06-01T04:48:32.944+01:00 DEBUG 5492 --- [Training_management] [http-nio-8080-exec-2] o.s.w.s.m.m.a.HttpEntityMethodProcessor  : Using 'application/json', given [*/*] and supported [application/json, application/*+json]
2024-06-01T04:48:32.952+01:00 DEBUG 5492 --- [Training_management] [http-nio-8080-exec-2] o.s.w.s.m.m.a.HttpEntityMethodProcessor  : Nothing to write: null body
2024-06-01T04:48:32.960+01:00 DEBUG 5492 --- [Training_management] [http-nio-8080-exec-2] o.s.web.servlet.DispatcherServlet        : Completed 500 INTERNAL_SERVER_ERROR
2024-06-01T04:59:38.261+01:00 DEBUG 5492 --- [Training_management] [http-nio-8080-exec-4] o.s.web.servlet.DispatcherServlet        : POST "/API/formations", parameters={}
2024-06-01T04:59:38.270+01:00 DEBUG 5492 --- [Training_management] [http-nio-8080-exec-4] o.s.w.s.handler.SimpleUrlHandlerMapping  : Mapped to ResourceHttpRequestHandler [classpath [META-INF/resources/], classpath [resources/], classpath [static/], classpath [public/], ServletContext [/]]
2024-06-01T04:59:38.274+01:00 DEBUG 5492 --- [Training_management] [http-nio-8080-exec-4] o.s.w.s.r.ResourceHttpRequestHandler     : Resource not found
2024-06-01T04:59:38.283+01:00 DEBUG 5492 --- [Training_management] [http-nio-8080-exec-4] .w.s.m.s.DefaultHandlerExceptionResolver : Resolved [org.springframework.web.servlet.resource.NoResourceFoundException: No static resource API/formations.]
2024-06-01T04:59:38.289+01:00 DEBUG 5492 --- [Training_management] [http-nio-8080-exec-4] o.s.web.servlet.DispatcherServlet        : Completed 404 NOT_FOUND
2024-06-01T04:59:38.293+01:00 DEBUG 5492 --- [Training_management] [http-nio-8080-exec-4] o.s.web.servlet.DispatcherServlet        : "ERROR" dispatch for POST "/error", parameters={}
2024-06-01T04:59:38.301+01:00 DEBUG 5492 --- [Training_management] [http-nio-8080-exec-4] s.w.s.m.m.a.RequestMappingHandlerMapping : Mapped to org.springframework.boot.autoconfigure.web.servlet.error.BasicErrorController#error(HttpServletRequest)
2024-06-01T04:59:38.323+01:00 DEBUG 5492 --- [Training_management] [http-nio-8080-exec-4] o.s.w.s.m.m.a.HttpEntityMethodProcessor  : Using 'application/json', given [*/*] and supported [application/json, application/*+json]
2024-06-01T04:59:38.325+01:00 DEBUG 5492 --- [Training_management] [http-nio-8080-exec-4] o.s.w.s.m.m.a.HttpEntityMethodProcessor  : Writing [{timestamp=Sat Jun 01 04:59:38 WEST 2024, status=404, error=Not Found, path=/API/formations}]
2024-06-01T04:59:38.409+01:00 DEBUG 5492 --- [Training_management] [http-nio-8080-exec-4] o.s.web.servlet.DispatcherServlet        : Exiting from "ERROR" dispatch, status 404
2024-06-01T05:00:02.183+01:00  INFO 5492 --- [Training_management] [SpringApplicationShutdownHook] j.LocalContainerEntityManagerFactoryBean : Closing JPA EntityManagerFactory for persistence unit 'default'
2024-06-01T05:00:02.184+01:00 TRACE 5492 --- [Training_management] [SpringApplicationShutdownHook] o.h.type.spi.TypeConfiguration$Scope     : Handling #sessionFactoryClosed from [org.hibernate.internal.SessionFactoryImpl@29bf90fc] for TypeConfiguration
2024-06-01T05:00:02.184+01:00 DEBUG 5492 --- [Training_management] [SpringApplicationShutdownHook] o.h.type.spi.TypeConfiguration$Scope     : Un-scoping TypeConfiguration [org.hibernate.type.spi.TypeConfiguration$Scope@6626e17d] from SessionFactory [org.hibernate.internal.SessionFactoryImpl@29bf90fc]
2024-06-01T05:00:02.187+01:00  INFO 5492 --- [Training_management] [SpringApplicationShutdownHook] com.zaxxer.hikari.HikariDataSource       : HikariPool-1 - Shutdown initiated...
2024-06-01T05:00:02.199+01:00  INFO 5492 --- [Training_management] [SpringApplicationShutdownHook] com.zaxxer.hikari.HikariDataSource       : HikariPool-1 - Shutdown completed.
2024-06-01T05:00:19.385+01:00  INFO 10844 --- [Training_management] [main] n.j.T.TrainingManagementApplication      : Starting TrainingManagementApplication using Java 22.0.1 with PID 10844 (C:\Users\dell\Desktop\Training_management (2)\Training_management\Training_management\target\classes started by dell in C:\Users\dell\Desktop\Training_management (2))
2024-06-01T05:00:19.388+01:00  INFO 10844 --- [Training_management] [main] n.j.T.TrainingManagementApplication      : No active profile set, falling back to 1 default profile: "default"
2024-06-01T05:00:21.106+01:00  INFO 10844 --- [Training_management] [main] .s.d.r.c.RepositoryConfigurationDelegate : Bootstrapping Spring Data JPA repositories in DEFAULT mode.
2024-06-01T05:00:21.330+01:00  INFO 10844 --- [Training_management] [main] .s.d.r.c.RepositoryConfigurationDelegate : Finished Spring Data repository scanning in 201 ms. Found 9 JPA repository interfaces.
2024-06-01T05:00:23.418+01:00  INFO 10844 --- [Training_management] [main] o.s.b.w.embedded.tomcat.TomcatWebServer  : Tomcat initialized with port 8080 (http)
2024-06-01T05:00:23.452+01:00  INFO 10844 --- [Training_management] [main] o.apache.catalina.core.StandardService   : Starting service [Tomcat]
2024-06-01T05:00:23.454+01:00  INFO 10844 --- [Training_management] [main] o.apache.catalina.core.StandardEngine    : Starting Servlet engine: [Apache Tomcat/10.1.20]
2024-06-01T05:00:23.654+01:00  INFO 10844 --- [Training_management] [main] o.a.c.c.C.[Tomcat].[localhost].[/]       : Initializing Spring embedded WebApplicationContext
2024-06-01T05:00:23.655+01:00  INFO 10844 --- [Training_management] [main] w.s.c.ServletWebServerApplicationContext : Root WebApplicationContext: initialization completed in 4018 ms
2024-06-01T05:00:24.138+01:00  INFO 10844 --- [Training_management] [main] o.hibernate.jpa.internal.util.LogHelper  : HHH000204: Processing PersistenceUnitInfo [name: default]
2024-06-01T05:00:24.342+01:00  INFO 10844 --- [Training_management] [main] org.hibernate.Version                    : HHH000412: Hibernate ORM core version 6.4.4.Final
2024-06-01T05:00:24.450+01:00  INFO 10844 --- [Training_management] [main] o.h.c.internal.RegionFactoryInitiator    : HHH000026: Second-level cache disabled
2024-06-01T05:00:24.663+01:00 DEBUG 10844 --- [Training_management] [main] org.hibernate.type.BasicTypeRegistry     : Adding type registration boolean -> org.hibernate.type.BasicTypeReference@8054fe2
2024-06-01T05:00:24.663+01:00 DEBUG 10844 --- [Training_management] [main] org.hibernate.type.BasicTypeRegistry     : Adding type registration boolean -> org.hibernate.type.BasicTypeReference@8054fe2
2024-06-01T05:00:24.667+01:00 DEBUG 10844 --- [Training_management] [main] org.hibernate.type.BasicTypeRegistry     : Adding type registration java.lang.Boolean -> org.hibernate.type.BasicTypeReference@8054fe2
2024-06-01T05:00:24.667+01:00 DEBUG 10844 --- [Training_management] [main] org.hibernate.type.BasicTypeRegistry     : Adding type registration numeric_boolean -> org.hibernate.type.BasicTypeReference@1e3f0aea
2024-06-01T05:00:24.668+01:00 DEBUG 10844 --- [Training_management] [main] org.hibernate.type.BasicTypeRegistry     : Adding type registration org.hibernate.type.NumericBooleanConverter -> org.hibernate.type.BasicTypeReference@1e3f0aea
2024-06-01T05:00:24.669+01:00 DEBUG 10844 --- [Training_management] [main] org.hibernate.type.BasicTypeRegistry     : Adding type registration true_false -> org.hibernate.type.BasicTypeReference@48268eec
2024-06-01T05:00:24.669+01:00 DEBUG 10844 --- [Training_management] [main] org.hibernate.type.BasicTypeRegistry     : Adding type registration org.hibernate.type.TrueFalseConverter -> org.hibernate.type.BasicTypeReference@48268eec
2024-06-01T05:00:24.669+01:00 DEBUG 10844 --- [Training_management] [main] org.hibernate.type.BasicTypeRegistry     : Adding type registration yes_no -> org.hibernate.type.BasicTypeReference@69a024a0
2024-06-01T05:00:24.670+01:00 DEBUG 10844 --- [Training_management] [main] org.hibernate.type.BasicTypeRegistry     : Adding type registration org.hibernate.type.YesNoConverter -> org.hibernate.type.BasicTypeReference@69a024a0
2024-06-01T05:00:24.670+01:00 DEBUG 10844 --- [Training_management] [main] org.hibernate.type.BasicTypeRegistry     : Adding type registration byte -> org.hibernate.type.BasicTypeReference@4bf80c29
2024-06-01T05:00:24.670+01:00 DEBUG 10844 --- [Training_management] [main] org.hibernate.type.BasicTypeRegistry     : Adding type registration byte -> org.hibernate.type.BasicTypeReference@4bf80c29
2024-06-01T05:00:24.670+01:00 DEBUG 10844 --- [Training_management] [main] org.hibernate.type.BasicTypeRegistry     : Adding type registration java.lang.Byte -> org.hibernate.type.BasicTypeReference@4bf80c29
2024-06-01T05:00:24.670+01:00 DEBUG 10844 --- [Training_management] [main] org.hibernate.type.BasicTypeRegistry     : Adding type registration binary -> org.hibernate.type.BasicTypeReference@2d7637e6
2024-06-01T05:00:24.671+01:00 DEBUG 10844 --- [Training_management] [main] org.hibernate.type.BasicTypeRegistry     : Adding type registration byte[] -> org.hibernate.type.BasicTypeReference@2d7637e6
2024-06-01T05:00:24.672+01:00 DEBUG 10844 --- [Training_management] [main] org.hibernate.type.BasicTypeRegistry     : Adding type registration [B -> org.hibernate.type.BasicTypeReference@2d7637e6
2024-06-01T05:00:24.677+01:00 DEBUG 10844 --- [Training_management] [main] org.hibernate.type.BasicTypeRegistry     : Adding type registration binary_wrapper -> org.hibernate.type.BasicTypeReference@515b9d4a
2024-06-01T05:00:24.677+01:00 DEBUG 10844 --- [Training_management] [main] org.hibernate.type.BasicTypeRegistry     : Adding type registration wrapper-binary -> org.hibernate.type.BasicTypeReference@515b9d4a
2024-06-01T05:00:24.677+01:00 DEBUG 10844 --- [Training_management] [main] org.hibernate.type.BasicTypeRegistry     : Adding type registration image -> org.hibernate.type.BasicTypeReference@39b626e5
2024-06-01T05:00:24.677+01:00 DEBUG 10844 --- [Training_management] [main] org.hibernate.type.BasicTypeRegistry     : Adding type registration blob -> org.hibernate.type.BasicTypeReference@32a4ecbe
2024-06-01T05:00:24.677+01:00 DEBUG 10844 --- [Training_management] [main] org.hibernate.type.BasicTypeRegistry     : Adding type registration java.sql.Blob -> org.hibernate.type.BasicTypeReference@32a4ecbe
2024-06-01T05:00:24.684+01:00 DEBUG 10844 --- [Training_management] [main] org.hibernate.type.BasicTypeRegistry     : Adding type registration materialized_blob -> org.hibernate.type.BasicTypeReference@2e71240b
2024-06-01T05:00:24.686+01:00 DEBUG 10844 --- [Training_management] [main] org.hibernate.type.BasicTypeRegistry     : Adding type registration materialized_blob_wrapper -> org.hibernate.type.BasicTypeReference@23cd5d42
2024-06-01T05:00:24.686+01:00 DEBUG 10844 --- [Training_management] [main] org.hibernate.type.BasicTypeRegistry     : Adding type registration short -> org.hibernate.type.BasicTypeReference@2b44d6d0
2024-06-01T05:00:24.686+01:00 DEBUG 10844 --- [Training_management] [main] org.hibernate.type.BasicTypeRegistry     : Adding type registration short -> org.hibernate.type.BasicTypeReference@2b44d6d0
2024-06-01T05:00:24.687+01:00 DEBUG 10844 --- [Training_management] [main] org.hibernate.type.BasicTypeRegistry     : Adding type registration java.lang.Short -> org.hibernate.type.BasicTypeReference@2b44d6d0
2024-06-01T05:00:24.687+01:00 DEBUG 10844 --- [Training_management] [main] org.hibernate.type.BasicTypeRegistry     : Adding type registration integer -> org.hibernate.type.BasicTypeReference@3e900e1a
2024-06-01T05:00:24.687+01:00 DEBUG 10844 --- [Training_management] [main] org.hibernate.type.BasicTypeRegistry     : Adding type registration int -> org.hibernate.type.BasicTypeReference@3e900e1a
2024-06-01T05:00:24.687+01:00 DEBUG 10844 --- [Training_management] [main] org.hibernate.type.BasicTypeRegistry     : Adding type registration java.lang.Integer -> org.hibernate.type.BasicTypeReference@3e900e1a
2024-06-01T05:00:24.687+01:00 DEBUG 10844 --- [Training_management] [main] org.hibernate.type.BasicTypeRegistry     : Adding type registration long -> org.hibernate.type.BasicTypeReference@196624bf
2024-06-01T05:00:24.687+01:00 DEBUG 10844 --- [Training_management] [main] org.hibernate.type.BasicTypeRegistry     : Adding type registration long -> org.hibernate.type.BasicTypeReference@196624bf
2024-06-01T05:00:24.687+01:00 DEBUG 10844 --- [Training_management] [main] org.hibernate.type.BasicTypeRegistry     : Adding type registration java.lang.Long -> org.hibernate.type.BasicTypeReference@196624bf
2024-06-01T05:00:24.687+01:00 DEBUG 10844 --- [Training_management] [main] org.hibernate.type.BasicTypeRegistry     : Adding type registration float -> org.hibernate.type.BasicTypeReference@50085d9c
2024-06-01T05:00:24.687+01:00 DEBUG 10844 --- [Training_management] [main] org.hibernate.type.BasicTypeRegistry     : Adding type registration float -> org.hibernate.type.BasicTypeReference@50085d9c
2024-06-01T05:00:24.687+01:00 DEBUG 10844 --- [Training_management] [main] org.hibernate.type.BasicTypeRegistry     : Adding type registration java.lang.Float -> org.hibernate.type.BasicTypeReference@50085d9c
2024-06-01T05:00:24.687+01:00 DEBUG 10844 --- [Training_management] [main] org.hibernate.type.BasicTypeRegistry     : Adding type registration double -> org.hibernate.type.BasicTypeReference@5df7e31b
2024-06-01T05:00:24.687+01:00 DEBUG 10844 --- [Training_management] [main] org.hibernate.type.BasicTypeRegistry     : Adding type registration double -> org.hibernate.type.BasicTypeReference@5df7e31b
2024-06-01T05:00:24.687+01:00 DEBUG 10844 --- [Training_management] [main] org.hibernate.type.BasicTypeRegistry     : Adding type registration java.lang.Double -> org.hibernate.type.BasicTypeReference@5df7e31b
2024-06-01T05:00:24.687+01:00 DEBUG 10844 --- [Training_management] [main] org.hibernate.type.BasicTypeRegistry     : Adding type registration big_integer -> org.hibernate.type.BasicTypeReference@63a9c661
2024-06-01T05:00:24.687+01:00 DEBUG 10844 --- [Training_management] [main] org.hibernate.type.BasicTypeRegistry     : Adding type registration java.math.BigInteger -> org.hibernate.type.BasicTypeReference@63a9c661
2024-06-01T05:00:24.687+01:00 DEBUG 10844 --- [Training_management] [main] org.hibernate.type.BasicTypeRegistry     : Adding type registration big_decimal -> org.hibernate.type.BasicTypeReference@4b425577
2024-06-01T05:00:24.687+01:00 DEBUG 10844 --- [Training_management] [main] org.hibernate.type.BasicTypeRegistry     : Adding type registration java.math.BigDecimal -> org.hibernate.type.BasicTypeReference@4b425577
2024-06-01T05:00:24.687+01:00 DEBUG 10844 --- [Training_management] [main] org.hibernate.type.BasicTypeRegistry     : Adding type registration character -> org.hibernate.type.BasicTypeReference@5934153e
2024-06-01T05:00:24.687+01:00 DEBUG 10844 --- [Training_management] [main] org.hibernate.type.BasicTypeRegistry     : Adding type registration char -> org.hibernate.type.BasicTypeReference@5934153e
2024-06-01T05:00:24.701+01:00 DEBUG 10844 --- [Training_management] [main] org.hibernate.type.BasicTypeRegistry     : Adding type registration java.lang.Character -> org.hibernate.type.BasicTypeReference@5934153e
2024-06-01T05:00:24.705+01:00 DEBUG 10844 --- [Training_management] [main] org.hibernate.type.BasicTypeRegistry     : Adding type registration character_nchar -> org.hibernate.type.BasicTypeReference@3bb9ca38
2024-06-01T05:00:24.705+01:00 DEBUG 10844 --- [Training_management] [main] org.hibernate.type.BasicTypeRegistry     : Adding type registration string -> org.hibernate.type.BasicTypeReference@160e99e0
2024-06-01T05:00:24.706+01:00 DEBUG 10844 --- [Training_management] [main] org.hibernate.type.BasicTypeRegistry     : Adding type registration java.lang.String -> org.hibernate.type.BasicTypeReference@160e99e0
2024-06-01T05:00:24.706+01:00 DEBUG 10844 --- [Training_management] [main] org.hibernate.type.BasicTypeRegistry     : Adding type registration nstring -> org.hibernate.type.BasicTypeReference@4f3e9fbb
2024-06-01T05:00:24.707+01:00 DEBUG 10844 --- [Training_management] [main] org.hibernate.type.BasicTypeRegistry     : Adding type registration characters -> org.hibernate.type.BasicTypeReference@365afe87
2024-06-01T05:00:24.707+01:00 DEBUG 10844 --- [Training_management] [main] org.hibernate.type.BasicTypeRegistry     : Adding type registration char[] -> org.hibernate.type.BasicTypeReference@365afe87
2024-06-01T05:00:24.709+01:00 DEBUG 10844 --- [Training_management] [main] org.hibernate.type.BasicTypeRegistry     : Adding type registration [C -> org.hibernate.type.BasicTypeReference@365afe87
2024-06-01T05:00:24.709+01:00 DEBUG 10844 --- [Training_management] [main] org.hibernate.type.BasicTypeRegistry     : Adding type registration wrapper-characters -> org.hibernate.type.BasicTypeReference@43471a7e
2024-06-01T05:00:24.713+01:00 DEBUG 10844 --- [Training_management] [main] org.hibernate.type.BasicTypeRegistry     : Adding type registration text -> org.hibernate.type.BasicTypeReference@21e45a6f
2024-06-01T05:00:24.714+01:00 DEBUG 10844 --- [Training_management] [main] org.hibernate.type.BasicTypeRegistry     : Adding type registration ntext -> org.hibernate.type.BasicTypeReference@1a1ccaaf
2024-06-01T05:00:24.715+01:00 DEBUG 10844 --- [Training_management] [main] org.hibernate.type.BasicTypeRegistry     : Adding type registration clob -> org.hibernate.type.BasicTypeReference@7b53b1ad
2024-06-01T05:00:24.717+01:00 DEBUG 10844 --- [Training_management] [main] org.hibernate.type.BasicTypeRegistry     : Adding type registration java.sql.Clob -> org.hibernate.type.BasicTypeReference@7b53b1ad
2024-06-01T05:00:24.718+01:00 DEBUG 10844 --- [Training_management] [main] org.hibernate.type.BasicTypeRegistry     : Adding type registration nclob -> org.hibernate.type.BasicTypeReference@3cc053
2024-06-01T05:00:24.719+01:00 DEBUG 10844 --- [Training_management] [main] org.hibernate.type.BasicTypeRegistry     : Adding type registration java.sql.NClob -> org.hibernate.type.BasicTypeReference@3cc053
2024-06-01T05:00:24.719+01:00 DEBUG 10844 --- [Training_management] [main] org.hibernate.type.BasicTypeRegistry     : Adding type registration materialized_clob -> org.hibernate.type.BasicTypeReference@388c519
2024-06-01T05:00:24.719+01:00 DEBUG 10844 --- [Training_management] [main] org.hibernate.type.BasicTypeRegistry     : Adding type registration materialized_clob_char_array -> org.hibernate.type.BasicTypeReference@7fbd3e75
2024-06-01T05:00:24.719+01:00 DEBUG 10844 --- [Training_management] [main] org.hibernate.type.BasicTypeRegistry     : Adding type registration materialized_clob_character_array -> org.hibernate.type.BasicTypeReference@198536f6
2024-06-01T05:00:24.719+01:00 DEBUG 10844 --- [Training_management] [main] org.hibernate.type.BasicTypeRegistry     : Adding type registration materialized_nclob -> org.hibernate.type.BasicTypeReference@7fdd43cd
2024-06-01T05:00:24.730+01:00 DEBUG 10844 --- [Training_management] [main] org.hibernate.type.BasicTypeRegistry     : Adding type registration materialized_nclob_character_array -> org.hibernate.type.BasicTypeReference@3a38f122
2024-06-01T05:00:24.730+01:00 DEBUG 10844 --- [Training_management] [main] org.hibernate.type.BasicTypeRegistry     : Adding type registration materialized_nclob_char_array -> org.hibernate.type.BasicTypeReference@2ce03e86
2024-06-01T05:00:24.731+01:00 DEBUG 10844 --- [Training_management] [main] org.hibernate.type.BasicTypeRegistry     : Adding type registration Duration -> org.hibernate.type.BasicTypeReference@1c628f6a
2024-06-01T05:00:24.731+01:00 DEBUG 10844 --- [Training_management] [main] org.hibernate.type.BasicTypeRegistry     : Adding type registration java.time.Duration -> org.hibernate.type.BasicTypeReference@1c628f6a
2024-06-01T05:00:24.735+01:00 DEBUG 10844 --- [Training_management] [main] org.hibernate.type.BasicTypeRegistry     : Adding type registration LocalDateTime -> org.hibernate.type.BasicTypeReference@9b47400
2024-06-01T05:00:24.736+01:00 DEBUG 10844 --- [Training_management] [main] org.hibernate.type.BasicTypeRegistry     : Adding type registration java.time.LocalDateTime -> org.hibernate.type.BasicTypeReference@9b47400
2024-06-01T05:00:24.736+01:00 DEBUG 10844 --- [Training_management] [main] org.hibernate.type.BasicTypeRegistry     : Adding type registration LocalDate -> org.hibernate.type.BasicTypeReference@747835f5
2024-06-01T05:00:24.736+01:00 DEBUG 10844 --- [Training_management] [main] org.hibernate.type.BasicTypeRegistry     : Adding type registration java.time.LocalDate -> org.hibernate.type.BasicTypeReference@747835f5
2024-06-01T05:00:24.736+01:00 DEBUG 10844 --- [Training_management] [main] org.hibernate.type.BasicTypeRegistry     : Adding type registration LocalTime -> org.hibernate.type.BasicTypeReference@594131f2
2024-06-01T05:00:24.736+01:00 DEBUG 10844 --- [Training_management] [main] org.hibernate.type.BasicTypeRegistry     : Adding type registration java.time.LocalTime -> org.hibernate.type.BasicTypeReference@594131f2
2024-06-01T05:00:24.746+01:00 DEBUG 10844 --- [Training_management] [main] org.hibernate.type.BasicTypeRegistry     : Adding type registration OffsetDateTime -> org.hibernate.type.BasicTypeReference@51d0ec6f
2024-06-01T05:00:24.747+01:00 DEBUG 10844 --- [Training_management] [main] org.hibernate.type.BasicTypeRegistry     : Adding type registration java.time.OffsetDateTime -> org.hibernate.type.BasicTypeReference@51d0ec6f
2024-06-01T05:00:24.749+01:00 DEBUG 10844 --- [Training_management] [main] org.hibernate.type.BasicTypeRegistry     : Adding type registration OffsetDateTimeWithTimezone -> org.hibernate.type.BasicTypeReference@7bee8621
2024-06-01T05:00:24.751+01:00 DEBUG 10844 --- [Training_management] [main] org.hibernate.type.BasicTypeRegistry     : Adding type registration OffsetDateTimeWithoutTimezone -> org.hibernate.type.BasicTypeReference@4e0cc334
2024-06-01T05:00:24.752+01:00 DEBUG 10844 --- [Training_management] [main] org.hibernate.type.BasicTypeRegistry     : Adding type registration OffsetTime -> org.hibernate.type.BasicTypeReference@1e12a5a6
2024-06-01T05:00:24.753+01:00 DEBUG 10844 --- [Training_management] [main] org.hibernate.type.BasicTypeRegistry     : Adding type registration java.time.OffsetTime -> org.hibernate.type.BasicTypeReference@1e12a5a6
2024-06-01T05:00:24.755+01:00 DEBUG 10844 --- [Training_management] [main] org.hibernate.type.BasicTypeRegistry     : Adding type registration OffsetTimeUtc -> org.hibernate.type.BasicTypeReference@4877919f
2024-06-01T05:00:24.755+01:00 DEBUG 10844 --- [Training_management] [main] org.hibernate.type.BasicTypeRegistry     : Adding type registration OffsetTimeWithTimezone -> org.hibernate.type.BasicTypeReference@47a7c93e
2024-06-01T05:00:24.755+01:00 DEBUG 10844 --- [Training_management] [main] org.hibernate.type.BasicTypeRegistry     : Adding type registration OffsetTimeWithoutTimezone -> org.hibernate.type.BasicTypeReference@6f9ab79d
2024-06-01T05:00:24.756+01:00 DEBUG 10844 --- [Training_management] [main] org.hibernate.type.BasicTypeRegistry     : Adding type registration ZonedDateTime -> org.hibernate.type.BasicTypeReference@64ae105d
2024-06-01T05:00:24.759+01:00 DEBUG 10844 --- [Training_management] [main] org.hibernate.type.BasicTypeRegistry     : Adding type registration java.time.ZonedDateTime -> org.hibernate.type.BasicTypeReference@64ae105d
2024-06-01T05:00:24.760+01:00 DEBUG 10844 --- [Training_management] [main] org.hibernate.type.BasicTypeRegistry     : Adding type registration ZonedDateTimeWithTimezone -> org.hibernate.type.BasicTypeReference@10a18e3e
2024-06-01T05:00:24.760+01:00 DEBUG 10844 --- [Training_management] [main] org.hibernate.type.BasicTypeRegistry     : Adding type registration ZonedDateTimeWithoutTimezone -> org.hibernate.type.BasicTypeReference@69364b2d
2024-06-01T05:00:24.760+01:00 DEBUG 10844 --- [Training_management] [main] org.hibernate.type.BasicTypeRegistry     : Adding type registration date -> org.hibernate.type.BasicTypeReference@53aa2fc9
2024-06-01T05:00:24.761+01:00 DEBUG 10844 --- [Training_management] [main] org.hibernate.type.BasicTypeRegistry     : Adding type registration java.sql.Date -> org.hibernate.type.BasicTypeReference@53aa2fc9
2024-06-01T05:00:24.762+01:00 DEBUG 10844 --- [Training_management] [main] org.hibernate.type.BasicTypeRegistry     : Adding type registration time -> org.hibernate.type.BasicTypeReference@4792f119
2024-06-01T05:00:24.763+01:00 DEBUG 10844 --- [Training_management] [main] org.hibernate.type.BasicTypeRegistry     : Adding type registration java.sql.Time -> org.hibernate.type.BasicTypeReference@4792f119
2024-06-01T05:00:24.763+01:00 DEBUG 10844 --- [Training_management] [main] org.hibernate.type.BasicTypeRegistry     : Adding type registration timestamp -> org.hibernate.type.BasicTypeReference@5bde57ab
2024-06-01T05:00:24.763+01:00 DEBUG 10844 --- [Training_management] [main] org.hibernate.type.BasicTypeRegistry     : Adding type registration java.sql.Timestamp -> org.hibernate.type.BasicTypeReference@5bde57ab
2024-06-01T05:00:24.765+01:00 DEBUG 10844 --- [Training_management] [main] org.hibernate.type.BasicTypeRegistry     : Adding type registration java.util.Date -> org.hibernate.type.BasicTypeReference@5bde57ab
2024-06-01T05:00:24.765+01:00 DEBUG 10844 --- [Training_management] [main] org.hibernate.type.BasicTypeRegistry     : Adding type registration calendar -> org.hibernate.type.BasicTypeReference@ea00de
2024-06-01T05:00:24.769+01:00 DEBUG 10844 --- [Training_management] [main] org.hibernate.type.BasicTypeRegistry     : Adding type registration java.util.Calendar -> org.hibernate.type.BasicTypeReference@ea00de
2024-06-01T05:00:24.771+01:00 DEBUG 10844 --- [Training_management] [main] org.hibernate.type.BasicTypeRegistry     : Adding type registration java.util.GregorianCalendar -> org.hibernate.type.BasicTypeReference@ea00de
2024-06-01T05:00:24.772+01:00 DEBUG 10844 --- [Training_management] [main] org.hibernate.type.BasicTypeRegistry     : Adding type registration calendar_date -> org.hibernate.type.BasicTypeReference@23ca36d
2024-06-01T05:00:24.772+01:00 DEBUG 10844 --- [Training_management] [main] org.hibernate.type.BasicTypeRegistry     : Adding type registration calendar_time -> org.hibernate.type.BasicTypeReference@52f6900a
2024-06-01T05:00:24.773+01:00 DEBUG 10844 --- [Training_management] [main] org.hibernate.type.BasicTypeRegistry     : Adding type registration instant -> org.hibernate.type.BasicTypeReference@7bbcf6f0
2024-06-01T05:00:24.773+01:00 DEBUG 10844 --- [Training_management] [main] org.hibernate.type.BasicTypeRegistry     : Adding type registration java.time.Instant -> org.hibernate.type.BasicTypeReference@7bbcf6f0
2024-06-01T05:00:24.774+01:00 DEBUG 10844 --- [Training_management] [main] org.hibernate.type.BasicTypeRegistry     : Adding type registration uuid -> org.hibernate.type.BasicTypeReference@2b80e5a9
2024-06-01T05:00:24.774+01:00 DEBUG 10844 --- [Training_management] [main] org.hibernate.type.BasicTypeRegistry     : Adding type registration java.util.UUID -> org.hibernate.type.BasicTypeReference@2b80e5a9
2024-06-01T05:00:24.774+01:00 DEBUG 10844 --- [Training_management] [main] org.hibernate.type.BasicTypeRegistry     : Adding type registration pg-uuid -> org.hibernate.type.BasicTypeReference@2b80e5a9
2024-06-01T05:00:24.774+01:00 DEBUG 10844 --- [Training_management] [main] org.hibernate.type.BasicTypeRegistry     : Adding type registration uuid-binary -> org.hibernate.type.BasicTypeReference@4cc01c7f
2024-06-01T05:00:24.774+01:00 DEBUG 10844 --- [Training_management] [main] org.hibernate.type.BasicTypeRegistry     : Adding type registration uuid-char -> org.hibernate.type.BasicTypeReference@2a50b32d
2024-06-01T05:00:24.777+01:00 DEBUG 10844 --- [Training_management] [main] org.hibernate.type.BasicTypeRegistry     : Adding type registration class -> org.hibernate.type.BasicTypeReference@36c7cbe1
2024-06-01T05:00:24.777+01:00 DEBUG 10844 --- [Training_management] [main] org.hibernate.type.BasicTypeRegistry     : Adding type registration java.lang.Class -> org.hibernate.type.BasicTypeReference@36c7cbe1
2024-06-01T05:00:24.777+01:00 DEBUG 10844 --- [Training_management] [main] org.hibernate.type.BasicTypeRegistry     : Adding type registration currency -> org.hibernate.type.BasicTypeReference@1ac6dd3d
2024-06-01T05:00:24.778+01:00 DEBUG 10844 --- [Training_management] [main] org.hibernate.type.BasicTypeRegistry     : Adding type registration Currency -> org.hibernate.type.BasicTypeReference@1ac6dd3d
2024-06-01T05:00:24.778+01:00 DEBUG 10844 --- [Training_management] [main] org.hibernate.type.BasicTypeRegistry     : Adding type registration java.util.Currency -> org.hibernate.type.BasicTypeReference@1ac6dd3d
2024-06-01T05:00:24.778+01:00 DEBUG 10844 --- [Training_management] [main] org.hibernate.type.BasicTypeRegistry     : Adding type registration locale -> org.hibernate.type.BasicTypeReference@562919fe
2024-06-01T05:00:24.778+01:00 DEBUG 10844 --- [Training_management] [main] org.hibernate.type.BasicTypeRegistry     : Adding type registration java.util.Locale -> org.hibernate.type.BasicTypeReference@562919fe
2024-06-01T05:00:24.783+01:00 DEBUG 10844 --- [Training_management] [main] org.hibernate.type.BasicTypeRegistry     : Adding type registration serializable -> org.hibernate.type.BasicTypeReference@794f11cd
2024-06-01T05:00:24.793+01:00 DEBUG 10844 --- [Training_management] [main] org.hibernate.type.BasicTypeRegistry     : Adding type registration java.io.Serializable -> org.hibernate.type.BasicTypeReference@794f11cd
2024-06-01T05:00:24.793+01:00 DEBUG 10844 --- [Training_management] [main] org.hibernate.type.BasicTypeRegistry     : Adding type registration timezone -> org.hibernate.type.BasicTypeReference@715f45c6
2024-06-01T05:00:24.794+01:00 DEBUG 10844 --- [Training_management] [main] org.hibernate.type.BasicTypeRegistry     : Adding type registration java.util.TimeZone -> org.hibernate.type.BasicTypeReference@715f45c6
2024-06-01T05:00:24.795+01:00 DEBUG 10844 --- [Training_management] [main] org.hibernate.type.BasicTypeRegistry     : Adding type registration ZoneOffset -> org.hibernate.type.BasicTypeReference@5d5c41e5
2024-06-01T05:00:24.795+01:00 DEBUG 10844 --- [Training_management] [main] org.hibernate.type.BasicTypeRegistry     : Adding type registration java.time.ZoneOffset -> org.hibernate.type.BasicTypeReference@5d5c41e5
2024-06-01T05:00:24.795+01:00 DEBUG 10844 --- [Training_management] [main] org.hibernate.type.BasicTypeRegistry     : Adding type registration url -> org.hibernate.type.BasicTypeReference@43245559
2024-06-01T05:00:24.795+01:00 DEBUG 10844 --- [Training_management] [main] org.hibernate.type.BasicTypeRegistry     : Adding type registration java.net.URL -> org.hibernate.type.BasicTypeReference@43245559
2024-06-01T05:00:24.795+01:00 DEBUG 10844 --- [Training_management] [main] org.hibernate.type.BasicTypeRegistry     : Adding type registration vector -> org.hibernate.type.BasicTypeReference@42e4e589
2024-06-01T05:00:24.795+01:00 DEBUG 10844 --- [Training_management] [main] org.hibernate.type.BasicTypeRegistry     : Adding type registration row_version -> org.hibernate.type.BasicTypeReference@499ee966
2024-06-01T05:00:24.810+01:00 DEBUG 10844 --- [Training_management] [main] org.hibernate.type.BasicTypeRegistry     : Adding type registration object -> org.hibernate.type.JavaObjectType@2b6c7012
2024-06-01T05:00:24.812+01:00 DEBUG 10844 --- [Training_management] [main] org.hibernate.type.BasicTypeRegistry     : Adding type registration java.lang.Object -> org.hibernate.type.JavaObjectType@2b6c7012
2024-06-01T05:00:24.814+01:00 DEBUG 10844 --- [Training_management] [main] org.hibernate.type.BasicTypeRegistry     : Adding type registration null -> org.hibernate.type.NullType@15639d09
2024-06-01T05:00:24.818+01:00 DEBUG 10844 --- [Training_management] [main] org.hibernate.type.BasicTypeRegistry     : Adding type registration imm_date -> org.hibernate.type.BasicTypeReference@4fba8eec
2024-06-01T05:00:24.819+01:00 DEBUG 10844 --- [Training_management] [main] org.hibernate.type.BasicTypeRegistry     : Adding type registration imm_time -> org.hibernate.type.BasicTypeReference@611e5819
2024-06-01T05:00:24.819+01:00 DEBUG 10844 --- [Training_management] [main] org.hibernate.type.BasicTypeRegistry     : Adding type registration imm_timestamp -> org.hibernate.type.BasicTypeReference@681c0ae6
2024-06-01T05:00:24.819+01:00 DEBUG 10844 --- [Training_management] [main] org.hibernate.type.BasicTypeRegistry     : Adding type registration imm_calendar -> org.hibernate.type.BasicTypeReference@73ca34e7
2024-06-01T05:00:24.819+01:00 DEBUG 10844 --- [Training_management] [main] org.hibernate.type.BasicTypeRegistry     : Adding type registration imm_calendar_date -> org.hibernate.type.BasicTypeReference@4d98e41b
2024-06-01T05:00:24.820+01:00 DEBUG 10844 --- [Training_management] [main] org.hibernate.type.BasicTypeRegistry     : Adding type registration imm_calendar_time -> org.hibernate.type.BasicTypeReference@5ed5b321
2024-06-01T05:00:24.820+01:00 DEBUG 10844 --- [Training_management] [main] org.hibernate.type.BasicTypeRegistry     : Adding type registration imm_binary -> org.hibernate.type.BasicTypeReference@5696c927
2024-06-01T05:00:24.821+01:00 DEBUG 10844 --- [Training_management] [main] org.hibernate.type.BasicTypeRegistry     : Adding type registration imm_serializable -> org.hibernate.type.BasicTypeReference@7459a21e
2024-06-01T05:00:25.367+01:00  INFO 10844 --- [Training_management] [main] o.s.o.j.p.SpringPersistenceUnitInfo      : No LoadTimeWeaver setup: ignoring JPA class transformer
2024-06-01T05:00:25.444+01:00  INFO 10844 --- [Training_management] [main] com.zaxxer.hikari.HikariDataSource       : HikariPool-1 - Starting...
2024-06-01T05:00:26.322+01:00  INFO 10844 --- [Training_management] [main] com.zaxxer.hikari.pool.HikariPool        : HikariPool-1 - Added connection com.mysql.cj.jdbc.ConnectionImpl@e154848
2024-06-01T05:00:26.328+01:00  INFO 10844 --- [Training_management] [main] com.zaxxer.hikari.HikariDataSource       : HikariPool-1 - Start completed.
2024-06-01T05:00:26.463+01:00  WARN 10844 --- [Training_management] [main] org.hibernate.orm.deprecation            : HHH90000025: MySQLDialect does not need to be specified explicitly using 'hibernate.dialect' (remove the property setting and it will be selected by default)
2024-06-01T05:00:26.608+01:00 DEBUG 10844 --- [Training_management] [main] o.h.t.d.sql.spi.DdlTypeRegistry          : addDescriptor(12, org.hibernate.type.descriptor.sql.internal.CapacityDependentDdlType@1a0d313) replaced previous registration(org.hibernate.type.descriptor.sql.internal.CapacityDependentDdlType@13908f9c)
2024-06-01T05:00:26.608+01:00 DEBUG 10844 --- [Training_management] [main] o.h.t.d.sql.spi.DdlTypeRegistry          : addDescriptor(-9, org.hibernate.type.descriptor.sql.internal.CapacityDependentDdlType@329b331f) replaced previous registration(org.hibernate.type.descriptor.sql.internal.CapacityDependentDdlType@640a8f93)
2024-06-01T05:00:26.609+01:00 DEBUG 10844 --- [Training_management] [main] o.h.t.d.sql.spi.DdlTypeRegistry          : addDescriptor(-3, org.hibernate.type.descriptor.sql.internal.CapacityDependentDdlType@6335f04a) replaced previous registration(org.hibernate.type.descriptor.sql.internal.CapacityDependentDdlType@74ce7fdf)
2024-06-01T05:00:26.609+01:00 DEBUG 10844 --- [Training_management] [main] o.h.t.d.sql.spi.DdlTypeRegistry          : addDescriptor(4003, org.hibernate.type.descriptor.sql.internal.DdlTypeImpl@1f26b992) replaced previous registration(org.hibernate.type.descriptor.sql.internal.DdlTypeImpl@2f60cbf2)
2024-06-01T05:00:26.610+01:00 DEBUG 10844 --- [Training_management] [main] o.h.t.d.sql.spi.DdlTypeRegistry          : addDescriptor(4001, org.hibernate.type.descriptor.sql.internal.DdlTypeImpl@631bc9f4) replaced previous registration(org.hibernate.type.descriptor.sql.internal.DdlTypeImpl@642c72cf)
2024-06-01T05:00:26.610+01:00 DEBUG 10844 --- [Training_management] [main] o.h.t.d.sql.spi.DdlTypeRegistry          : addDescriptor(4002, org.hibernate.type.descriptor.sql.internal.DdlTypeImpl@4e6cbdf1) replaced previous registration(org.hibernate.type.descriptor.sql.internal.DdlTypeImpl@67fac095)
2024-06-01T05:00:26.610+01:00 DEBUG 10844 --- [Training_management] [main] o.h.t.d.sql.spi.DdlTypeRegistry          : addDescriptor(2004, org.hibernate.type.descriptor.sql.internal.CapacityDependentDdlType@5a13f1f7) replaced previous registration(org.hibernate.type.descriptor.sql.internal.DdlTypeImpl@5dae5a70)
2024-06-01T05:00:26.610+01:00 DEBUG 10844 --- [Training_management] [main] o.h.t.d.sql.spi.DdlTypeRegistry          : addDescriptor(2005, org.hibernate.type.descriptor.sql.internal.CapacityDependentDdlType@7686f701) replaced previous registration(org.hibernate.type.descriptor.sql.internal.DdlTypeImpl@47c96f2c)
2024-06-01T05:00:26.610+01:00 DEBUG 10844 --- [Training_management] [main] o.h.t.d.sql.spi.DdlTypeRegistry          : addDescriptor(2011, org.hibernate.type.descriptor.sql.internal.CapacityDependentDdlType@210a26b) replaced previous registration(org.hibernate.type.descriptor.sql.internal.DdlTypeImpl@2dc21583)
2024-06-01T05:00:26.629+01:00 DEBUG 10844 --- [Training_management] [main] o.h.t.d.jdbc.spi.JdbcTypeRegistry        : addDescriptor(NCharTypeDescriptor) replaced previous registration(CharTypeDescriptor)
2024-06-01T05:00:26.629+01:00 DEBUG 10844 --- [Training_management] [main] o.h.t.d.jdbc.spi.JdbcTypeRegistry        : addDescriptor(NVarcharTypeDescriptor) replaced previous registration(VarcharTypeDescriptor)
2024-06-01T05:00:26.629+01:00 DEBUG 10844 --- [Training_management] [main] o.h.t.d.jdbc.spi.JdbcTypeRegistry        : addDescriptor(LongNVarcharTypeDescriptor) replaced previous registration(LongVarcharTypeDescriptor)
2024-06-01T05:00:26.636+01:00 DEBUG 10844 --- [Training_management] [main] o.h.t.d.jdbc.spi.JdbcTypeRegistry        : addDescriptor(NClobTypeDescriptor(DEFAULT)) replaced previous registration(ClobTypeDescriptor(DEFAULT))
2024-06-01T05:00:26.637+01:00 DEBUG 10844 --- [Training_management] [main] o.h.t.d.jdbc.spi.JdbcTypeRegistry        : addDescriptor(2005, ClobTypeDescriptor(STREAM_BINDING)) replaced previous registration(ClobTypeDescriptor(DEFAULT))
2024-06-01T05:00:26.656+01:00 DEBUG 10844 --- [Training_management] [main] org.hibernate.type.BasicTypeRegistry     : Adding type registration null -> org.hibernate.type.NullType@7198ab9a
2024-06-01T05:00:26.656+01:00 DEBUG 10844 --- [Training_management] [main] org.hibernate.type.BasicTypeRegistry     : Type registration key [null] overrode previous entry : `org.hibernate.type.NullType@15639d09`
2024-06-01T05:00:26.690+01:00 DEBUG 10844 --- [Training_management] [main] org.hibernate.type.BasicTypeRegistry     : Adding type registration org.hibernate.type.DurationType -> basicType@1(java.time.Duration,3015)
2024-06-01T05:00:26.690+01:00 DEBUG 10844 --- [Training_management] [main] org.hibernate.type.BasicTypeRegistry     : Adding type registration Duration -> basicType@1(java.time.Duration,3015)
2024-06-01T05:00:26.692+01:00 DEBUG 10844 --- [Training_management] [main] org.hibernate.type.BasicTypeRegistry     : Adding type registration java.time.Duration -> basicType@1(java.time.Duration,3015)
2024-06-01T05:00:26.697+01:00 DEBUG 10844 --- [Training_management] [main] org.hibernate.type.BasicTypeRegistry     : Adding type registration org.hibernate.type.OffsetDateTimeType -> basicType@2(java.time.OffsetDateTime,3003)
2024-06-01T05:00:26.733+01:00 DEBUG 10844 --- [Training_management] [main] org.hibernate.type.BasicTypeRegistry     : Adding type registration OffsetDateTime -> basicType@2(java.time.OffsetDateTime,3003)
2024-06-01T05:00:26.734+01:00 DEBUG 10844 --- [Training_management] [main] org.hibernate.type.BasicTypeRegistry     : Adding type registration java.time.OffsetDateTime -> basicType@2(java.time.OffsetDateTime,3003)
2024-06-01T05:00:26.734+01:00 DEBUG 10844 --- [Training_management] [main] org.hibernate.type.BasicTypeRegistry     : Adding type registration org.hibernate.type.ZonedDateTimeType -> basicType@3(java.time.ZonedDateTime,3003)
2024-06-01T05:00:26.735+01:00 DEBUG 10844 --- [Training_management] [main] org.hibernate.type.BasicTypeRegistry     : Adding type registration ZonedDateTime -> basicType@3(java.time.ZonedDateTime,3003)
2024-06-01T05:00:26.735+01:00 DEBUG 10844 --- [Training_management] [main] org.hibernate.type.BasicTypeRegistry     : Adding type registration java.time.ZonedDateTime -> basicType@3(java.time.ZonedDateTime,3003)
2024-06-01T05:00:26.737+01:00 DEBUG 10844 --- [Training_management] [main] org.hibernate.type.BasicTypeRegistry     : Adding type registration org.hibernate.type.OffsetTimeType -> basicType@4(java.time.OffsetTime,3007)
2024-06-01T05:00:26.738+01:00 DEBUG 10844 --- [Training_management] [main] org.hibernate.type.BasicTypeRegistry     : Adding type registration OffsetTime -> basicType@4(java.time.OffsetTime,3007)
2024-06-01T05:00:26.738+01:00 DEBUG 10844 --- [Training_management] [main] org.hibernate.type.BasicTypeRegistry     : Adding type registration java.time.OffsetTime -> basicType@4(java.time.OffsetTime,3007)
2024-06-01T05:00:26.741+01:00 DEBUG 10844 --- [Training_management] [main] o.h.type.spi.TypeConfiguration$Scope     : Scoping TypeConfiguration [org.hibernate.type.spi.TypeConfiguration@27438750] to MetadataBuildingContext [org.hibernate.boot.internal.MetadataBuildingContextRootImpl@39851c5]
2024-06-01T05:00:27.671+01:00  WARN 10844 --- [Training_management] [main] org.hibernate.mapping.RootClass          : HHH000038: Composite-id class does not override equals(): net.java.Training_management.entities.AvancementId
2024-06-01T05:00:27.671+01:00  WARN 10844 --- [Training_management] [main] org.hibernate.mapping.RootClass          : HHH000039: Composite-id class does not override hashCode(): net.java.Training_management.entities.AvancementId
2024-06-01T05:00:28.769+01:00  INFO 10844 --- [Training_management] [main] o.h.m.i.EntityInstantiatorPojoStandard   : HHH000182: No default (no-argument) constructor for class: net.java.Training_management.entities.Participant (class must be instantiated by Interceptor)
2024-06-01T05:00:28.917+01:00  INFO 10844 --- [Training_management] [main] o.h.m.i.EntityInstantiatorPojoStandard   : HHH000182: No default (no-argument) constructor for class: net.java.Training_management.entities.Administrateur (class must be instantiated by Interceptor)
2024-06-01T05:00:29.529+01:00  INFO 10844 --- [Training_management] [main] o.h.e.t.j.p.i.JtaPlatformInitiator       : HHH000489: No JTA platform available (set 'hibernate.transaction.jta.platform' to enable JTA platform integration)
2024-06-01T05:00:29.529+01:00 DEBUG 10844 --- [Training_management] [main] o.h.type.spi.TypeConfiguration$Scope     : Scoping TypeConfiguration [org.hibernate.type.spi.TypeConfiguration@27438750] to SessionFactoryImplementor [org.hibernate.internal.SessionFactoryImpl@51efdb72]
2024-06-01T05:00:29.830+01:00 TRACE 10844 --- [Training_management] [main] o.h.type.spi.TypeConfiguration$Scope     : Handling #sessionFactoryCreated from [org.hibernate.internal.SessionFactoryImpl@51efdb72] for TypeConfiguration
2024-06-01T05:00:29.831+01:00  INFO 10844 --- [Training_management] [main] j.LocalContainerEntityManagerFactoryBean : Initialized JPA EntityManagerFactory for persistence unit 'default'
2024-06-01T05:00:30.684+01:00  INFO 10844 --- [Training_management] [main] o.s.d.j.r.query.QueryEnhancerFactory     : Hibernate is in classpath; If applicable, HQL parser will be used.
2024-06-01T05:00:32.268+01:00  WARN 10844 --- [Training_management] [main] JpaBaseConfiguration$JpaWebConfiguration : spring.jpa.open-in-view is enabled by default. Therefore, database queries may be performed during view rendering. Explicitly configure spring.jpa.open-in-view to disable this warning
2024-06-01T05:00:32.519+01:00 DEBUG 10844 --- [Training_management] [main] s.w.s.m.m.a.RequestMappingHandlerMapping : 15 mappings in 'requestMappingHandlerMapping'
2024-06-01T05:00:32.931+01:00 DEBUG 10844 --- [Training_management] [main] o.s.w.s.handler.SimpleUrlHandlerMapping  : Patterns [/webjars/**, /**] in 'resourceHandlerMapping'
2024-06-01T05:00:33.003+01:00 DEBUG 10844 --- [Training_management] [main] s.w.s.m.m.a.RequestMappingHandlerAdapter : ControllerAdvice beans: 0 @ModelAttribute, 0 @InitBinder, 1 RequestBodyAdvice, 1 ResponseBodyAdvice
2024-06-01T05:00:33.081+01:00 DEBUG 10844 --- [Training_management] [main] .m.m.a.ExceptionHandlerExceptionResolver : ControllerAdvice beans: 0 @ExceptionHandler, 1 ResponseBodyAdvice
2024-06-01T05:00:33.339+01:00  INFO 10844 --- [Training_management] [main] o.s.b.w.embedded.tomcat.TomcatWebServer  : Tomcat started on port 8080 (http) with context path ''
2024-06-01T05:00:33.361+01:00  INFO 10844 --- [Training_management] [main] n.j.T.TrainingManagementApplication      : Started TrainingManagementApplication in 15.519 seconds (process running for 17.042)
2024-06-01T05:01:18.735+01:00  INFO 10844 --- [Training_management] [http-nio-8080-exec-2] o.a.c.c.C.[Tomcat].[localhost].[/]       : Initializing Spring DispatcherServlet 'dispatcherServlet'
2024-06-01T05:01:18.735+01:00  INFO 10844 --- [Training_management] [http-nio-8080-exec-2] o.s.web.servlet.DispatcherServlet        : Initializing Servlet 'dispatcherServlet'
2024-06-01T05:01:18.735+01:00 DEBUG 10844 --- [Training_management] [http-nio-8080-exec-2] o.s.web.servlet.DispatcherServlet        : Detected StandardServletMultipartResolver
2024-06-01T05:01:18.735+01:00 DEBUG 10844 --- [Training_management] [http-nio-8080-exec-2] o.s.web.servlet.DispatcherServlet        : Detected AcceptHeaderLocaleResolver
2024-06-01T05:01:18.735+01:00 DEBUG 10844 --- [Training_management] [http-nio-8080-exec-2] o.s.web.servlet.DispatcherServlet        : Detected FixedThemeResolver
2024-06-01T05:01:18.744+01:00 DEBUG 10844 --- [Training_management] [http-nio-8080-exec-2] o.s.web.servlet.DispatcherServlet        : Detected org.springframework.web.servlet.view.DefaultRequestToViewNameTranslator@18213a65
2024-06-01T05:01:18.744+01:00 DEBUG 10844 --- [Training_management] [http-nio-8080-exec-2] o.s.web.servlet.DispatcherServlet        : Detected org.springframework.web.servlet.support.SessionFlashMapManager@6e21b6f8
2024-06-01T05:01:18.744+01:00 DEBUG 10844 --- [Training_management] [http-nio-8080-exec-2] o.s.web.servlet.DispatcherServlet        : enableLoggingRequestDetails='false': request parameters and headers will be masked to prevent unsafe logging of potentially sensitive data
2024-06-01T05:01:18.744+01:00  INFO 10844 --- [Training_management] [http-nio-8080-exec-2] o.s.web.servlet.DispatcherServlet        : Completed initialization in 9 ms
2024-06-01T05:01:18.773+01:00 DEBUG 10844 --- [Training_management] [http-nio-8080-exec-2] o.s.web.servlet.DispatcherServlet        : POST "/api/formations", parameters={}
2024-06-01T05:01:18.827+01:00 DEBUG 10844 --- [Training_management] [http-nio-8080-exec-2] s.w.s.m.m.a.RequestMappingHandlerMapping : Mapped to net.java.Training_management.controller.FormationController#createFormation(FormationDTO)
2024-06-01T05:01:19.252+01:00 DEBUG 10844 --- [Training_management] [http-nio-8080-exec-2] m.m.a.RequestResponseBodyMethodProcessor : Read "application/json;charset=UTF-8" to [net.java.Training_management.DTO.FormationDTO@2a1f2555]
2024-06-01T05:01:19.370+01:00 DEBUG 10844 --- [Training_management] [http-nio-8080-exec-2] org.hibernate.SQL                        : insert into formation (date_debut,date_fin,description_formation,domaine_id,titre) values (?,?,?,?,?)
2024-06-01T05:01:19.511+01:00 DEBUG 10844 --- [Training_management] [http-nio-8080-exec-2] o.s.w.s.m.m.a.HttpEntityMethodProcessor  : Using 'application/json', given [*/*] and supported [application/json, application/*+json]
2024-06-01T05:01:19.511+01:00 DEBUG 10844 --- [Training_management] [http-nio-8080-exec-2] o.s.w.s.m.m.a.HttpEntityMethodProcessor  : Writing [net.java.Training_management.DTO.FormationDTO@d7e5246]
2024-06-01T05:01:19.549+01:00 DEBUG 10844 --- [Training_management] [http-nio-8080-exec-2] o.s.web.servlet.DispatcherServlet        : Completed 201 CREATED
2024-06-01T05:01:48.206+01:00 DEBUG 10844 --- [Training_management] [http-nio-8080-exec-3] o.s.web.servlet.DispatcherServlet        : GET "/api/formations/1", parameters={}
2024-06-01T05:01:48.207+01:00 DEBUG 10844 --- [Training_management] [http-nio-8080-exec-3] s.w.s.m.m.a.RequestMappingHandlerMapping : Mapped to net.java.Training_management.controller.FormationController#getFormationById(Long)
2024-06-01T05:01:48.324+01:00 DEBUG 10844 --- [Training_management] [http-nio-8080-exec-3] org.hibernate.SQL                        : select f1_0.id,f1_0.date_debut,f1_0.date_fin,f1_0.description_formation,f1_0.domaine_id,f1_0.titre from formation f1_0 where f1_0.id=?
2024-06-01T05:01:48.349+01:00 DEBUG 10844 --- [Training_management] [http-nio-8080-exec-3] o.s.w.s.m.m.a.HttpEntityMethodProcessor  : Using 'application/json', given [*/*] and supported [application/json, application/*+json]
2024-06-01T05:01:48.349+01:00 DEBUG 10844 --- [Training_management] [http-nio-8080-exec-3] o.s.w.s.m.m.a.HttpEntityMethodProcessor  : Writing [net.java.Training_management.DTO.FormationDTO@11e605c3]
2024-06-01T05:01:48.355+01:00 DEBUG 10844 --- [Training_management] [http-nio-8080-exec-3] o.s.web.servlet.DispatcherServlet        : Completed 200 OK
2024-06-01T14:49:53.371+01:00  WARN 10844 --- [Training_management] [HikariPool-1 housekeeper] com.zaxxer.hikari.pool.HikariPool        : HikariPool-1 - Thread starvation or clock leap detected (housekeeper delta=9h24m26s200ms69µs).
2024-06-01T15:02:37.183+01:00  INFO 10844 --- [Training_management] [SpringApplicationShutdownHook] j.LocalContainerEntityManagerFactoryBean : Closing JPA EntityManagerFactory for persistence unit 'default'
2024-06-01T15:02:37.186+01:00 TRACE 10844 --- [Training_management] [SpringApplicationShutdownHook] o.h.type.spi.TypeConfiguration$Scope     : Handling #sessionFactoryClosed from [org.hibernate.internal.SessionFactoryImpl@51efdb72] for TypeConfiguration
2024-06-01T15:02:37.187+01:00 DEBUG 10844 --- [Training_management] [SpringApplicationShutdownHook] o.h.type.spi.TypeConfiguration$Scope     : Un-scoping TypeConfiguration [org.hibernate.type.spi.TypeConfiguration$Scope@9472a82] from SessionFactory [org.hibernate.internal.SessionFactoryImpl@51efdb72]
2024-06-01T15:02:37.190+01:00  INFO 10844 --- [Training_management] [SpringApplicationShutdownHook] com.zaxxer.hikari.HikariDataSource       : HikariPool-1 - Shutdown initiated...
2024-06-01T15:02:37.202+01:00  INFO 10844 --- [Training_management] [SpringApplicationShutdownHook] com.zaxxer.hikari.HikariDataSource       : HikariPool-1 - Shutdown completed.
2024-06-01T15:10:38.003+01:00  INFO 10160 --- [Training_management] [main] n.j.T.TrainingManagementApplication      : Starting TrainingManagementApplication using Java 22.0.1 with PID 10160 (C:\Users\dell\Desktop\Training_management (2)\Training_management\Training_management\target\classes started by dell in C:\Users\dell\Desktop\Training_management (2))
2024-06-01T15:10:38.007+01:00  INFO 10160 --- [Training_management] [main] n.j.T.TrainingManagementApplication      : No active profile set, falling back to 1 default profile: "default"
2024-06-01T15:10:39.603+01:00  INFO 10160 --- [Training_management] [main] .s.d.r.c.RepositoryConfigurationDelegate : Bootstrapping Spring Data JPA repositories in DEFAULT mode.
2024-06-01T15:10:39.799+01:00  INFO 10160 --- [Training_management] [main] .s.d.r.c.RepositoryConfigurationDelegate : Finished Spring Data repository scanning in 177 ms. Found 9 JPA repository interfaces.
2024-06-01T15:10:41.553+01:00  INFO 10160 --- [Training_management] [main] o.s.b.w.embedded.tomcat.TomcatWebServer  : Tomcat initialized with port 8080 (http)
2024-06-01T15:10:41.589+01:00  INFO 10160 --- [Training_management] [main] o.apache.catalina.core.StandardService   : Starting service [Tomcat]
2024-06-01T15:10:41.589+01:00  INFO 10160 --- [Training_management] [main] o.apache.catalina.core.StandardEngine    : Starting Servlet engine: [Apache Tomcat/10.1.20]
2024-06-01T15:10:41.755+01:00  INFO 10160 --- [Training_management] [main] o.a.c.c.C.[Tomcat].[localhost].[/]       : Initializing Spring embedded WebApplicationContext
2024-06-01T15:10:41.787+01:00  INFO 10160 --- [Training_management] [main] w.s.c.ServletWebServerApplicationContext : Root WebApplicationContext: initialization completed in 3632 ms
2024-06-01T15:10:42.200+01:00  INFO 10160 --- [Training_management] [main] o.hibernate.jpa.internal.util.LogHelper  : HHH000204: Processing PersistenceUnitInfo [name: default]
2024-06-01T15:10:42.355+01:00  INFO 10160 --- [Training_management] [main] org.hibernate.Version                    : HHH000412: Hibernate ORM core version 6.4.4.Final
2024-06-01T15:10:42.446+01:00  INFO 10160 --- [Training_management] [main] o.h.c.internal.RegionFactoryInitiator    : HHH000026: Second-level cache disabled
2024-06-01T15:10:42.686+01:00 DEBUG 10160 --- [Training_management] [main] org.hibernate.type.BasicTypeRegistry     : Adding type registration boolean -> org.hibernate.type.BasicTypeReference@5bde57ab
2024-06-01T15:10:42.686+01:00 DEBUG 10160 --- [Training_management] [main] org.hibernate.type.BasicTypeRegistry     : Adding type registration boolean -> org.hibernate.type.BasicTypeReference@5bde57ab
2024-06-01T15:10:42.692+01:00 DEBUG 10160 --- [Training_management] [main] org.hibernate.type.BasicTypeRegistry     : Adding type registration java.lang.Boolean -> org.hibernate.type.BasicTypeReference@5bde57ab
2024-06-01T15:10:42.692+01:00 DEBUG 10160 --- [Training_management] [main] org.hibernate.type.BasicTypeRegistry     : Adding type registration numeric_boolean -> org.hibernate.type.BasicTypeReference@ea00de
2024-06-01T15:10:42.692+01:00 DEBUG 10160 --- [Training_management] [main] org.hibernate.type.BasicTypeRegistry     : Adding type registration org.hibernate.type.NumericBooleanConverter -> org.hibernate.type.BasicTypeReference@ea00de
2024-06-01T15:10:42.692+01:00 DEBUG 10160 --- [Training_management] [main] org.hibernate.type.BasicTypeRegistry     : Adding type registration true_false -> org.hibernate.type.BasicTypeReference@23ca36d
2024-06-01T15:10:42.694+01:00 DEBUG 10160 --- [Training_management] [main] org.hibernate.type.BasicTypeRegistry     : Adding type registration org.hibernate.type.TrueFalseConverter -> org.hibernate.type.BasicTypeReference@23ca36d
2024-06-01T15:10:42.694+01:00 DEBUG 10160 --- [Training_management] [main] org.hibernate.type.BasicTypeRegistry     : Adding type registration yes_no -> org.hibernate.type.BasicTypeReference@52f6900a
2024-06-01T15:10:42.694+01:00 DEBUG 10160 --- [Training_management] [main] org.hibernate.type.BasicTypeRegistry     : Adding type registration org.hibernate.type.YesNoConverter -> org.hibernate.type.BasicTypeReference@52f6900a
2024-06-01T15:10:42.695+01:00 DEBUG 10160 --- [Training_management] [main] org.hibernate.type.BasicTypeRegistry     : Adding type registration byte -> org.hibernate.type.BasicTypeReference@7bbcf6f0
2024-06-01T15:10:42.695+01:00 DEBUG 10160 --- [Training_management] [main] org.hibernate.type.BasicTypeRegistry     : Adding type registration byte -> org.hibernate.type.BasicTypeReference@7bbcf6f0
2024-06-01T15:10:42.695+01:00 DEBUG 10160 --- [Training_management] [main] org.hibernate.type.BasicTypeRegistry     : Adding type registration java.lang.Byte -> org.hibernate.type.BasicTypeReference@7bbcf6f0
2024-06-01T15:10:42.695+01:00 DEBUG 10160 --- [Training_management] [main] org.hibernate.type.BasicTypeRegistry     : Adding type registration binary -> org.hibernate.type.BasicTypeReference@2b80e5a9
2024-06-01T15:10:42.696+01:00 DEBUG 10160 --- [Training_management] [main] org.hibernate.type.BasicTypeRegistry     : Adding type registration byte[] -> org.hibernate.type.BasicTypeReference@2b80e5a9
2024-06-01T15:10:42.696+01:00 DEBUG 10160 --- [Training_management] [main] org.hibernate.type.BasicTypeRegistry     : Adding type registration [B -> org.hibernate.type.BasicTypeReference@2b80e5a9
2024-06-01T15:10:42.696+01:00 DEBUG 10160 --- [Training_management] [main] org.hibernate.type.BasicTypeRegistry     : Adding type registration binary_wrapper -> org.hibernate.type.BasicTypeReference@4cc01c7f
2024-06-01T15:10:42.697+01:00 DEBUG 10160 --- [Training_management] [main] org.hibernate.type.BasicTypeRegistry     : Adding type registration wrapper-binary -> org.hibernate.type.BasicTypeReference@4cc01c7f
2024-06-01T15:10:42.697+01:00 DEBUG 10160 --- [Training_management] [main] org.hibernate.type.BasicTypeRegistry     : Adding type registration image -> org.hibernate.type.BasicTypeReference@2a50b32d
2024-06-01T15:10:42.697+01:00 DEBUG 10160 --- [Training_management] [main] org.hibernate.type.BasicTypeRegistry     : Adding type registration blob -> org.hibernate.type.BasicTypeReference@36c7cbe1
2024-06-01T15:10:42.697+01:00 DEBUG 10160 --- [Training_management] [main] org.hibernate.type.BasicTypeRegistry     : Adding type registration java.sql.Blob -> org.hibernate.type.BasicTypeReference@36c7cbe1
2024-06-01T15:10:42.698+01:00 DEBUG 10160 --- [Training_management] [main] org.hibernate.type.BasicTypeRegistry     : Adding type registration materialized_blob -> org.hibernate.type.BasicTypeReference@1ac6dd3d
2024-06-01T15:10:42.698+01:00 DEBUG 10160 --- [Training_management] [main] org.hibernate.type.BasicTypeRegistry     : Adding type registration materialized_blob_wrapper -> org.hibernate.type.BasicTypeReference@562919fe
2024-06-01T15:10:42.699+01:00 DEBUG 10160 --- [Training_management] [main] org.hibernate.type.BasicTypeRegistry     : Adding type registration short -> org.hibernate.type.BasicTypeReference@794f11cd
2024-06-01T15:10:42.699+01:00 DEBUG 10160 --- [Training_management] [main] org.hibernate.type.BasicTypeRegistry     : Adding type registration short -> org.hibernate.type.BasicTypeReference@794f11cd
2024-06-01T15:10:42.699+01:00 DEBUG 10160 --- [Training_management] [main] org.hibernate.type.BasicTypeRegistry     : Adding type registration java.lang.Short -> org.hibernate.type.BasicTypeReference@794f11cd
2024-06-01T15:10:42.699+01:00 DEBUG 10160 --- [Training_management] [main] org.hibernate.type.BasicTypeRegistry     : Adding type registration integer -> org.hibernate.type.BasicTypeReference@715f45c6
2024-06-01T15:10:42.699+01:00 DEBUG 10160 --- [Training_management] [main] org.hibernate.type.BasicTypeRegistry     : Adding type registration int -> org.hibernate.type.BasicTypeReference@715f45c6
2024-06-01T15:10:42.700+01:00 DEBUG 10160 --- [Training_management] [main] org.hibernate.type.BasicTypeRegistry     : Adding type registration java.lang.Integer -> org.hibernate.type.BasicTypeReference@715f45c6
2024-06-01T15:10:42.700+01:00 DEBUG 10160 --- [Training_management] [main] org.hibernate.type.BasicTypeRegistry     : Adding type registration long -> org.hibernate.type.BasicTypeReference@5d5c41e5
2024-06-01T15:10:42.700+01:00 DEBUG 10160 --- [Training_management] [main] org.hibernate.type.BasicTypeRegistry     : Adding type registration long -> org.hibernate.type.BasicTypeReference@5d5c41e5
2024-06-01T15:10:42.700+01:00 DEBUG 10160 --- [Training_management] [main] org.hibernate.type.BasicTypeRegistry     : Adding type registration java.lang.Long -> org.hibernate.type.BasicTypeReference@5d5c41e5
2024-06-01T15:10:42.700+01:00 DEBUG 10160 --- [Training_management] [main] org.hibernate.type.BasicTypeRegistry     : Adding type registration float -> org.hibernate.type.BasicTypeReference@43245559
2024-06-01T15:10:42.701+01:00 DEBUG 10160 --- [Training_management] [main] org.hibernate.type.BasicTypeRegistry     : Adding type registration float -> org.hibernate.type.BasicTypeReference@43245559
2024-06-01T15:10:42.701+01:00 DEBUG 10160 --- [Training_management] [main] org.hibernate.type.BasicTypeRegistry     : Adding type registration java.lang.Float -> org.hibernate.type.BasicTypeReference@43245559
2024-06-01T15:10:42.701+01:00 DEBUG 10160 --- [Training_management] [main] org.hibernate.type.BasicTypeRegistry     : Adding type registration double -> org.hibernate.type.BasicTypeReference@42e4e589
2024-06-01T15:10:42.701+01:00 DEBUG 10160 --- [Training_management] [main] org.hibernate.type.BasicTypeRegistry     : Adding type registration double -> org.hibernate.type.BasicTypeReference@42e4e589
2024-06-01T15:10:42.702+01:00 DEBUG 10160 --- [Training_management] [main] org.hibernate.type.BasicTypeRegistry     : Adding type registration java.lang.Double -> org.hibernate.type.BasicTypeReference@42e4e589
2024-06-01T15:10:42.702+01:00 DEBUG 10160 --- [Training_management] [main] org.hibernate.type.BasicTypeRegistry     : Adding type registration big_integer -> org.hibernate.type.BasicTypeReference@499ee966
2024-06-01T15:10:42.702+01:00 DEBUG 10160 --- [Training_management] [main] org.hibernate.type.BasicTypeRegistry     : Adding type registration java.math.BigInteger -> org.hibernate.type.BasicTypeReference@499ee966
2024-06-01T15:10:42.703+01:00 DEBUG 10160 --- [Training_management] [main] org.hibernate.type.BasicTypeRegistry     : Adding type registration big_decimal -> org.hibernate.type.BasicTypeReference@76f2dad9
2024-06-01T15:10:42.703+01:00 DEBUG 10160 --- [Training_management] [main] org.hibernate.type.BasicTypeRegistry     : Adding type registration java.math.BigDecimal -> org.hibernate.type.BasicTypeReference@76f2dad9
2024-06-01T15:10:42.703+01:00 DEBUG 10160 --- [Training_management] [main] org.hibernate.type.BasicTypeRegistry     : Adding type registration character -> org.hibernate.type.BasicTypeReference@171dc7c3
2024-06-01T15:10:42.703+01:00 DEBUG 10160 --- [Training_management] [main] org.hibernate.type.BasicTypeRegistry     : Adding type registration char -> org.hibernate.type.BasicTypeReference@171dc7c3
2024-06-01T15:10:42.703+01:00 DEBUG 10160 --- [Training_management] [main] org.hibernate.type.BasicTypeRegistry     : Adding type registration java.lang.Character -> org.hibernate.type.BasicTypeReference@171dc7c3
2024-06-01T15:10:42.703+01:00 DEBUG 10160 --- [Training_management] [main] org.hibernate.type.BasicTypeRegistry     : Adding type registration character_nchar -> org.hibernate.type.BasicTypeReference@72b0a004
2024-06-01T15:10:42.703+01:00 DEBUG 10160 --- [Training_management] [main] org.hibernate.type.BasicTypeRegistry     : Adding type registration string -> org.hibernate.type.BasicTypeReference@4cdba2ed
2024-06-01T15:10:42.703+01:00 DEBUG 10160 --- [Training_management] [main] org.hibernate.type.BasicTypeRegistry     : Adding type registration java.lang.String -> org.hibernate.type.BasicTypeReference@4cdba2ed
2024-06-01T15:10:42.703+01:00 DEBUG 10160 --- [Training_management] [main] org.hibernate.type.BasicTypeRegistry     : Adding type registration nstring -> org.hibernate.type.BasicTypeReference@2c1f8dbd
2024-06-01T15:10:42.706+01:00 DEBUG 10160 --- [Training_management] [main] org.hibernate.type.BasicTypeRegistry     : Adding type registration characters -> org.hibernate.type.BasicTypeReference@55c57422
2024-06-01T15:10:42.706+01:00 DEBUG 10160 --- [Training_management] [main] org.hibernate.type.BasicTypeRegistry     : Adding type registration char[] -> org.hibernate.type.BasicTypeReference@55c57422
2024-06-01T15:10:42.707+01:00 DEBUG 10160 --- [Training_management] [main] org.hibernate.type.BasicTypeRegistry     : Adding type registration [C -> org.hibernate.type.BasicTypeReference@55c57422
2024-06-01T15:10:42.707+01:00 DEBUG 10160 --- [Training_management] [main] org.hibernate.type.BasicTypeRegistry     : Adding type registration wrapper-characters -> org.hibernate.type.BasicTypeReference@22825e1e
2024-06-01T15:10:42.708+01:00 DEBUG 10160 --- [Training_management] [main] org.hibernate.type.BasicTypeRegistry     : Adding type registration text -> org.hibernate.type.BasicTypeReference@335f5c69
2024-06-01T15:10:42.708+01:00 DEBUG 10160 --- [Training_management] [main] org.hibernate.type.BasicTypeRegistry     : Adding type registration ntext -> org.hibernate.type.BasicTypeReference@63fd4dda
2024-06-01T15:10:42.708+01:00 DEBUG 10160 --- [Training_management] [main] org.hibernate.type.BasicTypeRegistry     : Adding type registration clob -> org.hibernate.type.BasicTypeReference@1d6751e3
2024-06-01T15:10:42.708+01:00 DEBUG 10160 --- [Training_management] [main] org.hibernate.type.BasicTypeRegistry     : Adding type registration java.sql.Clob -> org.hibernate.type.BasicTypeReference@1d6751e3
2024-06-01T15:10:42.709+01:00 DEBUG 10160 --- [Training_management] [main] org.hibernate.type.BasicTypeRegistry     : Adding type registration nclob -> org.hibernate.type.BasicTypeReference@2d258eff
2024-06-01T15:10:42.709+01:00 DEBUG 10160 --- [Training_management] [main] org.hibernate.type.BasicTypeRegistry     : Adding type registration java.sql.NClob -> org.hibernate.type.BasicTypeReference@2d258eff
2024-06-01T15:10:42.709+01:00 DEBUG 10160 --- [Training_management] [main] org.hibernate.type.BasicTypeRegistry     : Adding type registration materialized_clob -> org.hibernate.type.BasicTypeReference@64502326
2024-06-01T15:10:42.709+01:00 DEBUG 10160 --- [Training_management] [main] org.hibernate.type.BasicTypeRegistry     : Adding type registration materialized_clob_char_array -> org.hibernate.type.BasicTypeReference@6dca31eb
2024-06-01T15:10:42.709+01:00 DEBUG 10160 --- [Training_management] [main] org.hibernate.type.BasicTypeRegistry     : Adding type registration materialized_clob_character_array -> org.hibernate.type.BasicTypeReference@4a058df8
2024-06-01T15:10:42.710+01:00 DEBUG 10160 --- [Training_management] [main] org.hibernate.type.BasicTypeRegistry     : Adding type registration materialized_nclob -> org.hibernate.type.BasicTypeReference@4b56b031
2024-06-01T15:10:42.710+01:00 DEBUG 10160 --- [Training_management] [main] org.hibernate.type.BasicTypeRegistry     : Adding type registration materialized_nclob_character_array -> org.hibernate.type.BasicTypeReference@2e7af36e
2024-06-01T15:10:42.710+01:00 DEBUG 10160 --- [Training_management] [main] org.hibernate.type.BasicTypeRegistry     : Adding type registration materialized_nclob_char_array -> org.hibernate.type.BasicTypeReference@1283ca23
2024-06-01T15:10:42.712+01:00 DEBUG 10160 --- [Training_management] [main] org.hibernate.type.BasicTypeRegistry     : Adding type registration Duration -> org.hibernate.type.BasicTypeReference@740fefc6
2024-06-01T15:10:42.712+01:00 DEBUG 10160 --- [Training_management] [main] org.hibernate.type.BasicTypeRegistry     : Adding type registration java.time.Duration -> org.hibernate.type.BasicTypeReference@740fefc6
2024-06-01T15:10:42.712+01:00 DEBUG 10160 --- [Training_management] [main] org.hibernate.type.BasicTypeRegistry     : Adding type registration LocalDateTime -> org.hibernate.type.BasicTypeReference@aa61e4e
2024-06-01T15:10:42.712+01:00 DEBUG 10160 --- [Training_management] [main] org.hibernate.type.BasicTypeRegistry     : Adding type registration java.time.LocalDateTime -> org.hibernate.type.BasicTypeReference@aa61e4e
2024-06-01T15:10:42.717+01:00 DEBUG 10160 --- [Training_management] [main] org.hibernate.type.BasicTypeRegistry     : Adding type registration LocalDate -> org.hibernate.type.BasicTypeReference@733e6df7
2024-06-01T15:10:42.718+01:00 DEBUG 10160 --- [Training_management] [main] org.hibernate.type.BasicTypeRegistry     : Adding type registration java.time.LocalDate -> org.hibernate.type.BasicTypeReference@733e6df7
2024-06-01T15:10:42.718+01:00 DEBUG 10160 --- [Training_management] [main] org.hibernate.type.BasicTypeRegistry     : Adding type registration LocalTime -> org.hibernate.type.BasicTypeReference@7fe07361
2024-06-01T15:10:42.718+01:00 DEBUG 10160 --- [Training_management] [main] org.hibernate.type.BasicTypeRegistry     : Adding type registration java.time.LocalTime -> org.hibernate.type.BasicTypeReference@7fe07361
2024-06-01T15:10:42.718+01:00 DEBUG 10160 --- [Training_management] [main] org.hibernate.type.BasicTypeRegistry     : Adding type registration OffsetDateTime -> org.hibernate.type.BasicTypeReference@741ac284
2024-06-01T15:10:42.718+01:00 DEBUG 10160 --- [Training_management] [main] org.hibernate.type.BasicTypeRegistry     : Adding type registration java.time.OffsetDateTime -> org.hibernate.type.BasicTypeReference@741ac284
2024-06-01T15:10:42.718+01:00 DEBUG 10160 --- [Training_management] [main] org.hibernate.type.BasicTypeRegistry     : Adding type registration OffsetDateTimeWithTimezone -> org.hibernate.type.BasicTypeReference@4ef4f627
2024-06-01T15:10:42.718+01:00 DEBUG 10160 --- [Training_management] [main] org.hibernate.type.BasicTypeRegistry     : Adding type registration OffsetDateTimeWithoutTimezone -> org.hibernate.type.BasicTypeReference@4ea56bdb
2024-06-01T15:10:42.724+01:00 DEBUG 10160 --- [Training_management] [main] org.hibernate.type.BasicTypeRegistry     : Adding type registration OffsetTime -> org.hibernate.type.BasicTypeReference@32227215
2024-06-01T15:10:42.724+01:00 DEBUG 10160 --- [Training_management] [main] org.hibernate.type.BasicTypeRegistry     : Adding type registration java.time.OffsetTime -> org.hibernate.type.BasicTypeReference@32227215
2024-06-01T15:10:42.724+01:00 DEBUG 10160 --- [Training_management] [main] org.hibernate.type.BasicTypeRegistry     : Adding type registration OffsetTimeUtc -> org.hibernate.type.BasicTypeReference@108e9837
2024-06-01T15:10:42.724+01:00 DEBUG 10160 --- [Training_management] [main] org.hibernate.type.BasicTypeRegistry     : Adding type registration OffsetTimeWithTimezone -> org.hibernate.type.BasicTypeReference@79a201cf
2024-06-01T15:10:42.725+01:00 DEBUG 10160 --- [Training_management] [main] org.hibernate.type.BasicTypeRegistry     : Adding type registration OffsetTimeWithoutTimezone -> org.hibernate.type.BasicTypeReference@1cbc5693
2024-06-01T15:10:42.725+01:00 DEBUG 10160 --- [Training_management] [main] org.hibernate.type.BasicTypeRegistry     : Adding type registration ZonedDateTime -> org.hibernate.type.BasicTypeReference@3d2f3dcb
2024-06-01T15:10:42.728+01:00 DEBUG 10160 --- [Training_management] [main] org.hibernate.type.BasicTypeRegistry     : Adding type registration java.time.ZonedDateTime -> org.hibernate.type.BasicTypeReference@3d2f3dcb
2024-06-01T15:10:42.728+01:00 DEBUG 10160 --- [Training_management] [main] org.hibernate.type.BasicTypeRegistry     : Adding type registration ZonedDateTimeWithTimezone -> org.hibernate.type.BasicTypeReference@59845579
2024-06-01T15:10:42.728+01:00 DEBUG 10160 --- [Training_management] [main] org.hibernate.type.BasicTypeRegistry     : Adding type registration ZonedDateTimeWithoutTimezone -> org.hibernate.type.BasicTypeReference@30c19bff
2024-06-01T15:10:42.728+01:00 DEBUG 10160 --- [Training_management] [main] org.hibernate.type.BasicTypeRegistry     : Adding type registration date -> org.hibernate.type.BasicTypeReference@4e375bba
2024-06-01T15:10:42.728+01:00 DEBUG 10160 --- [Training_management] [main] org.hibernate.type.BasicTypeRegistry     : Adding type registration java.sql.Date -> org.hibernate.type.BasicTypeReference@4e375bba
2024-06-01T15:10:42.729+01:00 DEBUG 10160 --- [Training_management] [main] org.hibernate.type.BasicTypeRegistry     : Adding type registration time -> org.hibernate.type.BasicTypeReference@ab2e6d2
2024-06-01T15:10:42.729+01:00 DEBUG 10160 --- [Training_management] [main] org.hibernate.type.BasicTypeRegistry     : Adding type registration java.sql.Time -> org.hibernate.type.BasicTypeReference@ab2e6d2
2024-06-01T15:10:42.729+01:00 DEBUG 10160 --- [Training_management] [main] org.hibernate.type.BasicTypeRegistry     : Adding type registration timestamp -> org.hibernate.type.BasicTypeReference@71664560
2024-06-01T15:10:42.729+01:00 DEBUG 10160 --- [Training_management] [main] org.hibernate.type.BasicTypeRegistry     : Adding type registration java.sql.Timestamp -> org.hibernate.type.BasicTypeReference@71664560
2024-06-01T15:10:42.729+01:00 DEBUG 10160 --- [Training_management] [main] org.hibernate.type.BasicTypeRegistry     : Adding type registration java.util.Date -> org.hibernate.type.BasicTypeReference@71664560
2024-06-01T15:10:42.730+01:00 DEBUG 10160 --- [Training_management] [main] org.hibernate.type.BasicTypeRegistry     : Adding type registration calendar -> org.hibernate.type.BasicTypeReference@4d4436d0
2024-06-01T15:10:42.731+01:00 DEBUG 10160 --- [Training_management] [main] org.hibernate.type.BasicTypeRegistry     : Adding type registration java.util.Calendar -> org.hibernate.type.BasicTypeReference@4d4436d0
2024-06-01T15:10:42.731+01:00 DEBUG 10160 --- [Training_management] [main] org.hibernate.type.BasicTypeRegistry     : Adding type registration java.util.GregorianCalendar -> org.hibernate.type.BasicTypeReference@4d4436d0
2024-06-01T15:10:42.731+01:00 DEBUG 10160 --- [Training_management] [main] org.hibernate.type.BasicTypeRegistry     : Adding type registration calendar_date -> org.hibernate.type.BasicTypeReference@39da5e49
2024-06-01T15:10:42.731+01:00 DEBUG 10160 --- [Training_management] [main] org.hibernate.type.BasicTypeRegistry     : Adding type registration calendar_time -> org.hibernate.type.BasicTypeReference@2443abd6
2024-06-01T15:10:42.731+01:00 DEBUG 10160 --- [Training_management] [main] org.hibernate.type.BasicTypeRegistry     : Adding type registration instant -> org.hibernate.type.BasicTypeReference@674da77b
2024-06-01T15:10:42.731+01:00 DEBUG 10160 --- [Training_management] [main] org.hibernate.type.BasicTypeRegistry     : Adding type registration java.time.Instant -> org.hibernate.type.BasicTypeReference@674da77b
2024-06-01T15:10:42.732+01:00 DEBUG 10160 --- [Training_management] [main] org.hibernate.type.BasicTypeRegistry     : Adding type registration uuid -> org.hibernate.type.BasicTypeReference@bd3eff4
2024-06-01T15:10:42.732+01:00 DEBUG 10160 --- [Training_management] [main] org.hibernate.type.BasicTypeRegistry     : Adding type registration java.util.UUID -> org.hibernate.type.BasicTypeReference@bd3eff4
2024-06-01T15:10:42.732+01:00 DEBUG 10160 --- [Training_management] [main] org.hibernate.type.BasicTypeRegistry     : Adding type registration pg-uuid -> org.hibernate.type.BasicTypeReference@bd3eff4
2024-06-01T15:10:42.732+01:00 DEBUG 10160 --- [Training_management] [main] org.hibernate.type.BasicTypeRegistry     : Adding type registration uuid-binary -> org.hibernate.type.BasicTypeReference@6010d0d1
2024-06-01T15:10:42.732+01:00 DEBUG 10160 --- [Training_management] [main] org.hibernate.type.BasicTypeRegistry     : Adding type registration uuid-char -> org.hibernate.type.BasicTypeReference@5934ca1e
2024-06-01T15:10:42.733+01:00 DEBUG 10160 --- [Training_management] [main] org.hibernate.type.BasicTypeRegistry     : Adding type registration class -> org.hibernate.type.BasicTypeReference@5348d83c
2024-06-01T15:10:42.733+01:00 DEBUG 10160 --- [Training_management] [main] org.hibernate.type.BasicTypeRegistry     : Adding type registration java.lang.Class -> org.hibernate.type.BasicTypeReference@5348d83c
2024-06-01T15:10:42.733+01:00 DEBUG 10160 --- [Training_management] [main] org.hibernate.type.BasicTypeRegistry     : Adding type registration currency -> org.hibernate.type.BasicTypeReference@477021ee
2024-06-01T15:10:42.733+01:00 DEBUG 10160 --- [Training_management] [main] org.hibernate.type.BasicTypeRegistry     : Adding type registration Currency -> org.hibernate.type.BasicTypeReference@477021ee
2024-06-01T15:10:42.734+01:00 DEBUG 10160 --- [Training_management] [main] org.hibernate.type.BasicTypeRegistry     : Adding type registration java.util.Currency -> org.hibernate.type.BasicTypeReference@477021ee
2024-06-01T15:10:42.734+01:00 DEBUG 10160 --- [Training_management] [main] org.hibernate.type.BasicTypeRegistry     : Adding type registration locale -> org.hibernate.type.BasicTypeReference@2180e789
2024-06-01T15:10:42.734+01:00 DEBUG 10160 --- [Training_management] [main] org.hibernate.type.BasicTypeRegistry     : Adding type registration java.util.Locale -> org.hibernate.type.BasicTypeReference@2180e789
2024-06-01T15:10:42.734+01:00 DEBUG 10160 --- [Training_management] [main] org.hibernate.type.BasicTypeRegistry     : Adding type registration serializable -> org.hibernate.type.BasicTypeReference@5e9bbd9d
2024-06-01T15:10:42.734+01:00 DEBUG 10160 --- [Training_management] [main] org.hibernate.type.BasicTypeRegistry     : Adding type registration java.io.Serializable -> org.hibernate.type.BasicTypeReference@5e9bbd9d
2024-06-01T15:10:42.734+01:00 DEBUG 10160 --- [Training_management] [main] org.hibernate.type.BasicTypeRegistry     : Adding type registration timezone -> org.hibernate.type.BasicTypeReference@4b87074a
2024-06-01T15:10:42.735+01:00 DEBUG 10160 --- [Training_management] [main] org.hibernate.type.BasicTypeRegistry     : Adding type registration java.util.TimeZone -> org.hibernate.type.BasicTypeReference@4b87074a
2024-06-01T15:10:42.735+01:00 DEBUG 10160 --- [Training_management] [main] org.hibernate.type.BasicTypeRegistry     : Adding type registration ZoneOffset -> org.hibernate.type.BasicTypeReference@d3e3085
2024-06-01T15:10:42.735+01:00 DEBUG 10160 --- [Training_management] [main] org.hibernate.type.BasicTypeRegistry     : Adding type registration java.time.ZoneOffset -> org.hibernate.type.BasicTypeReference@d3e3085
2024-06-01T15:10:42.735+01:00 DEBUG 10160 --- [Training_management] [main] org.hibernate.type.BasicTypeRegistry     : Adding type registration url -> org.hibernate.type.BasicTypeReference@2ba42204
2024-06-01T15:10:42.735+01:00 DEBUG 10160 --- [Training_management] [main] org.hibernate.type.BasicTypeRegistry     : Adding type registration java.net.URL -> org.hibernate.type.BasicTypeReference@2ba42204
2024-06-01T15:10:42.736+01:00 DEBUG 10160 --- [Training_management] [main] org.hibernate.type.BasicTypeRegistry     : Adding type registration vector -> org.hibernate.type.BasicTypeReference@285005b8
2024-06-01T15:10:42.736+01:00 DEBUG 10160 --- [Training_management] [main] org.hibernate.type.BasicTypeRegistry     : Adding type registration row_version -> org.hibernate.type.BasicTypeReference@5b1efaaf
2024-06-01T15:10:42.746+01:00 DEBUG 10160 --- [Training_management] [main] org.hibernate.type.BasicTypeRegistry     : Adding type registration object -> org.hibernate.type.JavaObjectType@310a7859
2024-06-01T15:10:42.747+01:00 DEBUG 10160 --- [Training_management] [main] org.hibernate.type.BasicTypeRegistry     : Adding type registration java.lang.Object -> org.hibernate.type.JavaObjectType@310a7859
2024-06-01T15:10:42.749+01:00 DEBUG 10160 --- [Training_management] [main] org.hibernate.type.BasicTypeRegistry     : Adding type registration null -> org.hibernate.type.NullType@489bc8fd
2024-06-01T15:10:42.750+01:00 DEBUG 10160 --- [Training_management] [main] org.hibernate.type.BasicTypeRegistry     : Adding type registration imm_date -> org.hibernate.type.BasicTypeReference@5ac53c06
2024-06-01T15:10:42.752+01:00 DEBUG 10160 --- [Training_management] [main] org.hibernate.type.BasicTypeRegistry     : Adding type registration imm_time -> org.hibernate.type.BasicTypeReference@236fdf
2024-06-01T15:10:42.752+01:00 DEBUG 10160 --- [Training_management] [main] org.hibernate.type.BasicTypeRegistry     : Adding type registration imm_timestamp -> org.hibernate.type.BasicTypeReference@16e99306
2024-06-01T15:10:42.752+01:00 DEBUG 10160 --- [Training_management] [main] org.hibernate.type.BasicTypeRegistry     : Adding type registration imm_calendar -> org.hibernate.type.BasicTypeReference@653fb8d1
2024-06-01T15:10:42.752+01:00 DEBUG 10160 --- [Training_management] [main] org.hibernate.type.BasicTypeRegistry     : Adding type registration imm_calendar_date -> org.hibernate.type.BasicTypeReference@48581a3b
2024-06-01T15:10:42.752+01:00 DEBUG 10160 --- [Training_management] [main] org.hibernate.type.BasicTypeRegistry     : Adding type registration imm_calendar_time -> org.hibernate.type.BasicTypeReference@531ec978
2024-06-01T15:10:42.753+01:00 DEBUG 10160 --- [Training_management] [main] org.hibernate.type.BasicTypeRegistry     : Adding type registration imm_binary -> org.hibernate.type.BasicTypeReference@93501be
2024-06-01T15:10:42.753+01:00 DEBUG 10160 --- [Training_management] [main] org.hibernate.type.BasicTypeRegistry     : Adding type registration imm_serializable -> org.hibernate.type.BasicTypeReference@11d4d979
2024-06-01T15:10:43.181+01:00  INFO 10160 --- [Training_management] [main] o.s.o.j.p.SpringPersistenceUnitInfo      : No LoadTimeWeaver setup: ignoring JPA class transformer
2024-06-01T15:10:43.259+01:00  INFO 10160 --- [Training_management] [main] com.zaxxer.hikari.HikariDataSource       : HikariPool-1 - Starting...
2024-06-01T15:10:44.006+01:00  INFO 10160 --- [Training_management] [main] com.zaxxer.hikari.pool.HikariPool        : HikariPool-1 - Added connection com.mysql.cj.jdbc.ConnectionImpl@2fc7fa6e
2024-06-01T15:10:44.007+01:00  INFO 10160 --- [Training_management] [main] com.zaxxer.hikari.HikariDataSource       : HikariPool-1 - Start completed.
2024-06-01T15:10:44.123+01:00  WARN 10160 --- [Training_management] [main] org.hibernate.orm.deprecation            : HHH90000025: MySQLDialect does not need to be specified explicitly using 'hibernate.dialect' (remove the property setting and it will be selected by default)
2024-06-01T15:10:44.224+01:00 DEBUG 10160 --- [Training_management] [main] o.h.t.d.sql.spi.DdlTypeRegistry          : addDescriptor(12, org.hibernate.type.descriptor.sql.internal.CapacityDependentDdlType@3f06ebe0) replaced previous registration(org.hibernate.type.descriptor.sql.internal.CapacityDependentDdlType@1752e45c)
2024-06-01T15:10:44.224+01:00 DEBUG 10160 --- [Training_management] [main] o.h.t.d.sql.spi.DdlTypeRegistry          : addDescriptor(-9, org.hibernate.type.descriptor.sql.internal.CapacityDependentDdlType@5ed65e4b) replaced previous registration(org.hibernate.type.descriptor.sql.internal.CapacityDependentDdlType@481ed95c)
2024-06-01T15:10:44.224+01:00 DEBUG 10160 --- [Training_management] [main] o.h.t.d.sql.spi.DdlTypeRegistry          : addDescriptor(-3, org.hibernate.type.descriptor.sql.internal.CapacityDependentDdlType@40cf6254) replaced previous registration(org.hibernate.type.descriptor.sql.internal.CapacityDependentDdlType@40bf0e15)
2024-06-01T15:10:44.224+01:00 DEBUG 10160 --- [Training_management] [main] o.h.t.d.sql.spi.DdlTypeRegistry          : addDescriptor(4003, org.hibernate.type.descriptor.sql.internal.DdlTypeImpl@2c77344f) replaced previous registration(org.hibernate.type.descriptor.sql.internal.DdlTypeImpl@121ddca4)
2024-06-01T15:10:44.224+01:00 DEBUG 10160 --- [Training_management] [main] o.h.t.d.sql.spi.DdlTypeRegistry          : addDescriptor(4001, org.hibernate.type.descriptor.sql.internal.DdlTypeImpl@297bd171) replaced previous registration(org.hibernate.type.descriptor.sql.internal.DdlTypeImpl@118cbded)
2024-06-01T15:10:44.224+01:00 DEBUG 10160 --- [Training_management] [main] o.h.t.d.sql.spi.DdlTypeRegistry          : addDescriptor(4002, org.hibernate.type.descriptor.sql.internal.DdlTypeImpl@4cc26df) replaced previous registration(org.hibernate.type.descriptor.sql.internal.DdlTypeImpl@7848321e)
2024-06-01T15:10:44.224+01:00 DEBUG 10160 --- [Training_management] [main] o.h.t.d.sql.spi.DdlTypeRegistry          : addDescriptor(2004, org.hibernate.type.descriptor.sql.internal.CapacityDependentDdlType@f4f843f) replaced previous registration(org.hibernate.type.descriptor.sql.internal.DdlTypeImpl@7b5833ee)
2024-06-01T15:10:44.231+01:00 DEBUG 10160 --- [Training_management] [main] o.h.t.d.sql.spi.DdlTypeRegistry          : addDescriptor(2005, org.hibernate.type.descriptor.sql.internal.CapacityDependentDdlType@1e471884) replaced previous registration(org.hibernate.type.descriptor.sql.internal.DdlTypeImpl@27261190)
2024-06-01T15:10:44.232+01:00 DEBUG 10160 --- [Training_management] [main] o.h.t.d.sql.spi.DdlTypeRegistry          : addDescriptor(2011, org.hibernate.type.descriptor.sql.internal.CapacityDependentDdlType@543b0737) replaced previous registration(org.hibernate.type.descriptor.sql.internal.DdlTypeImpl@6e46891d)
2024-06-01T15:10:44.233+01:00 DEBUG 10160 --- [Training_management] [main] o.h.t.d.jdbc.spi.JdbcTypeRegistry        : addDescriptor(NCharTypeDescriptor) replaced previous registration(CharTypeDescriptor)
2024-06-01T15:10:44.233+01:00 DEBUG 10160 --- [Training_management] [main] o.h.t.d.jdbc.spi.JdbcTypeRegistry        : addDescriptor(NVarcharTypeDescriptor) replaced previous registration(VarcharTypeDescriptor)
2024-06-01T15:10:44.233+01:00 DEBUG 10160 --- [Training_management] [main] o.h.t.d.jdbc.spi.JdbcTypeRegistry        : addDescriptor(LongNVarcharTypeDescriptor) replaced previous registration(LongVarcharTypeDescriptor)
2024-06-01T15:10:44.233+01:00 DEBUG 10160 --- [Training_management] [main] o.h.t.d.jdbc.spi.JdbcTypeRegistry        : addDescriptor(NClobTypeDescriptor(DEFAULT)) replaced previous registration(ClobTypeDescriptor(DEFAULT))
2024-06-01T15:10:44.233+01:00 DEBUG 10160 --- [Training_management] [main] o.h.t.d.jdbc.spi.JdbcTypeRegistry        : addDescriptor(2005, ClobTypeDescriptor(STREAM_BINDING)) replaced previous registration(ClobTypeDescriptor(DEFAULT))
2024-06-01T15:10:44.251+01:00 DEBUG 10160 --- [Training_management] [main] org.hibernate.type.BasicTypeRegistry     : Adding type registration null -> org.hibernate.type.NullType@2eb6d34a
2024-06-01T15:10:44.252+01:00 DEBUG 10160 --- [Training_management] [main] org.hibernate.type.BasicTypeRegistry     : Type registration key [null] overrode previous entry : `org.hibernate.type.NullType@489bc8fd`
2024-06-01T15:10:44.270+01:00 DEBUG 10160 --- [Training_management] [main] org.hibernate.type.BasicTypeRegistry     : Adding type registration org.hibernate.type.DurationType -> basicType@1(java.time.Duration,3015)
2024-06-01T15:10:44.270+01:00 DEBUG 10160 --- [Training_management] [main] org.hibernate.type.BasicTypeRegistry     : Adding type registration Duration -> basicType@1(java.time.Duration,3015)
2024-06-01T15:10:44.270+01:00 DEBUG 10160 --- [Training_management] [main] org.hibernate.type.BasicTypeRegistry     : Adding type registration java.time.Duration -> basicType@1(java.time.Duration,3015)
2024-06-01T15:10:44.280+01:00 DEBUG 10160 --- [Training_management] [main] org.hibernate.type.BasicTypeRegistry     : Adding type registration org.hibernate.type.OffsetDateTimeType -> basicType@2(java.time.OffsetDateTime,3003)
2024-06-01T15:10:44.281+01:00 DEBUG 10160 --- [Training_management] [main] org.hibernate.type.BasicTypeRegistry     : Adding type registration OffsetDateTime -> basicType@2(java.time.OffsetDateTime,3003)
2024-06-01T15:10:44.281+01:00 DEBUG 10160 --- [Training_management] [main] org.hibernate.type.BasicTypeRegistry     : Adding type registration java.time.OffsetDateTime -> basicType@2(java.time.OffsetDateTime,3003)
2024-06-01T15:10:44.281+01:00 DEBUG 10160 --- [Training_management] [main] org.hibernate.type.BasicTypeRegistry     : Adding type registration org.hibernate.type.ZonedDateTimeType -> basicType@3(java.time.ZonedDateTime,3003)
2024-06-01T15:10:44.281+01:00 DEBUG 10160 --- [Training_management] [main] org.hibernate.type.BasicTypeRegistry     : Adding type registration ZonedDateTime -> basicType@3(java.time.ZonedDateTime,3003)
2024-06-01T15:10:44.281+01:00 DEBUG 10160 --- [Training_management] [main] org.hibernate.type.BasicTypeRegistry     : Adding type registration java.time.ZonedDateTime -> basicType@3(java.time.ZonedDateTime,3003)
2024-06-01T15:10:44.288+01:00 DEBUG 10160 --- [Training_management] [main] org.hibernate.type.BasicTypeRegistry     : Adding type registration org.hibernate.type.OffsetTimeType -> basicType@4(java.time.OffsetTime,3007)
2024-06-01T15:10:44.288+01:00 DEBUG 10160 --- [Training_management] [main] org.hibernate.type.BasicTypeRegistry     : Adding type registration OffsetTime -> basicType@4(java.time.OffsetTime,3007)
2024-06-01T15:10:44.289+01:00 DEBUG 10160 --- [Training_management] [main] org.hibernate.type.BasicTypeRegistry     : Adding type registration java.time.OffsetTime -> basicType@4(java.time.OffsetTime,3007)
2024-06-01T15:10:44.293+01:00 DEBUG 10160 --- [Training_management] [main] o.h.type.spi.TypeConfiguration$Scope     : Scoping TypeConfiguration [org.hibernate.type.spi.TypeConfiguration@915d7c4] to MetadataBuildingContext [org.hibernate.boot.internal.MetadataBuildingContextRootImpl@2513155a]
2024-06-01T15:10:45.090+01:00  WARN 10160 --- [Training_management] [main] org.hibernate.mapping.RootClass          : HHH000038: Composite-id class does not override equals(): net.java.Training_management.entities.AvancementId
2024-06-01T15:10:45.092+01:00  WARN 10160 --- [Training_management] [main] org.hibernate.mapping.RootClass          : HHH000039: Composite-id class does not override hashCode(): net.java.Training_management.entities.AvancementId
2024-06-01T15:10:45.820+01:00  INFO 10160 --- [Training_management] [main] o.h.m.i.EntityInstantiatorPojoStandard   : HHH000182: No default (no-argument) constructor for class: net.java.Training_management.entities.Participant (class must be instantiated by Interceptor)
2024-06-01T15:10:45.960+01:00  INFO 10160 --- [Training_management] [main] o.h.m.i.EntityInstantiatorPojoStandard   : HHH000182: No default (no-argument) constructor for class: net.java.Training_management.entities.Administrateur (class must be instantiated by Interceptor)
2024-06-01T15:10:46.365+01:00  INFO 10160 --- [Training_management] [main] o.h.e.t.j.p.i.JtaPlatformInitiator       : HHH000489: No JTA platform available (set 'hibernate.transaction.jta.platform' to enable JTA platform integration)
2024-06-01T15:10:46.367+01:00 DEBUG 10160 --- [Training_management] [main] o.h.type.spi.TypeConfiguration$Scope     : Scoping TypeConfiguration [org.hibernate.type.spi.TypeConfiguration@915d7c4] to SessionFactoryImplementor [org.hibernate.internal.SessionFactoryImpl@3dc7c5fd]
2024-06-01T15:10:46.613+01:00 TRACE 10160 --- [Training_management] [main] o.h.type.spi.TypeConfiguration$Scope     : Handling #sessionFactoryCreated from [org.hibernate.internal.SessionFactoryImpl@3dc7c5fd] for TypeConfiguration
2024-06-01T15:10:46.614+01:00  INFO 10160 --- [Training_management] [main] j.LocalContainerEntityManagerFactoryBean : Initialized JPA EntityManagerFactory for persistence unit 'default'
2024-06-01T15:10:47.226+01:00  INFO 10160 --- [Training_management] [main] o.s.d.j.r.query.QueryEnhancerFactory     : Hibernate is in classpath; If applicable, HQL parser will be used.
2024-06-01T15:10:48.380+01:00  WARN 10160 --- [Training_management] [main] JpaBaseConfiguration$JpaWebConfiguration : spring.jpa.open-in-view is enabled by default. Therefore, database queries may be performed during view rendering. Explicitly configure spring.jpa.open-in-view to disable this warning
2024-06-01T15:10:48.626+01:00 DEBUG 10160 --- [Training_management] [main] s.w.s.m.m.a.RequestMappingHandlerMapping : 29 mappings in 'requestMappingHandlerMapping'
2024-06-01T15:10:48.779+01:00 DEBUG 10160 --- [Training_management] [main] o.s.w.s.handler.SimpleUrlHandlerMapping  : Patterns [/webjars/**, /**] in 'resourceHandlerMapping'
2024-06-01T15:10:48.849+01:00 DEBUG 10160 --- [Training_management] [main] s.w.s.m.m.a.RequestMappingHandlerAdapter : ControllerAdvice beans: 0 @ModelAttribute, 0 @InitBinder, 1 RequestBodyAdvice, 1 ResponseBodyAdvice
2024-06-01T15:10:48.917+01:00 DEBUG 10160 --- [Training_management] [main] .m.m.a.ExceptionHandlerExceptionResolver : ControllerAdvice beans: 0 @ExceptionHandler, 1 ResponseBodyAdvice
2024-06-01T15:10:49.111+01:00  INFO 10160 --- [Training_management] [main] o.s.b.w.embedded.tomcat.TomcatWebServer  : Tomcat started on port 8080 (http) with context path ''
2024-06-01T15:10:49.130+01:00  INFO 10160 --- [Training_management] [main] n.j.T.TrainingManagementApplication      : Started TrainingManagementApplication in 12.401 seconds (process running for 13.491)
2024-06-01T15:14:01.869+01:00  INFO 10160 --- [Training_management] [SpringApplicationShutdownHook] j.LocalContainerEntityManagerFactoryBean : Closing JPA EntityManagerFactory for persistence unit 'default'
2024-06-01T15:14:01.871+01:00 TRACE 10160 --- [Training_management] [SpringApplicationShutdownHook] o.h.type.spi.TypeConfiguration$Scope     : Handling #sessionFactoryClosed from [org.hibernate.internal.SessionFactoryImpl@3dc7c5fd] for TypeConfiguration
2024-06-01T15:14:01.871+01:00 DEBUG 10160 --- [Training_management] [SpringApplicationShutdownHook] o.h.type.spi.TypeConfiguration$Scope     : Un-scoping TypeConfiguration [org.hibernate.type.spi.TypeConfiguration$Scope@3f955db6] from SessionFactory [org.hibernate.internal.SessionFactoryImpl@3dc7c5fd]
2024-06-01T15:14:01.873+01:00  INFO 10160 --- [Training_management] [SpringApplicationShutdownHook] com.zaxxer.hikari.HikariDataSource       : HikariPool-1 - Shutdown initiated...
2024-06-01T15:14:01.889+01:00  INFO 10160 --- [Training_management] [SpringApplicationShutdownHook] com.zaxxer.hikari.HikariDataSource       : HikariPool-1 - Shutdown completed.
2024-06-01T15:14:11.970+01:00  INFO 2824 --- [Training_management] [main] n.j.T.TrainingManagementApplication      : Starting TrainingManagementApplication using Java 22.0.1 with PID 2824 (C:\Users\dell\Desktop\Training_management (2)\Training_management\Training_management\target\classes started by dell in C:\Users\dell\Desktop\Training_management (2))
2024-06-01T15:14:11.994+01:00  INFO 2824 --- [Training_management] [main] n.j.T.TrainingManagementApplication      : No active profile set, falling back to 1 default profile: "default"
2024-06-01T15:14:13.589+01:00  INFO 2824 --- [Training_management] [main] .s.d.r.c.RepositoryConfigurationDelegate : Bootstrapping Spring Data JPA repositories in DEFAULT mode.
2024-06-01T15:14:13.867+01:00  INFO 2824 --- [Training_management] [main] .s.d.r.c.RepositoryConfigurationDelegate : Finished Spring Data repository scanning in 256 ms. Found 9 JPA repository interfaces.
2024-06-01T15:14:16.465+01:00  INFO 2824 --- [Training_management] [main] o.s.b.w.embedded.tomcat.TomcatWebServer  : Tomcat initialized with port 8080 (http)
2024-06-01T15:14:16.515+01:00  INFO 2824 --- [Training_management] [main] o.apache.catalina.core.StandardService   : Starting service [Tomcat]
2024-06-01T15:14:16.515+01:00  INFO 2824 --- [Training_management] [main] o.apache.catalina.core.StandardEngine    : Starting Servlet engine: [Apache Tomcat/10.1.20]
2024-06-01T15:14:16.748+01:00  INFO 2824 --- [Training_management] [main] o.a.c.c.C.[Tomcat].[localhost].[/]       : Initializing Spring embedded WebApplicationContext
2024-06-01T15:14:16.748+01:00  INFO 2824 --- [Training_management] [main] w.s.c.ServletWebServerApplicationContext : Root WebApplicationContext: initialization completed in 4616 ms
2024-06-01T15:14:17.298+01:00  INFO 2824 --- [Training_management] [main] o.hibernate.jpa.internal.util.LogHelper  : HHH000204: Processing PersistenceUnitInfo [name: default]
2024-06-01T15:14:17.510+01:00  INFO 2824 --- [Training_management] [main] org.hibernate.Version                    : HHH000412: Hibernate ORM core version 6.4.4.Final
2024-06-01T15:14:17.632+01:00  INFO 2824 --- [Training_management] [main] o.h.c.internal.RegionFactoryInitiator    : HHH000026: Second-level cache disabled
2024-06-01T15:14:17.890+01:00 DEBUG 2824 --- [Training_management] [main] org.hibernate.type.BasicTypeRegistry     : Adding type registration boolean -> org.hibernate.type.BasicTypeReference@36c7cbe1
2024-06-01T15:14:17.890+01:00 DEBUG 2824 --- [Training_management] [main] org.hibernate.type.BasicTypeRegistry     : Adding type registration boolean -> org.hibernate.type.BasicTypeReference@36c7cbe1
2024-06-01T15:14:17.890+01:00 DEBUG 2824 --- [Training_management] [main] org.hibernate.type.BasicTypeRegistry     : Adding type registration java.lang.Boolean -> org.hibernate.type.BasicTypeReference@36c7cbe1
2024-06-01T15:14:17.890+01:00 DEBUG 2824 --- [Training_management] [main] org.hibernate.type.BasicTypeRegistry     : Adding type registration numeric_boolean -> org.hibernate.type.BasicTypeReference@1ac6dd3d
2024-06-01T15:14:17.890+01:00 DEBUG 2824 --- [Training_management] [main] org.hibernate.type.BasicTypeRegistry     : Adding type registration org.hibernate.type.NumericBooleanConverter -> org.hibernate.type.BasicTypeReference@1ac6dd3d
2024-06-01T15:14:17.890+01:00 DEBUG 2824 --- [Training_management] [main] org.hibernate.type.BasicTypeRegistry     : Adding type registration true_false -> org.hibernate.type.BasicTypeReference@562919fe
2024-06-01T15:14:17.890+01:00 DEBUG 2824 --- [Training_management] [main] org.hibernate.type.BasicTypeRegistry     : Adding type registration org.hibernate.type.TrueFalseConverter -> org.hibernate.type.BasicTypeReference@562919fe
2024-06-01T15:14:17.890+01:00 DEBUG 2824 --- [Training_management] [main] org.hibernate.type.BasicTypeRegistry     : Adding type registration yes_no -> org.hibernate.type.BasicTypeReference@794f11cd
2024-06-01T15:14:17.897+01:00 DEBUG 2824 --- [Training_management] [main] org.hibernate.type.BasicTypeRegistry     : Adding type registration org.hibernate.type.YesNoConverter -> org.hibernate.type.BasicTypeReference@794f11cd
2024-06-01T15:14:17.897+01:00 DEBUG 2824 --- [Training_management] [main] org.hibernate.type.BasicTypeRegistry     : Adding type registration byte -> org.hibernate.type.BasicTypeReference@715f45c6
2024-06-01T15:14:17.897+01:00 DEBUG 2824 --- [Training_management] [main] org.hibernate.type.BasicTypeRegistry     : Adding type registration byte -> org.hibernate.type.BasicTypeReference@715f45c6
2024-06-01T15:14:17.897+01:00 DEBUG 2824 --- [Training_management] [main] org.hibernate.type.BasicTypeRegistry     : Adding type registration java.lang.Byte -> org.hibernate.type.BasicTypeReference@715f45c6
2024-06-01T15:14:17.898+01:00 DEBUG 2824 --- [Training_management] [main] org.hibernate.type.BasicTypeRegistry     : Adding type registration binary -> org.hibernate.type.BasicTypeReference@5d5c41e5
2024-06-01T15:14:17.898+01:00 DEBUG 2824 --- [Training_management] [main] org.hibernate.type.BasicTypeRegistry     : Adding type registration byte[] -> org.hibernate.type.BasicTypeReference@5d5c41e5
2024-06-01T15:14:17.898+01:00 DEBUG 2824 --- [Training_management] [main] org.hibernate.type.BasicTypeRegistry     : Adding type registration [B -> org.hibernate.type.BasicTypeReference@5d5c41e5
2024-06-01T15:14:17.898+01:00 DEBUG 2824 --- [Training_management] [main] org.hibernate.type.BasicTypeRegistry     : Adding type registration binary_wrapper -> org.hibernate.type.BasicTypeReference@43245559
2024-06-01T15:14:17.898+01:00 DEBUG 2824 --- [Training_management] [main] org.hibernate.type.BasicTypeRegistry     : Adding type registration wrapper-binary -> org.hibernate.type.BasicTypeReference@43245559
2024-06-01T15:14:17.898+01:00 DEBUG 2824 --- [Training_management] [main] org.hibernate.type.BasicTypeRegistry     : Adding type registration image -> org.hibernate.type.BasicTypeReference@42e4e589
2024-06-01T15:14:17.898+01:00 DEBUG 2824 --- [Training_management] [main] org.hibernate.type.BasicTypeRegistry     : Adding type registration blob -> org.hibernate.type.BasicTypeReference@499ee966
2024-06-01T15:14:17.898+01:00 DEBUG 2824 --- [Training_management] [main] org.hibernate.type.BasicTypeRegistry     : Adding type registration java.sql.Blob -> org.hibernate.type.BasicTypeReference@499ee966
2024-06-01T15:14:17.898+01:00 DEBUG 2824 --- [Training_management] [main] org.hibernate.type.BasicTypeRegistry     : Adding type registration materialized_blob -> org.hibernate.type.BasicTypeReference@76f2dad9
2024-06-01T15:14:17.898+01:00 DEBUG 2824 --- [Training_management] [main] org.hibernate.type.BasicTypeRegistry     : Adding type registration materialized_blob_wrapper -> org.hibernate.type.BasicTypeReference@171dc7c3
2024-06-01T15:14:17.898+01:00 DEBUG 2824 --- [Training_management] [main] org.hibernate.type.BasicTypeRegistry     : Adding type registration short -> org.hibernate.type.BasicTypeReference@72b0a004
2024-06-01T15:14:17.898+01:00 DEBUG 2824 --- [Training_management] [main] org.hibernate.type.BasicTypeRegistry     : Adding type registration short -> org.hibernate.type.BasicTypeReference@72b0a004
2024-06-01T15:14:17.898+01:00 DEBUG 2824 --- [Training_management] [main] org.hibernate.type.BasicTypeRegistry     : Adding type registration java.lang.Short -> org.hibernate.type.BasicTypeReference@72b0a004
2024-06-01T15:14:17.898+01:00 DEBUG 2824 --- [Training_management] [main] org.hibernate.type.BasicTypeRegistry     : Adding type registration integer -> org.hibernate.type.BasicTypeReference@4cdba2ed
2024-06-01T15:14:17.898+01:00 DEBUG 2824 --- [Training_management] [main] org.hibernate.type.BasicTypeRegistry     : Adding type registration int -> org.hibernate.type.BasicTypeReference@4cdba2ed
2024-06-01T15:14:17.898+01:00 DEBUG 2824 --- [Training_management] [main] org.hibernate.type.BasicTypeRegistry     : Adding type registration java.lang.Integer -> org.hibernate.type.BasicTypeReference@4cdba2ed
2024-06-01T15:14:17.898+01:00 DEBUG 2824 --- [Training_management] [main] org.hibernate.type.BasicTypeRegistry     : Adding type registration long -> org.hibernate.type.BasicTypeReference@2c1f8dbd
2024-06-01T15:14:17.898+01:00 DEBUG 2824 --- [Training_management] [main] org.hibernate.type.BasicTypeRegistry     : Adding type registration long -> org.hibernate.type.BasicTypeReference@2c1f8dbd
2024-06-01T15:14:17.898+01:00 DEBUG 2824 --- [Training_management] [main] org.hibernate.type.BasicTypeRegistry     : Adding type registration java.lang.Long -> org.hibernate.type.BasicTypeReference@2c1f8dbd
2024-06-01T15:14:17.898+01:00 DEBUG 2824 --- [Training_management] [main] org.hibernate.type.BasicTypeRegistry     : Adding type registration float -> org.hibernate.type.BasicTypeReference@55c57422
2024-06-01T15:14:17.898+01:00 DEBUG 2824 --- [Training_management] [main] org.hibernate.type.BasicTypeRegistry     : Adding type registration float -> org.hibernate.type.BasicTypeReference@55c57422
2024-06-01T15:14:17.898+01:00 DEBUG 2824 --- [Training_management] [main] org.hibernate.type.BasicTypeRegistry     : Adding type registration java.lang.Float -> org.hibernate.type.BasicTypeReference@55c57422
2024-06-01T15:14:17.898+01:00 DEBUG 2824 --- [Training_management] [main] org.hibernate.type.BasicTypeRegistry     : Adding type registration double -> org.hibernate.type.BasicTypeReference@22825e1e
2024-06-01T15:14:17.898+01:00 DEBUG 2824 --- [Training_management] [main] org.hibernate.type.BasicTypeRegistry     : Adding type registration double -> org.hibernate.type.BasicTypeReference@22825e1e
2024-06-01T15:14:17.905+01:00 DEBUG 2824 --- [Training_management] [main] org.hibernate.type.BasicTypeRegistry     : Adding type registration java.lang.Double -> org.hibernate.type.BasicTypeReference@22825e1e
2024-06-01T15:14:17.905+01:00 DEBUG 2824 --- [Training_management] [main] org.hibernate.type.BasicTypeRegistry     : Adding type registration big_integer -> org.hibernate.type.BasicTypeReference@335f5c69
2024-06-01T15:14:17.906+01:00 DEBUG 2824 --- [Training_management] [main] org.hibernate.type.BasicTypeRegistry     : Adding type registration java.math.BigInteger -> org.hibernate.type.BasicTypeReference@335f5c69
2024-06-01T15:14:17.906+01:00 DEBUG 2824 --- [Training_management] [main] org.hibernate.type.BasicTypeRegistry     : Adding type registration big_decimal -> org.hibernate.type.BasicTypeReference@63fd4dda
2024-06-01T15:14:17.907+01:00 DEBUG 2824 --- [Training_management] [main] org.hibernate.type.BasicTypeRegistry     : Adding type registration java.math.BigDecimal -> org.hibernate.type.BasicTypeReference@63fd4dda
2024-06-01T15:14:17.907+01:00 DEBUG 2824 --- [Training_management] [main] org.hibernate.type.BasicTypeRegistry     : Adding type registration character -> org.hibernate.type.BasicTypeReference@1d6751e3
2024-06-01T15:14:17.907+01:00 DEBUG 2824 --- [Training_management] [main] org.hibernate.type.BasicTypeRegistry     : Adding type registration char -> org.hibernate.type.BasicTypeReference@1d6751e3
2024-06-01T15:14:17.907+01:00 DEBUG 2824 --- [Training_management] [main] org.hibernate.type.BasicTypeRegistry     : Adding type registration java.lang.Character -> org.hibernate.type.BasicTypeReference@1d6751e3
2024-06-01T15:14:17.908+01:00 DEBUG 2824 --- [Training_management] [main] org.hibernate.type.BasicTypeRegistry     : Adding type registration character_nchar -> org.hibernate.type.BasicTypeReference@2d258eff
2024-06-01T15:14:17.908+01:00 DEBUG 2824 --- [Training_management] [main] org.hibernate.type.BasicTypeRegistry     : Adding type registration string -> org.hibernate.type.BasicTypeReference@64502326
2024-06-01T15:14:17.908+01:00 DEBUG 2824 --- [Training_management] [main] org.hibernate.type.BasicTypeRegistry     : Adding type registration java.lang.String -> org.hibernate.type.BasicTypeReference@64502326
2024-06-01T15:14:17.908+01:00 DEBUG 2824 --- [Training_management] [main] org.hibernate.type.BasicTypeRegistry     : Adding type registration nstring -> org.hibernate.type.BasicTypeReference@6dca31eb
2024-06-01T15:14:17.909+01:00 DEBUG 2824 --- [Training_management] [main] org.hibernate.type.BasicTypeRegistry     : Adding type registration characters -> org.hibernate.type.BasicTypeReference@4a058df8
2024-06-01T15:14:17.909+01:00 DEBUG 2824 --- [Training_management] [main] org.hibernate.type.BasicTypeRegistry     : Adding type registration char[] -> org.hibernate.type.BasicTypeReference@4a058df8
2024-06-01T15:14:17.909+01:00 DEBUG 2824 --- [Training_management] [main] org.hibernate.type.BasicTypeRegistry     : Adding type registration [C -> org.hibernate.type.BasicTypeReference@4a058df8
2024-06-01T15:14:17.909+01:00 DEBUG 2824 --- [Training_management] [main] org.hibernate.type.BasicTypeRegistry     : Adding type registration wrapper-characters -> org.hibernate.type.BasicTypeReference@4b56b031
2024-06-01T15:14:17.910+01:00 DEBUG 2824 --- [Training_management] [main] org.hibernate.type.BasicTypeRegistry     : Adding type registration text -> org.hibernate.type.BasicTypeReference@2e7af36e
2024-06-01T15:14:17.910+01:00 DEBUG 2824 --- [Training_management] [main] org.hibernate.type.BasicTypeRegistry     : Adding type registration ntext -> org.hibernate.type.BasicTypeReference@1283ca23
2024-06-01T15:14:17.910+01:00 DEBUG 2824 --- [Training_management] [main] org.hibernate.type.BasicTypeRegistry     : Adding type registration clob -> org.hibernate.type.BasicTypeReference@740fefc6
2024-06-01T15:14:17.910+01:00 DEBUG 2824 --- [Training_management] [main] org.hibernate.type.BasicTypeRegistry     : Adding type registration java.sql.Clob -> org.hibernate.type.BasicTypeReference@740fefc6
2024-06-01T15:14:17.911+01:00 DEBUG 2824 --- [Training_management] [main] org.hibernate.type.BasicTypeRegistry     : Adding type registration nclob -> org.hibernate.type.BasicTypeReference@aa61e4e
2024-06-01T15:14:17.911+01:00 DEBUG 2824 --- [Training_management] [main] org.hibernate.type.BasicTypeRegistry     : Adding type registration java.sql.NClob -> org.hibernate.type.BasicTypeReference@aa61e4e
2024-06-01T15:14:17.911+01:00 DEBUG 2824 --- [Training_management] [main] org.hibernate.type.BasicTypeRegistry     : Adding type registration materialized_clob -> org.hibernate.type.BasicTypeReference@733e6df7
2024-06-01T15:14:17.911+01:00 DEBUG 2824 --- [Training_management] [main] org.hibernate.type.BasicTypeRegistry     : Adding type registration materialized_clob_char_array -> org.hibernate.type.BasicTypeReference@7fe07361
2024-06-01T15:14:17.911+01:00 DEBUG 2824 --- [Training_management] [main] org.hibernate.type.BasicTypeRegistry     : Adding type registration materialized_clob_character_array -> org.hibernate.type.BasicTypeReference@741ac284
2024-06-01T15:14:17.911+01:00 DEBUG 2824 --- [Training_management] [main] org.hibernate.type.BasicTypeRegistry     : Adding type registration materialized_nclob -> org.hibernate.type.BasicTypeReference@4ef4f627
2024-06-01T15:14:17.912+01:00 DEBUG 2824 --- [Training_management] [main] org.hibernate.type.BasicTypeRegistry     : Adding type registration materialized_nclob_character_array -> org.hibernate.type.BasicTypeReference@4ea56bdb
2024-06-01T15:14:17.912+01:00 DEBUG 2824 --- [Training_management] [main] org.hibernate.type.BasicTypeRegistry     : Adding type registration materialized_nclob_char_array -> org.hibernate.type.BasicTypeReference@32227215
2024-06-01T15:14:17.913+01:00 DEBUG 2824 --- [Training_management] [main] org.hibernate.type.BasicTypeRegistry     : Adding type registration Duration -> org.hibernate.type.BasicTypeReference@108e9837
2024-06-01T15:14:17.914+01:00 DEBUG 2824 --- [Training_management] [main] org.hibernate.type.BasicTypeRegistry     : Adding type registration java.time.Duration -> org.hibernate.type.BasicTypeReference@108e9837
2024-06-01T15:14:17.914+01:00 DEBUG 2824 --- [Training_management] [main] org.hibernate.type.BasicTypeRegistry     : Adding type registration LocalDateTime -> org.hibernate.type.BasicTypeReference@79a201cf
2024-06-01T15:14:17.914+01:00 DEBUG 2824 --- [Training_management] [main] org.hibernate.type.BasicTypeRegistry     : Adding type registration java.time.LocalDateTime -> org.hibernate.type.BasicTypeReference@79a201cf
2024-06-01T15:14:17.915+01:00 DEBUG 2824 --- [Training_management] [main] org.hibernate.type.BasicTypeRegistry     : Adding type registration LocalDate -> org.hibernate.type.BasicTypeReference@1cbc5693
2024-06-01T15:14:17.915+01:00 DEBUG 2824 --- [Training_management] [main] org.hibernate.type.BasicTypeRegistry     : Adding type registration java.time.LocalDate -> org.hibernate.type.BasicTypeReference@1cbc5693
2024-06-01T15:14:17.915+01:00 DEBUG 2824 --- [Training_management] [main] org.hibernate.type.BasicTypeRegistry     : Adding type registration LocalTime -> org.hibernate.type.BasicTypeReference@3d2f3dcb
2024-06-01T15:14:17.916+01:00 DEBUG 2824 --- [Training_management] [main] org.hibernate.type.BasicTypeRegistry     : Adding type registration java.time.LocalTime -> org.hibernate.type.BasicTypeReference@3d2f3dcb
2024-06-01T15:14:17.916+01:00 DEBUG 2824 --- [Training_management] [main] org.hibernate.type.BasicTypeRegistry     : Adding type registration OffsetDateTime -> org.hibernate.type.BasicTypeReference@59845579
2024-06-01T15:14:17.917+01:00 DEBUG 2824 --- [Training_management] [main] org.hibernate.type.BasicTypeRegistry     : Adding type registration java.time.OffsetDateTime -> org.hibernate.type.BasicTypeReference@59845579
2024-06-01T15:14:17.918+01:00 DEBUG 2824 --- [Training_management] [main] org.hibernate.type.BasicTypeRegistry     : Adding type registration OffsetDateTimeWithTimezone -> org.hibernate.type.BasicTypeReference@30c19bff
2024-06-01T15:14:17.918+01:00 DEBUG 2824 --- [Training_management] [main] org.hibernate.type.BasicTypeRegistry     : Adding type registration OffsetDateTimeWithoutTimezone -> org.hibernate.type.BasicTypeReference@4e375bba
2024-06-01T15:14:17.918+01:00 DEBUG 2824 --- [Training_management] [main] org.hibernate.type.BasicTypeRegistry     : Adding type registration OffsetTime -> org.hibernate.type.BasicTypeReference@ab2e6d2
2024-06-01T15:14:17.918+01:00 DEBUG 2824 --- [Training_management] [main] org.hibernate.type.BasicTypeRegistry     : Adding type registration java.time.OffsetTime -> org.hibernate.type.BasicTypeReference@ab2e6d2
2024-06-01T15:14:17.918+01:00 DEBUG 2824 --- [Training_management] [main] org.hibernate.type.BasicTypeRegistry     : Adding type registration OffsetTimeUtc -> org.hibernate.type.BasicTypeReference@71664560
2024-06-01T15:14:17.918+01:00 DEBUG 2824 --- [Training_management] [main] org.hibernate.type.BasicTypeRegistry     : Adding type registration OffsetTimeWithTimezone -> org.hibernate.type.BasicTypeReference@4d4436d0
2024-06-01T15:14:17.918+01:00 DEBUG 2824 --- [Training_management] [main] org.hibernate.type.BasicTypeRegistry     : Adding type registration OffsetTimeWithoutTimezone -> org.hibernate.type.BasicTypeReference@39da5e49
2024-06-01T15:14:17.921+01:00 DEBUG 2824 --- [Training_management] [main] org.hibernate.type.BasicTypeRegistry     : Adding type registration ZonedDateTime -> org.hibernate.type.BasicTypeReference@2443abd6
2024-06-01T15:14:17.921+01:00 DEBUG 2824 --- [Training_management] [main] org.hibernate.type.BasicTypeRegistry     : Adding type registration java.time.ZonedDateTime -> org.hibernate.type.BasicTypeReference@2443abd6
2024-06-01T15:14:17.921+01:00 DEBUG 2824 --- [Training_management] [main] org.hibernate.type.BasicTypeRegistry     : Adding type registration ZonedDateTimeWithTimezone -> org.hibernate.type.BasicTypeReference@674da77b
2024-06-01T15:14:17.922+01:00 DEBUG 2824 --- [Training_management] [main] org.hibernate.type.BasicTypeRegistry     : Adding type registration ZonedDateTimeWithoutTimezone -> org.hibernate.type.BasicTypeReference@bd3eff4
2024-06-01T15:14:17.922+01:00 DEBUG 2824 --- [Training_management] [main] org.hibernate.type.BasicTypeRegistry     : Adding type registration date -> org.hibernate.type.BasicTypeReference@6010d0d1
2024-06-01T15:14:17.923+01:00 DEBUG 2824 --- [Training_management] [main] org.hibernate.type.BasicTypeRegistry     : Adding type registration java.sql.Date -> org.hibernate.type.BasicTypeReference@6010d0d1
2024-06-01T15:14:17.923+01:00 DEBUG 2824 --- [Training_management] [main] org.hibernate.type.BasicTypeRegistry     : Adding type registration time -> org.hibernate.type.BasicTypeReference@5934ca1e
2024-06-01T15:14:17.924+01:00 DEBUG 2824 --- [Training_management] [main] org.hibernate.type.BasicTypeRegistry     : Adding type registration java.sql.Time -> org.hibernate.type.BasicTypeReference@5934ca1e
2024-06-01T15:14:17.924+01:00 DEBUG 2824 --- [Training_management] [main] org.hibernate.type.BasicTypeRegistry     : Adding type registration timestamp -> org.hibernate.type.BasicTypeReference@5348d83c
2024-06-01T15:14:17.924+01:00 DEBUG 2824 --- [Training_management] [main] org.hibernate.type.BasicTypeRegistry     : Adding type registration java.sql.Timestamp -> org.hibernate.type.BasicTypeReference@5348d83c
2024-06-01T15:14:17.925+01:00 DEBUG 2824 --- [Training_management] [main] org.hibernate.type.BasicTypeRegistry     : Adding type registration java.util.Date -> org.hibernate.type.BasicTypeReference@5348d83c
2024-06-01T15:14:17.925+01:00 DEBUG 2824 --- [Training_management] [main] org.hibernate.type.BasicTypeRegistry     : Adding type registration calendar -> org.hibernate.type.BasicTypeReference@477021ee
2024-06-01T15:14:17.925+01:00 DEBUG 2824 --- [Training_management] [main] org.hibernate.type.BasicTypeRegistry     : Adding type registration java.util.Calendar -> org.hibernate.type.BasicTypeReference@477021ee
2024-06-01T15:14:17.925+01:00 DEBUG 2824 --- [Training_management] [main] org.hibernate.type.BasicTypeRegistry     : Adding type registration java.util.GregorianCalendar -> org.hibernate.type.BasicTypeReference@477021ee
2024-06-01T15:14:17.925+01:00 DEBUG 2824 --- [Training_management] [main] org.hibernate.type.BasicTypeRegistry     : Adding type registration calendar_date -> org.hibernate.type.BasicTypeReference@2180e789
2024-06-01T15:14:17.925+01:00 DEBUG 2824 --- [Training_management] [main] org.hibernate.type.BasicTypeRegistry     : Adding type registration calendar_time -> org.hibernate.type.BasicTypeReference@5e9bbd9d
2024-06-01T15:14:17.930+01:00 DEBUG 2824 --- [Training_management] [main] org.hibernate.type.BasicTypeRegistry     : Adding type registration instant -> org.hibernate.type.BasicTypeReference@4b87074a
2024-06-01T15:14:17.930+01:00 DEBUG 2824 --- [Training_management] [main] org.hibernate.type.BasicTypeRegistry     : Adding type registration java.time.Instant -> org.hibernate.type.BasicTypeReference@4b87074a
2024-06-01T15:14:17.930+01:00 DEBUG 2824 --- [Training_management] [main] org.hibernate.type.BasicTypeRegistry     : Adding type registration uuid -> org.hibernate.type.BasicTypeReference@d3e3085
2024-06-01T15:14:17.930+01:00 DEBUG 2824 --- [Training_management] [main] org.hibernate.type.BasicTypeRegistry     : Adding type registration java.util.UUID -> org.hibernate.type.BasicTypeReference@d3e3085
2024-06-01T15:14:17.931+01:00 DEBUG 2824 --- [Training_management] [main] org.hibernate.type.BasicTypeRegistry     : Adding type registration pg-uuid -> org.hibernate.type.BasicTypeReference@d3e3085
2024-06-01T15:14:17.931+01:00 DEBUG 2824 --- [Training_management] [main] org.hibernate.type.BasicTypeRegistry     : Adding type registration uuid-binary -> org.hibernate.type.BasicTypeReference@2ba42204
2024-06-01T15:14:17.931+01:00 DEBUG 2824 --- [Training_management] [main] org.hibernate.type.BasicTypeRegistry     : Adding type registration uuid-char -> org.hibernate.type.BasicTypeReference@285005b8
2024-06-01T15:14:17.931+01:00 DEBUG 2824 --- [Training_management] [main] org.hibernate.type.BasicTypeRegistry     : Adding type registration class -> org.hibernate.type.BasicTypeReference@5b1efaaf
2024-06-01T15:14:17.931+01:00 DEBUG 2824 --- [Training_management] [main] org.hibernate.type.BasicTypeRegistry     : Adding type registration java.lang.Class -> org.hibernate.type.BasicTypeReference@5b1efaaf
2024-06-01T15:14:17.931+01:00 DEBUG 2824 --- [Training_management] [main] org.hibernate.type.BasicTypeRegistry     : Adding type registration currency -> org.hibernate.type.BasicTypeReference@27585351
2024-06-01T15:14:17.931+01:00 DEBUG 2824 --- [Training_management] [main] org.hibernate.type.BasicTypeRegistry     : Adding type registration Currency -> org.hibernate.type.BasicTypeReference@27585351
2024-06-01T15:14:17.931+01:00 DEBUG 2824 --- [Training_management] [main] org.hibernate.type.BasicTypeRegistry     : Adding type registration java.util.Currency -> org.hibernate.type.BasicTypeReference@27585351
2024-06-01T15:14:17.932+01:00 DEBUG 2824 --- [Training_management] [main] org.hibernate.type.BasicTypeRegistry     : Adding type registration locale -> org.hibernate.type.BasicTypeReference@2de6f1bc
2024-06-01T15:14:17.932+01:00 DEBUG 2824 --- [Training_management] [main] org.hibernate.type.BasicTypeRegistry     : Adding type registration java.util.Locale -> org.hibernate.type.BasicTypeReference@2de6f1bc
2024-06-01T15:14:17.932+01:00 DEBUG 2824 --- [Training_management] [main] org.hibernate.type.BasicTypeRegistry     : Adding type registration serializable -> org.hibernate.type.BasicTypeReference@5b35c7d
2024-06-01T15:14:17.932+01:00 DEBUG 2824 --- [Training_management] [main] org.hibernate.type.BasicTypeRegistry     : Adding type registration java.io.Serializable -> org.hibernate.type.BasicTypeReference@5b35c7d
2024-06-01T15:14:17.933+01:00 DEBUG 2824 --- [Training_management] [main] org.hibernate.type.BasicTypeRegistry     : Adding type registration timezone -> org.hibernate.type.BasicTypeReference@29d405e6
2024-06-01T15:14:17.933+01:00 DEBUG 2824 --- [Training_management] [main] org.hibernate.type.BasicTypeRegistry     : Adding type registration java.util.TimeZone -> org.hibernate.type.BasicTypeReference@29d405e6
2024-06-01T15:14:17.933+01:00 DEBUG 2824 --- [Training_management] [main] org.hibernate.type.BasicTypeRegistry     : Adding type registration ZoneOffset -> org.hibernate.type.BasicTypeReference@4c731956
2024-06-01T15:14:17.933+01:00 DEBUG 2824 --- [Training_management] [main] org.hibernate.type.BasicTypeRegistry     : Adding type registration java.time.ZoneOffset -> org.hibernate.type.BasicTypeReference@4c731956
2024-06-01T15:14:17.933+01:00 DEBUG 2824 --- [Training_management] [main] org.hibernate.type.BasicTypeRegistry     : Adding type registration url -> org.hibernate.type.BasicTypeReference@56826a75
2024-06-01T15:14:17.934+01:00 DEBUG 2824 --- [Training_management] [main] org.hibernate.type.BasicTypeRegistry     : Adding type registration java.net.URL -> org.hibernate.type.BasicTypeReference@56826a75
2024-06-01T15:14:17.934+01:00 DEBUG 2824 --- [Training_management] [main] org.hibernate.type.BasicTypeRegistry     : Adding type registration vector -> org.hibernate.type.BasicTypeReference@49cd946c
2024-06-01T15:14:17.934+01:00 DEBUG 2824 --- [Training_management] [main] org.hibernate.type.BasicTypeRegistry     : Adding type registration row_version -> org.hibernate.type.BasicTypeReference@40bf4386
2024-06-01T15:14:17.944+01:00 DEBUG 2824 --- [Training_management] [main] org.hibernate.type.BasicTypeRegistry     : Adding type registration object -> org.hibernate.type.JavaObjectType@2506e949
2024-06-01T15:14:17.945+01:00 DEBUG 2824 --- [Training_management] [main] org.hibernate.type.BasicTypeRegistry     : Adding type registration java.lang.Object -> org.hibernate.type.JavaObjectType@2506e949
2024-06-01T15:14:17.947+01:00 DEBUG 2824 --- [Training_management] [main] org.hibernate.type.BasicTypeRegistry     : Adding type registration null -> org.hibernate.type.NullType@93501be
2024-06-01T15:14:17.948+01:00 DEBUG 2824 --- [Training_management] [main] org.hibernate.type.BasicTypeRegistry     : Adding type registration imm_date -> org.hibernate.type.BasicTypeReference@11d4d979
2024-06-01T15:14:17.949+01:00 DEBUG 2824 --- [Training_management] [main] org.hibernate.type.BasicTypeRegistry     : Adding type registration imm_time -> org.hibernate.type.BasicTypeReference@3c25cfe1
2024-06-01T15:14:17.949+01:00 DEBUG 2824 --- [Training_management] [main] org.hibernate.type.BasicTypeRegistry     : Adding type registration imm_timestamp -> org.hibernate.type.BasicTypeReference@1d3c112a
2024-06-01T15:14:17.949+01:00 DEBUG 2824 --- [Training_management] [main] org.hibernate.type.BasicTypeRegistry     : Adding type registration imm_calendar -> org.hibernate.type.BasicTypeReference@2a140ce5
2024-06-01T15:14:17.950+01:00 DEBUG 2824 --- [Training_management] [main] org.hibernate.type.BasicTypeRegistry     : Adding type registration imm_calendar_date -> org.hibernate.type.BasicTypeReference@1f71194d
2024-06-01T15:14:17.950+01:00 DEBUG 2824 --- [Training_management] [main] org.hibernate.type.BasicTypeRegistry     : Adding type registration imm_calendar_time -> org.hibernate.type.BasicTypeReference@db99785
2024-06-01T15:14:17.950+01:00 DEBUG 2824 --- [Training_management] [main] org.hibernate.type.BasicTypeRegistry     : Adding type registration imm_binary -> org.hibernate.type.BasicTypeReference@70716259
2024-06-01T15:14:17.950+01:00 DEBUG 2824 --- [Training_management] [main] org.hibernate.type.BasicTypeRegistry     : Adding type registration imm_serializable -> org.hibernate.type.BasicTypeReference@7a083b96
2024-06-01T15:14:18.392+01:00  INFO 2824 --- [Training_management] [main] o.s.o.j.p.SpringPersistenceUnitInfo      : No LoadTimeWeaver setup: ignoring JPA class transformer
2024-06-01T15:14:18.468+01:00  INFO 2824 --- [Training_management] [main] com.zaxxer.hikari.HikariDataSource       : HikariPool-1 - Starting...
2024-06-01T15:14:19.532+01:00  INFO 2824 --- [Training_management] [main] com.zaxxer.hikari.pool.HikariPool        : HikariPool-1 - Added connection com.mysql.cj.jdbc.ConnectionImpl@1d226f27
2024-06-01T15:14:19.532+01:00  INFO 2824 --- [Training_management] [main] com.zaxxer.hikari.HikariDataSource       : HikariPool-1 - Start completed.
2024-06-01T15:14:19.789+01:00  WARN 2824 --- [Training_management] [main] org.hibernate.orm.deprecation            : HHH90000025: MySQLDialect does not need to be specified explicitly using 'hibernate.dialect' (remove the property setting and it will be selected by default)
2024-06-01T15:14:20.033+01:00 DEBUG 2824 --- [Training_management] [main] o.h.t.d.sql.spi.DdlTypeRegistry          : addDescriptor(12, org.hibernate.type.descriptor.sql.internal.CapacityDependentDdlType@297bd171) replaced previous registration(org.hibernate.type.descriptor.sql.internal.CapacityDependentDdlType@118cbded)
2024-06-01T15:14:20.033+01:00 DEBUG 2824 --- [Training_management] [main] o.h.t.d.sql.spi.DdlTypeRegistry          : addDescriptor(-9, org.hibernate.type.descriptor.sql.internal.CapacityDependentDdlType@4cc26df) replaced previous registration(org.hibernate.type.descriptor.sql.internal.CapacityDependentDdlType@7848321e)
2024-06-01T15:14:20.033+01:00 DEBUG 2824 --- [Training_management] [main] o.h.t.d.sql.spi.DdlTypeRegistry          : addDescriptor(-3, org.hibernate.type.descriptor.sql.internal.CapacityDependentDdlType@f4f843f) replaced previous registration(org.hibernate.type.descriptor.sql.internal.CapacityDependentDdlType@7b5833ee)
2024-06-01T15:14:20.033+01:00 DEBUG 2824 --- [Training_management] [main] o.h.t.d.sql.spi.DdlTypeRegistry          : addDescriptor(4003, org.hibernate.type.descriptor.sql.internal.DdlTypeImpl@1e471884) replaced previous registration(org.hibernate.type.descriptor.sql.internal.DdlTypeImpl@27261190)
2024-06-01T15:14:20.033+01:00 DEBUG 2824 --- [Training_management] [main] o.h.t.d.sql.spi.DdlTypeRegistry          : addDescriptor(4001, org.hibernate.type.descriptor.sql.internal.DdlTypeImpl@543b0737) replaced previous registration(org.hibernate.type.descriptor.sql.internal.DdlTypeImpl@6e46891d)
2024-06-01T15:14:20.033+01:00 DEBUG 2824 --- [Training_management] [main] o.h.t.d.sql.spi.DdlTypeRegistry          : addDescriptor(4002, org.hibernate.type.descriptor.sql.internal.DdlTypeImpl@48632f69) replaced previous registration(org.hibernate.type.descriptor.sql.internal.DdlTypeImpl@5fde1d64)
2024-06-01T15:14:20.033+01:00 DEBUG 2824 --- [Training_management] [main] o.h.t.d.sql.spi.DdlTypeRegistry          : addDescriptor(2004, org.hibernate.type.descriptor.sql.internal.CapacityDependentDdlType@5350ab17) replaced previous registration(org.hibernate.type.descriptor.sql.internal.DdlTypeImpl@984de01)
2024-06-01T15:14:20.033+01:00 DEBUG 2824 --- [Training_management] [main] o.h.t.d.sql.spi.DdlTypeRegistry          : addDescriptor(2005, org.hibernate.type.descriptor.sql.internal.CapacityDependentDdlType@58cda03f) replaced previous registration(org.hibernate.type.descriptor.sql.internal.DdlTypeImpl@7757a37f)
2024-06-01T15:14:20.033+01:00 DEBUG 2824 --- [Training_management] [main] o.h.t.d.sql.spi.DdlTypeRegistry          : addDescriptor(2011, org.hibernate.type.descriptor.sql.internal.CapacityDependentDdlType@2109a691) replaced previous registration(org.hibernate.type.descriptor.sql.internal.DdlTypeImpl@e521067)
2024-06-01T15:14:20.044+01:00 DEBUG 2824 --- [Training_management] [main] o.h.t.d.jdbc.spi.JdbcTypeRegistry        : addDescriptor(NCharTypeDescriptor) replaced previous registration(CharTypeDescriptor)
2024-06-01T15:14:20.044+01:00 DEBUG 2824 --- [Training_management] [main] o.h.t.d.jdbc.spi.JdbcTypeRegistry        : addDescriptor(NVarcharTypeDescriptor) replaced previous registration(VarcharTypeDescriptor)
2024-06-01T15:14:20.045+01:00 DEBUG 2824 --- [Training_management] [main] o.h.t.d.jdbc.spi.JdbcTypeRegistry        : addDescriptor(LongNVarcharTypeDescriptor) replaced previous registration(LongVarcharTypeDescriptor)
2024-06-01T15:14:20.067+01:00 DEBUG 2824 --- [Training_management] [main] o.h.t.d.jdbc.spi.JdbcTypeRegistry        : addDescriptor(NClobTypeDescriptor(DEFAULT)) replaced previous registration(ClobTypeDescriptor(DEFAULT))
2024-06-01T15:14:20.070+01:00 DEBUG 2824 --- [Training_management] [main] o.h.t.d.jdbc.spi.JdbcTypeRegistry        : addDescriptor(2005, ClobTypeDescriptor(STREAM_BINDING)) replaced previous registration(ClobTypeDescriptor(DEFAULT))
2024-06-01T15:14:20.088+01:00 DEBUG 2824 --- [Training_management] [main] org.hibernate.type.BasicTypeRegistry     : Adding type registration null -> org.hibernate.type.NullType@52d9d817
2024-06-01T15:14:20.088+01:00 DEBUG 2824 --- [Training_management] [main] org.hibernate.type.BasicTypeRegistry     : Type registration key [null] overrode previous entry : `org.hibernate.type.NullType@93501be`
2024-06-01T15:14:20.113+01:00 DEBUG 2824 --- [Training_management] [main] org.hibernate.type.BasicTypeRegistry     : Adding type registration org.hibernate.type.DurationType -> basicType@1(java.time.Duration,3015)
2024-06-01T15:14:20.114+01:00 DEBUG 2824 --- [Training_management] [main] org.hibernate.type.BasicTypeRegistry     : Adding type registration Duration -> basicType@1(java.time.Duration,3015)
2024-06-01T15:14:20.116+01:00 DEBUG 2824 --- [Training_management] [main] org.hibernate.type.BasicTypeRegistry     : Adding type registration java.time.Duration -> basicType@1(java.time.Duration,3015)
2024-06-01T15:14:20.141+01:00 DEBUG 2824 --- [Training_management] [main] org.hibernate.type.BasicTypeRegistry     : Adding type registration org.hibernate.type.OffsetDateTimeType -> basicType@2(java.time.OffsetDateTime,3003)
2024-06-01T15:14:20.141+01:00 DEBUG 2824 --- [Training_management] [main] org.hibernate.type.BasicTypeRegistry     : Adding type registration OffsetDateTime -> basicType@2(java.time.OffsetDateTime,3003)
2024-06-01T15:14:20.142+01:00 DEBUG 2824 --- [Training_management] [main] org.hibernate.type.BasicTypeRegistry     : Adding type registration java.time.OffsetDateTime -> basicType@2(java.time.OffsetDateTime,3003)
2024-06-01T15:14:20.142+01:00 DEBUG 2824 --- [Training_management] [main] org.hibernate.type.BasicTypeRegistry     : Adding type registration org.hibernate.type.ZonedDateTimeType -> basicType@3(java.time.ZonedDateTime,3003)
2024-06-01T15:14:20.142+01:00 DEBUG 2824 --- [Training_management] [main] org.hibernate.type.BasicTypeRegistry     : Adding type registration ZonedDateTime -> basicType@3(java.time.ZonedDateTime,3003)
2024-06-01T15:14:20.147+01:00 DEBUG 2824 --- [Training_management] [main] org.hibernate.type.BasicTypeRegistry     : Adding type registration java.time.ZonedDateTime -> basicType@3(java.time.ZonedDateTime,3003)
2024-06-01T15:14:20.150+01:00 DEBUG 2824 --- [Training_management] [main] org.hibernate.type.BasicTypeRegistry     : Adding type registration org.hibernate.type.OffsetTimeType -> basicType@4(java.time.OffsetTime,3007)
2024-06-01T15:14:20.150+01:00 DEBUG 2824 --- [Training_management] [main] org.hibernate.type.BasicTypeRegistry     : Adding type registration OffsetTime -> basicType@4(java.time.OffsetTime,3007)
2024-06-01T15:14:20.150+01:00 DEBUG 2824 --- [Training_management] [main] org.hibernate.type.BasicTypeRegistry     : Adding type registration java.time.OffsetTime -> basicType@4(java.time.OffsetTime,3007)
2024-06-01T15:14:20.152+01:00 DEBUG 2824 --- [Training_management] [main] o.h.type.spi.TypeConfiguration$Scope     : Scoping TypeConfiguration [org.hibernate.type.spi.TypeConfiguration@66d2885c] to MetadataBuildingContext [org.hibernate.boot.internal.MetadataBuildingContextRootImpl@2bfc8558]
2024-06-01T15:14:21.259+01:00  WARN 2824 --- [Training_management] [main] org.hibernate.mapping.RootClass          : HHH000038: Composite-id class does not override equals(): net.java.Training_management.entities.AvancementId
2024-06-01T15:14:21.260+01:00  WARN 2824 --- [Training_management] [main] org.hibernate.mapping.RootClass          : HHH000039: Composite-id class does not override hashCode(): net.java.Training_management.entities.AvancementId
2024-06-01T15:14:22.433+01:00  INFO 2824 --- [Training_management] [main] o.h.m.i.EntityInstantiatorPojoStandard   : HHH000182: No default (no-argument) constructor for class: net.java.Training_management.entities.Participant (class must be instantiated by Interceptor)
2024-06-01T15:14:22.651+01:00  INFO 2824 --- [Training_management] [main] o.h.m.i.EntityInstantiatorPojoStandard   : HHH000182: No default (no-argument) constructor for class: net.java.Training_management.entities.Administrateur (class must be instantiated by Interceptor)
2024-06-01T15:14:23.255+01:00  INFO 2824 --- [Training_management] [main] o.h.e.t.j.p.i.JtaPlatformInitiator       : HHH000489: No JTA platform available (set 'hibernate.transaction.jta.platform' to enable JTA platform integration)
2024-06-01T15:14:23.255+01:00 DEBUG 2824 --- [Training_management] [main] o.h.type.spi.TypeConfiguration$Scope     : Scoping TypeConfiguration [org.hibernate.type.spi.TypeConfiguration@66d2885c] to SessionFactoryImplementor [org.hibernate.internal.SessionFactoryImpl@74e175c7]
2024-06-01T15:14:23.571+01:00 TRACE 2824 --- [Training_management] [main] o.h.type.spi.TypeConfiguration$Scope     : Handling #sessionFactoryCreated from [org.hibernate.internal.SessionFactoryImpl@74e175c7] for TypeConfiguration
2024-06-01T15:14:23.572+01:00  INFO 2824 --- [Training_management] [main] j.LocalContainerEntityManagerFactoryBean : Initialized JPA EntityManagerFactory for persistence unit 'default'
2024-06-01T15:14:24.573+01:00  INFO 2824 --- [Training_management] [main] o.s.d.j.r.query.QueryEnhancerFactory     : Hibernate is in classpath; If applicable, HQL parser will be used.
2024-06-01T15:14:26.771+01:00  WARN 2824 --- [Training_management] [main] JpaBaseConfiguration$JpaWebConfiguration : spring.jpa.open-in-view is enabled by default. Therefore, database queries may be performed during view rendering. Explicitly configure spring.jpa.open-in-view to disable this warning
2024-06-01T15:14:27.162+01:00 DEBUG 2824 --- [Training_management] [main] s.w.s.m.m.a.RequestMappingHandlerMapping : 29 mappings in 'requestMappingHandlerMapping'
2024-06-01T15:14:27.448+01:00 DEBUG 2824 --- [Training_management] [main] o.s.w.s.handler.SimpleUrlHandlerMapping  : Patterns [/webjars/**, /**] in 'resourceHandlerMapping'
2024-06-01T15:14:27.538+01:00 DEBUG 2824 --- [Training_management] [main] s.w.s.m.m.a.RequestMappingHandlerAdapter : ControllerAdvice beans: 0 @ModelAttribute, 0 @InitBinder, 1 RequestBodyAdvice, 1 ResponseBodyAdvice
2024-06-01T15:14:27.677+01:00 DEBUG 2824 --- [Training_management] [main] .m.m.a.ExceptionHandlerExceptionResolver : ControllerAdvice beans: 0 @ExceptionHandler, 1 ResponseBodyAdvice
2024-06-01T15:14:28.073+01:00  INFO 2824 --- [Training_management] [main] o.s.b.w.embedded.tomcat.TomcatWebServer  : Tomcat started on port 8080 (http) with context path ''
2024-06-01T15:14:28.122+01:00  INFO 2824 --- [Training_management] [main] n.j.T.TrainingManagementApplication      : Started TrainingManagementApplication in 17.381 seconds (process running for 18.537)
2024-06-01T15:15:55.879+01:00  INFO 2824 --- [Training_management] [http-nio-8080-exec-2] o.a.c.c.C.[Tomcat].[localhost].[/]       : Initializing Spring DispatcherServlet 'dispatcherServlet'
2024-06-01T15:15:55.879+01:00  INFO 2824 --- [Training_management] [http-nio-8080-exec-2] o.s.web.servlet.DispatcherServlet        : Initializing Servlet 'dispatcherServlet'
2024-06-01T15:15:55.879+01:00 DEBUG 2824 --- [Training_management] [http-nio-8080-exec-2] o.s.web.servlet.DispatcherServlet        : Detected StandardServletMultipartResolver
2024-06-01T15:15:55.879+01:00 DEBUG 2824 --- [Training_management] [http-nio-8080-exec-2] o.s.web.servlet.DispatcherServlet        : Detected AcceptHeaderLocaleResolver
2024-06-01T15:15:55.879+01:00 DEBUG 2824 --- [Training_management] [http-nio-8080-exec-2] o.s.web.servlet.DispatcherServlet        : Detected FixedThemeResolver
2024-06-01T15:15:55.887+01:00 DEBUG 2824 --- [Training_management] [http-nio-8080-exec-2] o.s.web.servlet.DispatcherServlet        : Detected org.springframework.web.servlet.view.DefaultRequestToViewNameTranslator@64aab3fd
2024-06-01T15:15:55.887+01:00 DEBUG 2824 --- [Training_management] [http-nio-8080-exec-2] o.s.web.servlet.DispatcherServlet        : Detected org.springframework.web.servlet.support.SessionFlashMapManager@31048b3d
2024-06-01T15:15:55.887+01:00 DEBUG 2824 --- [Training_management] [http-nio-8080-exec-2] o.s.web.servlet.DispatcherServlet        : enableLoggingRequestDetails='false': request parameters and headers will be masked to prevent unsafe logging of potentially sensitive data
2024-06-01T15:15:55.887+01:00  INFO 2824 --- [Training_management] [http-nio-8080-exec-2] o.s.web.servlet.DispatcherServlet        : Completed initialization in 8 ms
2024-06-01T15:15:55.912+01:00 DEBUG 2824 --- [Training_management] [http-nio-8080-exec-2] o.s.web.servlet.DispatcherServlet        : POST "/api/participants", parameters={}
2024-06-01T15:15:55.938+01:00 DEBUG 2824 --- [Training_management] [http-nio-8080-exec-2] s.w.s.m.m.a.RequestMappingHandlerMapping : Mapped to net.java.Training_management.controller.ParticipantController#CreateParticipant(ParticipantDTO)
2024-06-01T15:15:56.189+01:00 DEBUG 2824 --- [Training_management] [http-nio-8080-exec-2] m.m.a.RequestResponseBodyMethodProcessor : Read "application/json;charset=UTF-8" to [net.java.Training_management.DTO.ParticipantDTO@76685a40]
2024-06-01T15:15:56.221+01:00 DEBUG 2824 --- [Training_management] [http-nio-8080-exec-2] o.s.web.servlet.DispatcherServlet        : Failed to complete request: java.lang.NullPointerException: Cannot invoke "net.java.Training_management.service.ParticipantService.CreateParticipant(net.java.Training_management.DTO.ParticipantDTO)" because "this.participantService" is null
2024-06-01T15:15:56.221+01:00 ERROR 2824 --- [Training_management] [http-nio-8080-exec-2] o.a.c.c.C.[.[.[/].[dispatcherServlet]    : Servlet.service() for servlet [dispatcherServlet] in context with path [] threw exception [Request processing failed: java.lang.NullPointerException: Cannot invoke "net.java.Training_management.service.ParticipantService.CreateParticipant(net.java.Training_management.DTO.ParticipantDTO)" because "this.participantService" is null] with root cause

java.lang.NullPointerException: Cannot invoke "net.java.Training_management.service.ParticipantService.CreateParticipant(net.java.Training_management.DTO.ParticipantDTO)" because "this.participantService" is null
	at net.java.Training_management.controller.ParticipantController.CreateParticipant(ParticipantController.java:21) ~[classes/:na]
	at java.base/jdk.internal.reflect.DirectMethodHandleAccessor.invoke(DirectMethodHandleAccessor.java:103) ~[na:na]
	at java.base/java.lang.reflect.Method.invoke(Method.java:580) ~[na:na]
	at org.springframework.web.method.support.InvocableHandlerMethod.doInvoke(InvocableHandlerMethod.java:255) ~[spring-web-6.1.6.jar:6.1.6]
	at org.springframework.web.method.support.InvocableHandlerMethod.invokeForRequest(InvocableHandlerMethod.java:188) ~[spring-web-6.1.6.jar:6.1.6]
	at org.springframework.web.servlet.mvc.method.annotation.ServletInvocableHandlerMethod.invokeAndHandle(ServletInvocableHandlerMethod.java:118) ~[spring-webmvc-6.1.6.jar:6.1.6]
	at org.springframework.web.servlet.mvc.method.annotation.RequestMappingHandlerAdapter.invokeHandlerMethod(RequestMappingHandlerAdapter.java:926) ~[spring-webmvc-6.1.6.jar:6.1.6]
	at org.springframework.web.servlet.mvc.method.annotation.RequestMappingHandlerAdapter.handleInternal(RequestMappingHandlerAdapter.java:831) ~[spring-webmvc-6.1.6.jar:6.1.6]
	at org.springframework.web.servlet.mvc.method.AbstractHandlerMethodAdapter.handle(AbstractHandlerMethodAdapter.java:87) ~[spring-webmvc-6.1.6.jar:6.1.6]
	at org.springframework.web.servlet.DispatcherServlet.doDispatch(DispatcherServlet.java:1089) ~[spring-webmvc-6.1.6.jar:6.1.6]
	at org.springframework.web.servlet.DispatcherServlet.doService(DispatcherServlet.java:979) ~[spring-webmvc-6.1.6.jar:6.1.6]
	at org.springframework.web.servlet.FrameworkServlet.processRequest(FrameworkServlet.java:1014) ~[spring-webmvc-6.1.6.jar:6.1.6]
	at org.springframework.web.servlet.FrameworkServlet.doPost(FrameworkServlet.java:914) ~[spring-webmvc-6.1.6.jar:6.1.6]
	at jakarta.servlet.http.HttpServlet.service(HttpServlet.java:590) ~[tomcat-embed-core-10.1.20.jar:6.0]
	at org.springframework.web.servlet.FrameworkServlet.service(FrameworkServlet.java:885) ~[spring-webmvc-6.1.6.jar:6.1.6]
	at jakarta.servlet.http.HttpServlet.service(HttpServlet.java:658) ~[tomcat-embed-core-10.1.20.jar:6.0]
	at org.apache.catalina.core.ApplicationFilterChain.internalDoFilter(ApplicationFilterChain.java:206) ~[tomcat-embed-core-10.1.20.jar:10.1.20]
	at org.apache.catalina.core.ApplicationFilterChain.doFilter(ApplicationFilterChain.java:150) ~[tomcat-embed-core-10.1.20.jar:10.1.20]
	at org.apache.tomcat.websocket.server.WsFilter.doFilter(WsFilter.java:51) ~[tomcat-embed-websocket-10.1.20.jar:10.1.20]
	at org.apache.catalina.core.ApplicationFilterChain.internalDoFilter(ApplicationFilterChain.java:175) ~[tomcat-embed-core-10.1.20.jar:10.1.20]
	at org.apache.catalina.core.ApplicationFilterChain.doFilter(ApplicationFilterChain.java:150) ~[tomcat-embed-core-10.1.20.jar:10.1.20]
	at org.springframework.web.filter.RequestContextFilter.doFilterInternal(RequestContextFilter.java:100) ~[spring-web-6.1.6.jar:6.1.6]
	at org.springframework.web.filter.OncePerRequestFilter.doFilter(OncePerRequestFilter.java:116) ~[spring-web-6.1.6.jar:6.1.6]
	at org.apache.catalina.core.ApplicationFilterChain.internalDoFilter(ApplicationFilterChain.java:175) ~[tomcat-embed-core-10.1.20.jar:10.1.20]
	at org.apache.catalina.core.ApplicationFilterChain.doFilter(ApplicationFilterChain.java:150) ~[tomcat-embed-core-10.1.20.jar:10.1.20]
	at org.springframework.web.filter.FormContentFilter.doFilterInternal(FormContentFilter.java:93) ~[spring-web-6.1.6.jar:6.1.6]
	at org.springframework.web.filter.OncePerRequestFilter.doFilter(OncePerRequestFilter.java:116) ~[spring-web-6.1.6.jar:6.1.6]
	at org.apache.catalina.core.ApplicationFilterChain.internalDoFilter(ApplicationFilterChain.java:175) ~[tomcat-embed-core-10.1.20.jar:10.1.20]
	at org.apache.catalina.core.ApplicationFilterChain.doFilter(ApplicationFilterChain.java:150) ~[tomcat-embed-core-10.1.20.jar:10.1.20]
	at org.springframework.web.filter.CharacterEncodingFilter.doFilterInternal(CharacterEncodingFilter.java:201) ~[spring-web-6.1.6.jar:6.1.6]
	at org.springframework.web.filter.OncePerRequestFilter.doFilter(OncePerRequestFilter.java:116) ~[spring-web-6.1.6.jar:6.1.6]
	at org.apache.catalina.core.ApplicationFilterChain.internalDoFilter(ApplicationFilterChain.java:175) ~[tomcat-embed-core-10.1.20.jar:10.1.20]
	at org.apache.catalina.core.ApplicationFilterChain.doFilter(ApplicationFilterChain.java:150) ~[tomcat-embed-core-10.1.20.jar:10.1.20]
	at org.apache.catalina.core.StandardWrapperValve.invoke(StandardWrapperValve.java:167) ~[tomcat-embed-core-10.1.20.jar:10.1.20]
	at org.apache.catalina.core.StandardContextValve.invoke(StandardContextValve.java:90) ~[tomcat-embed-core-10.1.20.jar:10.1.20]
	at org.apache.catalina.authenticator.AuthenticatorBase.invoke(AuthenticatorBase.java:482) ~[tomcat-embed-core-10.1.20.jar:10.1.20]
	at org.apache.catalina.core.StandardHostValve.invoke(StandardHostValve.java:115) ~[tomcat-embed-core-10.1.20.jar:10.1.20]
	at org.apache.catalina.valves.ErrorReportValve.invoke(ErrorReportValve.java:93) ~[tomcat-embed-core-10.1.20.jar:10.1.20]
	at org.apache.catalina.core.StandardEngineValve.invoke(StandardEngineValve.java:74) ~[tomcat-embed-core-10.1.20.jar:10.1.20]
	at org.apache.catalina.connector.CoyoteAdapter.service(CoyoteAdapter.java:344) ~[tomcat-embed-core-10.1.20.jar:10.1.20]
	at org.apache.coyote.http11.Http11Processor.service(Http11Processor.java:391) ~[tomcat-embed-core-10.1.20.jar:10.1.20]
	at org.apache.coyote.AbstractProcessorLight.process(AbstractProcessorLight.java:63) ~[tomcat-embed-core-10.1.20.jar:10.1.20]
	at org.apache.coyote.AbstractProtocol$ConnectionHandler.process(AbstractProtocol.java:896) ~[tomcat-embed-core-10.1.20.jar:10.1.20]
	at org.apache.tomcat.util.net.NioEndpoint$SocketProcessor.doRun(NioEndpoint.java:1736) ~[tomcat-embed-core-10.1.20.jar:10.1.20]
	at org.apache.tomcat.util.net.SocketProcessorBase.run(SocketProcessorBase.java:52) ~[tomcat-embed-core-10.1.20.jar:10.1.20]
	at org.apache.tomcat.util.threads.ThreadPoolExecutor.runWorker(ThreadPoolExecutor.java:1191) ~[tomcat-embed-core-10.1.20.jar:10.1.20]
	at org.apache.tomcat.util.threads.ThreadPoolExecutor$Worker.run(ThreadPoolExecutor.java:659) ~[tomcat-embed-core-10.1.20.jar:10.1.20]
	at org.apache.tomcat.util.threads.TaskThread$WrappingRunnable.run(TaskThread.java:63) ~[tomcat-embed-core-10.1.20.jar:10.1.20]
	at java.base/java.lang.Thread.run(Thread.java:1570) ~[na:na]

2024-06-01T15:15:56.262+01:00 DEBUG 2824 --- [Training_management] [http-nio-8080-exec-2] o.s.web.servlet.DispatcherServlet        : "ERROR" dispatch for POST "/error", parameters={}
2024-06-01T15:15:56.262+01:00 DEBUG 2824 --- [Training_management] [http-nio-8080-exec-2] s.w.s.m.m.a.RequestMappingHandlerMapping : Mapped to org.springframework.boot.autoconfigure.web.servlet.error.BasicErrorController#error(HttpServletRequest)
2024-06-01T15:15:56.320+01:00 DEBUG 2824 --- [Training_management] [http-nio-8080-exec-2] o.s.w.s.m.m.a.HttpEntityMethodProcessor  : Using 'application/json', given [*/*] and supported [application/json, application/*+json]
2024-06-01T15:15:56.320+01:00 DEBUG 2824 --- [Training_management] [http-nio-8080-exec-2] o.s.w.s.m.m.a.HttpEntityMethodProcessor  : Writing [{timestamp=Sat Jun 01 15:15:56 WEST 2024, status=500, error=Internal Server Error, path=/api/partici (truncated)...]
2024-06-01T15:15:56.403+01:00 DEBUG 2824 --- [Training_management] [http-nio-8080-exec-2] o.s.web.servlet.DispatcherServlet        : Exiting from "ERROR" dispatch, status 500
