2024-07-31T01:42:48.440+01:00  INFO 13360 --- [Training_management] [main] n.j.T.TrainingManagementApplication      : Starting TrainingManagementApplication using Java 22.0.2 with PID 13360 (C:\Users\dell\Downloads\Training_management (2) (2)\Training_management (2)\Training_management\Training_management\target\classes started by dell in C:\Users\dell\Downloads\Training_management (2) (2))
2024-07-31T01:42:48.456+01:00  INFO 13360 --- [Training_management] [main] n.j.T.TrainingManagementApplication      : No active profile set, falling back to 1 default profile: "default"
2024-07-31T01:42:50.578+01:00  INFO 13360 --- [Training_management] [main] .s.d.r.c.RepositoryConfigurationDelegate : Bootstrapping Spring Data JPA repositories in DEFAULT mode.
2024-07-31T01:42:50.886+01:00  INFO 13360 --- [Training_management] [main] .s.d.r.c.RepositoryConfigurationDelegate : Finished Spring Data repository scanning in 272 ms. Found 9 JPA repository interfaces.
2024-07-31T01:42:53.058+01:00  INFO 13360 --- [Training_management] [main] o.s.b.w.embedded.tomcat.TomcatWebServer  : Tomcat initialized with port 8080 (http)
2024-07-31T01:42:53.091+01:00  INFO 13360 --- [Training_management] [main] o.apache.catalina.core.StandardService   : Starting service [Tomcat]
2024-07-31T01:42:53.093+01:00  INFO 13360 --- [Training_management] [main] o.apache.catalina.core.StandardEngine    : Starting Servlet engine: [Apache Tomcat/10.1.20]
2024-07-31T01:42:53.259+01:00  INFO 13360 --- [Training_management] [main] o.a.c.c.C.[Tomcat].[localhost].[/]       : Initializing Spring embedded WebApplicationContext
2024-07-31T01:42:53.260+01:00  INFO 13360 --- [Training_management] [main] w.s.c.ServletWebServerApplicationContext : Root WebApplicationContext: initialization completed in 4668 ms
2024-07-31T01:42:53.957+01:00  INFO 13360 --- [Training_management] [main] o.hibernate.jpa.internal.util.LogHelper  : HHH000204: Processing PersistenceUnitInfo [name: default]
2024-07-31T01:42:54.209+01:00  INFO 13360 --- [Training_management] [main] org.hibernate.Version                    : HHH000412: Hibernate ORM core version 6.4.4.Final
2024-07-31T01:42:54.313+01:00  INFO 13360 --- [Training_management] [main] o.h.c.internal.RegionFactoryInitiator    : HHH000026: Second-level cache disabled
2024-07-31T01:42:54.562+01:00 DEBUG 13360 --- [Training_management] [main] org.hibernate.type.BasicTypeRegistry     : Adding type registration boolean -> org.hibernate.type.BasicTypeReference@2b80e5a9
2024-07-31T01:42:54.563+01:00 DEBUG 13360 --- [Training_management] [main] org.hibernate.type.BasicTypeRegistry     : Adding type registration boolean -> org.hibernate.type.BasicTypeReference@2b80e5a9
2024-07-31T01:42:54.563+01:00 DEBUG 13360 --- [Training_management] [main] org.hibernate.type.BasicTypeRegistry     : Adding type registration java.lang.Boolean -> org.hibernate.type.BasicTypeReference@2b80e5a9
2024-07-31T01:42:54.563+01:00 DEBUG 13360 --- [Training_management] [main] org.hibernate.type.BasicTypeRegistry     : Adding type registration numeric_boolean -> org.hibernate.type.BasicTypeReference@4cc01c7f
2024-07-31T01:42:54.563+01:00 DEBUG 13360 --- [Training_management] [main] org.hibernate.type.BasicTypeRegistry     : Adding type registration org.hibernate.type.NumericBooleanConverter -> org.hibernate.type.BasicTypeReference@4cc01c7f
2024-07-31T01:42:54.563+01:00 DEBUG 13360 --- [Training_management] [main] org.hibernate.type.BasicTypeRegistry     : Adding type registration true_false -> org.hibernate.type.BasicTypeReference@2a50b32d
2024-07-31T01:42:54.564+01:00 DEBUG 13360 --- [Training_management] [main] org.hibernate.type.BasicTypeRegistry     : Adding type registration org.hibernate.type.TrueFalseConverter -> org.hibernate.type.BasicTypeReference@2a50b32d
2024-07-31T01:42:54.564+01:00 DEBUG 13360 --- [Training_management] [main] org.hibernate.type.BasicTypeRegistry     : Adding type registration yes_no -> org.hibernate.type.BasicTypeReference@36c7cbe1
2024-07-31T01:42:54.564+01:00 DEBUG 13360 --- [Training_management] [main] org.hibernate.type.BasicTypeRegistry     : Adding type registration org.hibernate.type.YesNoConverter -> org.hibernate.type.BasicTypeReference@36c7cbe1
2024-07-31T01:42:54.564+01:00 DEBUG 13360 --- [Training_management] [main] org.hibernate.type.BasicTypeRegistry     : Adding type registration byte -> org.hibernate.type.BasicTypeReference@1ac6dd3d
2024-07-31T01:42:54.565+01:00 DEBUG 13360 --- [Training_management] [main] org.hibernate.type.BasicTypeRegistry     : Adding type registration byte -> org.hibernate.type.BasicTypeReference@1ac6dd3d
2024-07-31T01:42:54.565+01:00 DEBUG 13360 --- [Training_management] [main] org.hibernate.type.BasicTypeRegistry     : Adding type registration java.lang.Byte -> org.hibernate.type.BasicTypeReference@1ac6dd3d
2024-07-31T01:42:54.565+01:00 DEBUG 13360 --- [Training_management] [main] org.hibernate.type.BasicTypeRegistry     : Adding type registration binary -> org.hibernate.type.BasicTypeReference@562919fe
2024-07-31T01:42:54.566+01:00 DEBUG 13360 --- [Training_management] [main] org.hibernate.type.BasicTypeRegistry     : Adding type registration byte[] -> org.hibernate.type.BasicTypeReference@562919fe
2024-07-31T01:42:54.566+01:00 DEBUG 13360 --- [Training_management] [main] org.hibernate.type.BasicTypeRegistry     : Adding type registration [B -> org.hibernate.type.BasicTypeReference@562919fe
2024-07-31T01:42:54.566+01:00 DEBUG 13360 --- [Training_management] [main] org.hibernate.type.BasicTypeRegistry     : Adding type registration binary_wrapper -> org.hibernate.type.BasicTypeReference@794f11cd
2024-07-31T01:42:54.566+01:00 DEBUG 13360 --- [Training_management] [main] org.hibernate.type.BasicTypeRegistry     : Adding type registration wrapper-binary -> org.hibernate.type.BasicTypeReference@794f11cd
2024-07-31T01:42:54.567+01:00 DEBUG 13360 --- [Training_management] [main] org.hibernate.type.BasicTypeRegistry     : Adding type registration image -> org.hibernate.type.BasicTypeReference@715f45c6
2024-07-31T01:42:54.567+01:00 DEBUG 13360 --- [Training_management] [main] org.hibernate.type.BasicTypeRegistry     : Adding type registration blob -> org.hibernate.type.BasicTypeReference@5d5c41e5
2024-07-31T01:42:54.567+01:00 DEBUG 13360 --- [Training_management] [main] org.hibernate.type.BasicTypeRegistry     : Adding type registration java.sql.Blob -> org.hibernate.type.BasicTypeReference@5d5c41e5
2024-07-31T01:42:54.567+01:00 DEBUG 13360 --- [Training_management] [main] org.hibernate.type.BasicTypeRegistry     : Adding type registration materialized_blob -> org.hibernate.type.BasicTypeReference@43245559
2024-07-31T01:42:54.568+01:00 DEBUG 13360 --- [Training_management] [main] org.hibernate.type.BasicTypeRegistry     : Adding type registration materialized_blob_wrapper -> org.hibernate.type.BasicTypeReference@42e4e589
2024-07-31T01:42:54.568+01:00 DEBUG 13360 --- [Training_management] [main] org.hibernate.type.BasicTypeRegistry     : Adding type registration short -> org.hibernate.type.BasicTypeReference@499ee966
2024-07-31T01:42:54.568+01:00 DEBUG 13360 --- [Training_management] [main] org.hibernate.type.BasicTypeRegistry     : Adding type registration short -> org.hibernate.type.BasicTypeReference@499ee966
2024-07-31T01:42:54.569+01:00 DEBUG 13360 --- [Training_management] [main] org.hibernate.type.BasicTypeRegistry     : Adding type registration java.lang.Short -> org.hibernate.type.BasicTypeReference@499ee966
2024-07-31T01:42:54.569+01:00 DEBUG 13360 --- [Training_management] [main] org.hibernate.type.BasicTypeRegistry     : Adding type registration integer -> org.hibernate.type.BasicTypeReference@76f2dad9
2024-07-31T01:42:54.569+01:00 DEBUG 13360 --- [Training_management] [main] org.hibernate.type.BasicTypeRegistry     : Adding type registration int -> org.hibernate.type.BasicTypeReference@76f2dad9
2024-07-31T01:42:54.569+01:00 DEBUG 13360 --- [Training_management] [main] org.hibernate.type.BasicTypeRegistry     : Adding type registration java.lang.Integer -> org.hibernate.type.BasicTypeReference@76f2dad9
2024-07-31T01:42:54.569+01:00 DEBUG 13360 --- [Training_management] [main] org.hibernate.type.BasicTypeRegistry     : Adding type registration long -> org.hibernate.type.BasicTypeReference@171dc7c3
2024-07-31T01:42:54.570+01:00 DEBUG 13360 --- [Training_management] [main] org.hibernate.type.BasicTypeRegistry     : Adding type registration long -> org.hibernate.type.BasicTypeReference@171dc7c3
2024-07-31T01:42:54.570+01:00 DEBUG 13360 --- [Training_management] [main] org.hibernate.type.BasicTypeRegistry     : Adding type registration java.lang.Long -> org.hibernate.type.BasicTypeReference@171dc7c3
2024-07-31T01:42:54.570+01:00 DEBUG 13360 --- [Training_management] [main] org.hibernate.type.BasicTypeRegistry     : Adding type registration float -> org.hibernate.type.BasicTypeReference@72b0a004
2024-07-31T01:42:54.571+01:00 DEBUG 13360 --- [Training_management] [main] org.hibernate.type.BasicTypeRegistry     : Adding type registration float -> org.hibernate.type.BasicTypeReference@72b0a004
2024-07-31T01:42:54.571+01:00 DEBUG 13360 --- [Training_management] [main] org.hibernate.type.BasicTypeRegistry     : Adding type registration java.lang.Float -> org.hibernate.type.BasicTypeReference@72b0a004
2024-07-31T01:42:54.571+01:00 DEBUG 13360 --- [Training_management] [main] org.hibernate.type.BasicTypeRegistry     : Adding type registration double -> org.hibernate.type.BasicTypeReference@4cdba2ed
2024-07-31T01:42:54.571+01:00 DEBUG 13360 --- [Training_management] [main] org.hibernate.type.BasicTypeRegistry     : Adding type registration double -> org.hibernate.type.BasicTypeReference@4cdba2ed
2024-07-31T01:42:54.571+01:00 DEBUG 13360 --- [Training_management] [main] org.hibernate.type.BasicTypeRegistry     : Adding type registration java.lang.Double -> org.hibernate.type.BasicTypeReference@4cdba2ed
2024-07-31T01:42:54.572+01:00 DEBUG 13360 --- [Training_management] [main] org.hibernate.type.BasicTypeRegistry     : Adding type registration big_integer -> org.hibernate.type.BasicTypeReference@2c1f8dbd
2024-07-31T01:42:54.572+01:00 DEBUG 13360 --- [Training_management] [main] org.hibernate.type.BasicTypeRegistry     : Adding type registration java.math.BigInteger -> org.hibernate.type.BasicTypeReference@2c1f8dbd
2024-07-31T01:42:54.572+01:00 DEBUG 13360 --- [Training_management] [main] org.hibernate.type.BasicTypeRegistry     : Adding type registration big_decimal -> org.hibernate.type.BasicTypeReference@55c57422
2024-07-31T01:42:54.572+01:00 DEBUG 13360 --- [Training_management] [main] org.hibernate.type.BasicTypeRegistry     : Adding type registration java.math.BigDecimal -> org.hibernate.type.BasicTypeReference@55c57422
2024-07-31T01:42:54.573+01:00 DEBUG 13360 --- [Training_management] [main] org.hibernate.type.BasicTypeRegistry     : Adding type registration character -> org.hibernate.type.BasicTypeReference@22825e1e
2024-07-31T01:42:54.573+01:00 DEBUG 13360 --- [Training_management] [main] org.hibernate.type.BasicTypeRegistry     : Adding type registration char -> org.hibernate.type.BasicTypeReference@22825e1e
2024-07-31T01:42:54.573+01:00 DEBUG 13360 --- [Training_management] [main] org.hibernate.type.BasicTypeRegistry     : Adding type registration java.lang.Character -> org.hibernate.type.BasicTypeReference@22825e1e
2024-07-31T01:42:54.573+01:00 DEBUG 13360 --- [Training_management] [main] org.hibernate.type.BasicTypeRegistry     : Adding type registration character_nchar -> org.hibernate.type.BasicTypeReference@335f5c69
2024-07-31T01:42:54.573+01:00 DEBUG 13360 --- [Training_management] [main] org.hibernate.type.BasicTypeRegistry     : Adding type registration string -> org.hibernate.type.BasicTypeReference@63fd4dda
2024-07-31T01:42:54.574+01:00 DEBUG 13360 --- [Training_management] [main] org.hibernate.type.BasicTypeRegistry     : Adding type registration java.lang.String -> org.hibernate.type.BasicTypeReference@63fd4dda
2024-07-31T01:42:54.574+01:00 DEBUG 13360 --- [Training_management] [main] org.hibernate.type.BasicTypeRegistry     : Adding type registration nstring -> org.hibernate.type.BasicTypeReference@1d6751e3
2024-07-31T01:42:54.574+01:00 DEBUG 13360 --- [Training_management] [main] org.hibernate.type.BasicTypeRegistry     : Adding type registration characters -> org.hibernate.type.BasicTypeReference@2d258eff
2024-07-31T01:42:54.575+01:00 DEBUG 13360 --- [Training_management] [main] org.hibernate.type.BasicTypeRegistry     : Adding type registration char[] -> org.hibernate.type.BasicTypeReference@2d258eff
2024-07-31T01:42:54.575+01:00 DEBUG 13360 --- [Training_management] [main] org.hibernate.type.BasicTypeRegistry     : Adding type registration [C -> org.hibernate.type.BasicTypeReference@2d258eff
2024-07-31T01:42:54.575+01:00 DEBUG 13360 --- [Training_management] [main] org.hibernate.type.BasicTypeRegistry     : Adding type registration wrapper-characters -> org.hibernate.type.BasicTypeReference@64502326
2024-07-31T01:42:54.575+01:00 DEBUG 13360 --- [Training_management] [main] org.hibernate.type.BasicTypeRegistry     : Adding type registration text -> org.hibernate.type.BasicTypeReference@6dca31eb
2024-07-31T01:42:54.576+01:00 DEBUG 13360 --- [Training_management] [main] org.hibernate.type.BasicTypeRegistry     : Adding type registration ntext -> org.hibernate.type.BasicTypeReference@4a058df8
2024-07-31T01:42:54.576+01:00 DEBUG 13360 --- [Training_management] [main] org.hibernate.type.BasicTypeRegistry     : Adding type registration clob -> org.hibernate.type.BasicTypeReference@4b56b031
2024-07-31T01:42:54.576+01:00 DEBUG 13360 --- [Training_management] [main] org.hibernate.type.BasicTypeRegistry     : Adding type registration java.sql.Clob -> org.hibernate.type.BasicTypeReference@4b56b031
2024-07-31T01:42:54.576+01:00 DEBUG 13360 --- [Training_management] [main] org.hibernate.type.BasicTypeRegistry     : Adding type registration nclob -> org.hibernate.type.BasicTypeReference@2e7af36e
2024-07-31T01:42:54.576+01:00 DEBUG 13360 --- [Training_management] [main] org.hibernate.type.BasicTypeRegistry     : Adding type registration java.sql.NClob -> org.hibernate.type.BasicTypeReference@2e7af36e
2024-07-31T01:42:54.577+01:00 DEBUG 13360 --- [Training_management] [main] org.hibernate.type.BasicTypeRegistry     : Adding type registration materialized_clob -> org.hibernate.type.BasicTypeReference@1283ca23
2024-07-31T01:42:54.577+01:00 DEBUG 13360 --- [Training_management] [main] org.hibernate.type.BasicTypeRegistry     : Adding type registration materialized_clob_char_array -> org.hibernate.type.BasicTypeReference@740fefc6
2024-07-31T01:42:54.577+01:00 DEBUG 13360 --- [Training_management] [main] org.hibernate.type.BasicTypeRegistry     : Adding type registration materialized_clob_character_array -> org.hibernate.type.BasicTypeReference@aa61e4e
2024-07-31T01:42:54.577+01:00 DEBUG 13360 --- [Training_management] [main] org.hibernate.type.BasicTypeRegistry     : Adding type registration materialized_nclob -> org.hibernate.type.BasicTypeReference@733e6df7
2024-07-31T01:42:54.578+01:00 DEBUG 13360 --- [Training_management] [main] org.hibernate.type.BasicTypeRegistry     : Adding type registration materialized_nclob_character_array -> org.hibernate.type.BasicTypeReference@7fe07361
2024-07-31T01:42:54.578+01:00 DEBUG 13360 --- [Training_management] [main] org.hibernate.type.BasicTypeRegistry     : Adding type registration materialized_nclob_char_array -> org.hibernate.type.BasicTypeReference@741ac284
2024-07-31T01:42:54.578+01:00 DEBUG 13360 --- [Training_management] [main] org.hibernate.type.BasicTypeRegistry     : Adding type registration Duration -> org.hibernate.type.BasicTypeReference@4ef4f627
2024-07-31T01:42:54.579+01:00 DEBUG 13360 --- [Training_management] [main] org.hibernate.type.BasicTypeRegistry     : Adding type registration java.time.Duration -> org.hibernate.type.BasicTypeReference@4ef4f627
2024-07-31T01:42:54.579+01:00 DEBUG 13360 --- [Training_management] [main] org.hibernate.type.BasicTypeRegistry     : Adding type registration LocalDateTime -> org.hibernate.type.BasicTypeReference@4ea56bdb
2024-07-31T01:42:54.579+01:00 DEBUG 13360 --- [Training_management] [main] org.hibernate.type.BasicTypeRegistry     : Adding type registration java.time.LocalDateTime -> org.hibernate.type.BasicTypeReference@4ea56bdb
2024-07-31T01:42:54.579+01:00 DEBUG 13360 --- [Training_management] [main] org.hibernate.type.BasicTypeRegistry     : Adding type registration LocalDate -> org.hibernate.type.BasicTypeReference@32227215
2024-07-31T01:42:54.580+01:00 DEBUG 13360 --- [Training_management] [main] org.hibernate.type.BasicTypeRegistry     : Adding type registration java.time.LocalDate -> org.hibernate.type.BasicTypeReference@32227215
2024-07-31T01:42:54.580+01:00 DEBUG 13360 --- [Training_management] [main] org.hibernate.type.BasicTypeRegistry     : Adding type registration LocalTime -> org.hibernate.type.BasicTypeReference@108e9837
2024-07-31T01:42:54.580+01:00 DEBUG 13360 --- [Training_management] [main] org.hibernate.type.BasicTypeRegistry     : Adding type registration java.time.LocalTime -> org.hibernate.type.BasicTypeReference@108e9837
2024-07-31T01:42:54.580+01:00 DEBUG 13360 --- [Training_management] [main] org.hibernate.type.BasicTypeRegistry     : Adding type registration OffsetDateTime -> org.hibernate.type.BasicTypeReference@79a201cf
2024-07-31T01:42:54.580+01:00 DEBUG 13360 --- [Training_management] [main] org.hibernate.type.BasicTypeRegistry     : Adding type registration java.time.OffsetDateTime -> org.hibernate.type.BasicTypeReference@79a201cf
2024-07-31T01:42:54.581+01:00 DEBUG 13360 --- [Training_management] [main] org.hibernate.type.BasicTypeRegistry     : Adding type registration OffsetDateTimeWithTimezone -> org.hibernate.type.BasicTypeReference@1cbc5693
2024-07-31T01:42:54.581+01:00 DEBUG 13360 --- [Training_management] [main] org.hibernate.type.BasicTypeRegistry     : Adding type registration OffsetDateTimeWithoutTimezone -> org.hibernate.type.BasicTypeReference@3d2f3dcb
2024-07-31T01:42:54.581+01:00 DEBUG 13360 --- [Training_management] [main] org.hibernate.type.BasicTypeRegistry     : Adding type registration OffsetTime -> org.hibernate.type.BasicTypeReference@59845579
2024-07-31T01:42:54.581+01:00 DEBUG 13360 --- [Training_management] [main] org.hibernate.type.BasicTypeRegistry     : Adding type registration java.time.OffsetTime -> org.hibernate.type.BasicTypeReference@59845579
2024-07-31T01:42:54.581+01:00 DEBUG 13360 --- [Training_management] [main] org.hibernate.type.BasicTypeRegistry     : Adding type registration OffsetTimeUtc -> org.hibernate.type.BasicTypeReference@30c19bff
2024-07-31T01:42:54.582+01:00 DEBUG 13360 --- [Training_management] [main] org.hibernate.type.BasicTypeRegistry     : Adding type registration OffsetTimeWithTimezone -> org.hibernate.type.BasicTypeReference@4e375bba
2024-07-31T01:42:54.582+01:00 DEBUG 13360 --- [Training_management] [main] org.hibernate.type.BasicTypeRegistry     : Adding type registration OffsetTimeWithoutTimezone -> org.hibernate.type.BasicTypeReference@ab2e6d2
2024-07-31T01:42:54.582+01:00 DEBUG 13360 --- [Training_management] [main] org.hibernate.type.BasicTypeRegistry     : Adding type registration ZonedDateTime -> org.hibernate.type.BasicTypeReference@71664560
2024-07-31T01:42:54.582+01:00 DEBUG 13360 --- [Training_management] [main] org.hibernate.type.BasicTypeRegistry     : Adding type registration java.time.ZonedDateTime -> org.hibernate.type.BasicTypeReference@71664560
2024-07-31T01:42:54.582+01:00 DEBUG 13360 --- [Training_management] [main] org.hibernate.type.BasicTypeRegistry     : Adding type registration ZonedDateTimeWithTimezone -> org.hibernate.type.BasicTypeReference@4d4436d0
2024-07-31T01:42:54.583+01:00 DEBUG 13360 --- [Training_management] [main] org.hibernate.type.BasicTypeRegistry     : Adding type registration ZonedDateTimeWithoutTimezone -> org.hibernate.type.BasicTypeReference@39da5e49
2024-07-31T01:42:54.583+01:00 DEBUG 13360 --- [Training_management] [main] org.hibernate.type.BasicTypeRegistry     : Adding type registration date -> org.hibernate.type.BasicTypeReference@2443abd6
2024-07-31T01:42:54.583+01:00 DEBUG 13360 --- [Training_management] [main] org.hibernate.type.BasicTypeRegistry     : Adding type registration java.sql.Date -> org.hibernate.type.BasicTypeReference@2443abd6
2024-07-31T01:42:54.583+01:00 DEBUG 13360 --- [Training_management] [main] org.hibernate.type.BasicTypeRegistry     : Adding type registration time -> org.hibernate.type.BasicTypeReference@674da77b
2024-07-31T01:42:54.584+01:00 DEBUG 13360 --- [Training_management] [main] org.hibernate.type.BasicTypeRegistry     : Adding type registration java.sql.Time -> org.hibernate.type.BasicTypeReference@674da77b
2024-07-31T01:42:54.584+01:00 DEBUG 13360 --- [Training_management] [main] org.hibernate.type.BasicTypeRegistry     : Adding type registration timestamp -> org.hibernate.type.BasicTypeReference@bd3eff4
2024-07-31T01:42:54.584+01:00 DEBUG 13360 --- [Training_management] [main] org.hibernate.type.BasicTypeRegistry     : Adding type registration java.sql.Timestamp -> org.hibernate.type.BasicTypeReference@bd3eff4
2024-07-31T01:42:54.584+01:00 DEBUG 13360 --- [Training_management] [main] org.hibernate.type.BasicTypeRegistry     : Adding type registration java.util.Date -> org.hibernate.type.BasicTypeReference@bd3eff4
2024-07-31T01:42:54.585+01:00 DEBUG 13360 --- [Training_management] [main] org.hibernate.type.BasicTypeRegistry     : Adding type registration calendar -> org.hibernate.type.BasicTypeReference@6010d0d1
2024-07-31T01:42:54.585+01:00 DEBUG 13360 --- [Training_management] [main] org.hibernate.type.BasicTypeRegistry     : Adding type registration java.util.Calendar -> org.hibernate.type.BasicTypeReference@6010d0d1
2024-07-31T01:42:54.585+01:00 DEBUG 13360 --- [Training_management] [main] org.hibernate.type.BasicTypeRegistry     : Adding type registration java.util.GregorianCalendar -> org.hibernate.type.BasicTypeReference@6010d0d1
2024-07-31T01:42:54.585+01:00 DEBUG 13360 --- [Training_management] [main] org.hibernate.type.BasicTypeRegistry     : Adding type registration calendar_date -> org.hibernate.type.BasicTypeReference@5934ca1e
2024-07-31T01:42:54.585+01:00 DEBUG 13360 --- [Training_management] [main] org.hibernate.type.BasicTypeRegistry     : Adding type registration calendar_time -> org.hibernate.type.BasicTypeReference@5348d83c
2024-07-31T01:42:54.585+01:00 DEBUG 13360 --- [Training_management] [main] org.hibernate.type.BasicTypeRegistry     : Adding type registration instant -> org.hibernate.type.BasicTypeReference@477021ee
2024-07-31T01:42:54.586+01:00 DEBUG 13360 --- [Training_management] [main] org.hibernate.type.BasicTypeRegistry     : Adding type registration java.time.Instant -> org.hibernate.type.BasicTypeReference@477021ee
2024-07-31T01:42:54.586+01:00 DEBUG 13360 --- [Training_management] [main] org.hibernate.type.BasicTypeRegistry     : Adding type registration uuid -> org.hibernate.type.BasicTypeReference@2180e789
2024-07-31T01:42:54.586+01:00 DEBUG 13360 --- [Training_management] [main] org.hibernate.type.BasicTypeRegistry     : Adding type registration java.util.UUID -> org.hibernate.type.BasicTypeReference@2180e789
2024-07-31T01:42:54.586+01:00 DEBUG 13360 --- [Training_management] [main] org.hibernate.type.BasicTypeRegistry     : Adding type registration pg-uuid -> org.hibernate.type.BasicTypeReference@2180e789
2024-07-31T01:42:54.586+01:00 DEBUG 13360 --- [Training_management] [main] org.hibernate.type.BasicTypeRegistry     : Adding type registration uuid-binary -> org.hibernate.type.BasicTypeReference@5e9bbd9d
2024-07-31T01:42:54.587+01:00 DEBUG 13360 --- [Training_management] [main] org.hibernate.type.BasicTypeRegistry     : Adding type registration uuid-char -> org.hibernate.type.BasicTypeReference@4b87074a
2024-07-31T01:42:54.587+01:00 DEBUG 13360 --- [Training_management] [main] org.hibernate.type.BasicTypeRegistry     : Adding type registration class -> org.hibernate.type.BasicTypeReference@d3e3085
2024-07-31T01:42:54.587+01:00 DEBUG 13360 --- [Training_management] [main] org.hibernate.type.BasicTypeRegistry     : Adding type registration java.lang.Class -> org.hibernate.type.BasicTypeReference@d3e3085
2024-07-31T01:42:54.587+01:00 DEBUG 13360 --- [Training_management] [main] org.hibernate.type.BasicTypeRegistry     : Adding type registration currency -> org.hibernate.type.BasicTypeReference@2ba42204
2024-07-31T01:42:54.588+01:00 DEBUG 13360 --- [Training_management] [main] org.hibernate.type.BasicTypeRegistry     : Adding type registration Currency -> org.hibernate.type.BasicTypeReference@2ba42204
2024-07-31T01:42:54.588+01:00 DEBUG 13360 --- [Training_management] [main] org.hibernate.type.BasicTypeRegistry     : Adding type registration java.util.Currency -> org.hibernate.type.BasicTypeReference@2ba42204
2024-07-31T01:42:54.588+01:00 DEBUG 13360 --- [Training_management] [main] org.hibernate.type.BasicTypeRegistry     : Adding type registration locale -> org.hibernate.type.BasicTypeReference@285005b8
2024-07-31T01:42:54.588+01:00 DEBUG 13360 --- [Training_management] [main] org.hibernate.type.BasicTypeRegistry     : Adding type registration java.util.Locale -> org.hibernate.type.BasicTypeReference@285005b8
2024-07-31T01:42:54.588+01:00 DEBUG 13360 --- [Training_management] [main] org.hibernate.type.BasicTypeRegistry     : Adding type registration serializable -> org.hibernate.type.BasicTypeReference@5b1efaaf
2024-07-31T01:42:54.589+01:00 DEBUG 13360 --- [Training_management] [main] org.hibernate.type.BasicTypeRegistry     : Adding type registration java.io.Serializable -> org.hibernate.type.BasicTypeReference@5b1efaaf
2024-07-31T01:42:54.589+01:00 DEBUG 13360 --- [Training_management] [main] org.hibernate.type.BasicTypeRegistry     : Adding type registration timezone -> org.hibernate.type.BasicTypeReference@27585351
2024-07-31T01:42:54.589+01:00 DEBUG 13360 --- [Training_management] [main] org.hibernate.type.BasicTypeRegistry     : Adding type registration java.util.TimeZone -> org.hibernate.type.BasicTypeReference@27585351
2024-07-31T01:42:54.589+01:00 DEBUG 13360 --- [Training_management] [main] org.hibernate.type.BasicTypeRegistry     : Adding type registration ZoneOffset -> org.hibernate.type.BasicTypeReference@2de6f1bc
2024-07-31T01:42:54.589+01:00 DEBUG 13360 --- [Training_management] [main] org.hibernate.type.BasicTypeRegistry     : Adding type registration java.time.ZoneOffset -> org.hibernate.type.BasicTypeReference@2de6f1bc
2024-07-31T01:42:54.590+01:00 DEBUG 13360 --- [Training_management] [main] org.hibernate.type.BasicTypeRegistry     : Adding type registration url -> org.hibernate.type.BasicTypeReference@5b35c7d
2024-07-31T01:42:54.590+01:00 DEBUG 13360 --- [Training_management] [main] org.hibernate.type.BasicTypeRegistry     : Adding type registration java.net.URL -> org.hibernate.type.BasicTypeReference@5b35c7d
2024-07-31T01:42:54.590+01:00 DEBUG 13360 --- [Training_management] [main] org.hibernate.type.BasicTypeRegistry     : Adding type registration vector -> org.hibernate.type.BasicTypeReference@29d405e6
2024-07-31T01:42:54.590+01:00 DEBUG 13360 --- [Training_management] [main] org.hibernate.type.BasicTypeRegistry     : Adding type registration row_version -> org.hibernate.type.BasicTypeReference@4c731956
2024-07-31T01:42:54.600+01:00 DEBUG 13360 --- [Training_management] [main] org.hibernate.type.BasicTypeRegistry     : Adding type registration object -> org.hibernate.type.JavaObjectType@52831a73
2024-07-31T01:42:54.600+01:00 DEBUG 13360 --- [Training_management] [main] org.hibernate.type.BasicTypeRegistry     : Adding type registration java.lang.Object -> org.hibernate.type.JavaObjectType@52831a73
2024-07-31T01:42:54.602+01:00 DEBUG 13360 --- [Training_management] [main] org.hibernate.type.BasicTypeRegistry     : Adding type registration null -> org.hibernate.type.NullType@653fb8d1
2024-07-31T01:42:54.603+01:00 DEBUG 13360 --- [Training_management] [main] org.hibernate.type.BasicTypeRegistry     : Adding type registration imm_date -> org.hibernate.type.BasicTypeReference@48581a3b
2024-07-31T01:42:54.603+01:00 DEBUG 13360 --- [Training_management] [main] org.hibernate.type.BasicTypeRegistry     : Adding type registration imm_time -> org.hibernate.type.BasicTypeReference@93501be
2024-07-31T01:42:54.604+01:00 DEBUG 13360 --- [Training_management] [main] org.hibernate.type.BasicTypeRegistry     : Adding type registration imm_timestamp -> org.hibernate.type.BasicTypeReference@11d4d979
2024-07-31T01:42:54.604+01:00 DEBUG 13360 --- [Training_management] [main] org.hibernate.type.BasicTypeRegistry     : Adding type registration imm_calendar -> org.hibernate.type.BasicTypeReference@195580ba
2024-07-31T01:42:54.604+01:00 DEBUG 13360 --- [Training_management] [main] org.hibernate.type.BasicTypeRegistry     : Adding type registration imm_calendar_date -> org.hibernate.type.BasicTypeReference@3c25cfe1
2024-07-31T01:42:54.604+01:00 DEBUG 13360 --- [Training_management] [main] org.hibernate.type.BasicTypeRegistry     : Adding type registration imm_calendar_time -> org.hibernate.type.BasicTypeReference@1d3c112a
2024-07-31T01:42:54.605+01:00 DEBUG 13360 --- [Training_management] [main] org.hibernate.type.BasicTypeRegistry     : Adding type registration imm_binary -> org.hibernate.type.BasicTypeReference@2a140ce5
2024-07-31T01:42:54.605+01:00 DEBUG 13360 --- [Training_management] [main] org.hibernate.type.BasicTypeRegistry     : Adding type registration imm_serializable -> org.hibernate.type.BasicTypeReference@1f71194d
2024-07-31T01:42:55.071+01:00  INFO 13360 --- [Training_management] [main] o.s.o.j.p.SpringPersistenceUnitInfo      : No LoadTimeWeaver setup: ignoring JPA class transformer
2024-07-31T01:42:55.134+01:00  INFO 13360 --- [Training_management] [main] com.zaxxer.hikari.HikariDataSource       : HikariPool-1 - Starting...
2024-07-31T01:42:55.843+01:00  INFO 13360 --- [Training_management] [main] com.zaxxer.hikari.pool.HikariPool        : HikariPool-1 - Added connection com.mysql.cj.jdbc.ConnectionImpl@29090809
2024-07-31T01:42:55.847+01:00  INFO 13360 --- [Training_management] [main] com.zaxxer.hikari.HikariDataSource       : HikariPool-1 - Start completed.
2024-07-31T01:42:56.039+01:00  WARN 13360 --- [Training_management] [main] org.hibernate.orm.deprecation            : HHH90000025: MySQLDialect does not need to be specified explicitly using 'hibernate.dialect' (remove the property setting and it will be selected by default)
2024-07-31T01:42:56.250+01:00 DEBUG 13360 --- [Training_management] [main] o.h.t.d.sql.spi.DdlTypeRegistry          : addDescriptor(12, org.hibernate.type.descriptor.sql.internal.CapacityDependentDdlType@2c77344f) replaced previous registration(org.hibernate.type.descriptor.sql.internal.CapacityDependentDdlType@121ddca4)
2024-07-31T01:42:56.253+01:00 DEBUG 13360 --- [Training_management] [main] o.h.t.d.sql.spi.DdlTypeRegistry          : addDescriptor(-9, org.hibernate.type.descriptor.sql.internal.CapacityDependentDdlType@297bd171) replaced previous registration(org.hibernate.type.descriptor.sql.internal.CapacityDependentDdlType@118cbded)
2024-07-31T01:42:56.253+01:00 DEBUG 13360 --- [Training_management] [main] o.h.t.d.sql.spi.DdlTypeRegistry          : addDescriptor(-3, org.hibernate.type.descriptor.sql.internal.CapacityDependentDdlType@4cc26df) replaced previous registration(org.hibernate.type.descriptor.sql.internal.CapacityDependentDdlType@7848321e)
2024-07-31T01:42:56.253+01:00 DEBUG 13360 --- [Training_management] [main] o.h.t.d.sql.spi.DdlTypeRegistry          : addDescriptor(4003, org.hibernate.type.descriptor.sql.internal.DdlTypeImpl@f4f843f) replaced previous registration(org.hibernate.type.descriptor.sql.internal.DdlTypeImpl@7b5833ee)
2024-07-31T01:42:56.254+01:00 DEBUG 13360 --- [Training_management] [main] o.h.t.d.sql.spi.DdlTypeRegistry          : addDescriptor(4001, org.hibernate.type.descriptor.sql.internal.DdlTypeImpl@1e471884) replaced previous registration(org.hibernate.type.descriptor.sql.internal.DdlTypeImpl@27261190)
2024-07-31T01:42:56.254+01:00 DEBUG 13360 --- [Training_management] [main] o.h.t.d.sql.spi.DdlTypeRegistry          : addDescriptor(4002, org.hibernate.type.descriptor.sql.internal.DdlTypeImpl@543b0737) replaced previous registration(org.hibernate.type.descriptor.sql.internal.DdlTypeImpl@6e46891d)
2024-07-31T01:42:56.254+01:00 DEBUG 13360 --- [Training_management] [main] o.h.t.d.sql.spi.DdlTypeRegistry          : addDescriptor(2004, org.hibernate.type.descriptor.sql.internal.CapacityDependentDdlType@48632f69) replaced previous registration(org.hibernate.type.descriptor.sql.internal.DdlTypeImpl@5fde1d64)
2024-07-31T01:42:56.255+01:00 DEBUG 13360 --- [Training_management] [main] o.h.t.d.sql.spi.DdlTypeRegistry          : addDescriptor(2005, org.hibernate.type.descriptor.sql.internal.CapacityDependentDdlType@5350ab17) replaced previous registration(org.hibernate.type.descriptor.sql.internal.DdlTypeImpl@984de01)
2024-07-31T01:42:56.255+01:00 DEBUG 13360 --- [Training_management] [main] o.h.t.d.sql.spi.DdlTypeRegistry          : addDescriptor(2011, org.hibernate.type.descriptor.sql.internal.CapacityDependentDdlType@58cda03f) replaced previous registration(org.hibernate.type.descriptor.sql.internal.DdlTypeImpl@7757a37f)
2024-07-31T01:42:56.258+01:00 DEBUG 13360 --- [Training_management] [main] o.h.t.d.jdbc.spi.JdbcTypeRegistry        : addDescriptor(NCharTypeDescriptor) replaced previous registration(CharTypeDescriptor)
2024-07-31T01:42:56.259+01:00 DEBUG 13360 --- [Training_management] [main] o.h.t.d.jdbc.spi.JdbcTypeRegistry        : addDescriptor(NVarcharTypeDescriptor) replaced previous registration(VarcharTypeDescriptor)
2024-07-31T01:42:56.261+01:00 DEBUG 13360 --- [Training_management] [main] o.h.t.d.jdbc.spi.JdbcTypeRegistry        : addDescriptor(LongNVarcharTypeDescriptor) replaced previous registration(LongVarcharTypeDescriptor)
2024-07-31T01:42:56.281+01:00 DEBUG 13360 --- [Training_management] [main] o.h.t.d.jdbc.spi.JdbcTypeRegistry        : addDescriptor(NClobTypeDescriptor(DEFAULT)) replaced previous registration(ClobTypeDescriptor(DEFAULT))
2024-07-31T01:42:56.295+01:00 DEBUG 13360 --- [Training_management] [main] o.h.t.d.jdbc.spi.JdbcTypeRegistry        : addDescriptor(2005, ClobTypeDescriptor(STREAM_BINDING)) replaced previous registration(ClobTypeDescriptor(DEFAULT))
2024-07-31T01:42:56.301+01:00 DEBUG 13360 --- [Training_management] [main] org.hibernate.type.BasicTypeRegistry     : Adding type registration null -> org.hibernate.type.NullType@6f106af8
2024-07-31T01:42:56.302+01:00 DEBUG 13360 --- [Training_management] [main] org.hibernate.type.BasicTypeRegistry     : Type registration key [null] overrode previous entry : `org.hibernate.type.NullType@653fb8d1`
2024-07-31T01:42:56.314+01:00 DEBUG 13360 --- [Training_management] [main] org.hibernate.type.BasicTypeRegistry     : Adding type registration org.hibernate.type.DurationType -> basicType@1(java.time.Duration,3015)
2024-07-31T01:42:56.315+01:00 DEBUG 13360 --- [Training_management] [main] org.hibernate.type.BasicTypeRegistry     : Adding type registration Duration -> basicType@1(java.time.Duration,3015)
2024-07-31T01:42:56.315+01:00 DEBUG 13360 --- [Training_management] [main] org.hibernate.type.BasicTypeRegistry     : Adding type registration java.time.Duration -> basicType@1(java.time.Duration,3015)
2024-07-31T01:42:56.325+01:00 DEBUG 13360 --- [Training_management] [main] org.hibernate.type.BasicTypeRegistry     : Adding type registration org.hibernate.type.OffsetDateTimeType -> basicType@2(java.time.OffsetDateTime,3003)
2024-07-31T01:42:56.326+01:00 DEBUG 13360 --- [Training_management] [main] org.hibernate.type.BasicTypeRegistry     : Adding type registration OffsetDateTime -> basicType@2(java.time.OffsetDateTime,3003)
2024-07-31T01:42:56.326+01:00 DEBUG 13360 --- [Training_management] [main] org.hibernate.type.BasicTypeRegistry     : Adding type registration java.time.OffsetDateTime -> basicType@2(java.time.OffsetDateTime,3003)
2024-07-31T01:42:56.328+01:00 DEBUG 13360 --- [Training_management] [main] org.hibernate.type.BasicTypeRegistry     : Adding type registration org.hibernate.type.ZonedDateTimeType -> basicType@3(java.time.ZonedDateTime,3003)
2024-07-31T01:42:56.328+01:00 DEBUG 13360 --- [Training_management] [main] org.hibernate.type.BasicTypeRegistry     : Adding type registration ZonedDateTime -> basicType@3(java.time.ZonedDateTime,3003)
2024-07-31T01:42:56.328+01:00 DEBUG 13360 --- [Training_management] [main] org.hibernate.type.BasicTypeRegistry     : Adding type registration java.time.ZonedDateTime -> basicType@3(java.time.ZonedDateTime,3003)
2024-07-31T01:42:56.331+01:00 DEBUG 13360 --- [Training_management] [main] org.hibernate.type.BasicTypeRegistry     : Adding type registration org.hibernate.type.OffsetTimeType -> basicType@4(java.time.OffsetTime,3007)
2024-07-31T01:42:56.332+01:00 DEBUG 13360 --- [Training_management] [main] org.hibernate.type.BasicTypeRegistry     : Adding type registration OffsetTime -> basicType@4(java.time.OffsetTime,3007)
2024-07-31T01:42:56.332+01:00 DEBUG 13360 --- [Training_management] [main] org.hibernate.type.BasicTypeRegistry     : Adding type registration java.time.OffsetTime -> basicType@4(java.time.OffsetTime,3007)
2024-07-31T01:42:56.334+01:00 DEBUG 13360 --- [Training_management] [main] o.h.type.spi.TypeConfiguration$Scope     : Scoping TypeConfiguration [org.hibernate.type.spi.TypeConfiguration@23bd047f] to MetadataBuildingContext [org.hibernate.boot.internal.MetadataBuildingContextRootImpl@3562e7c7]
2024-07-31T01:42:57.061+01:00  WARN 13360 --- [Training_management] [main] org.hibernate.mapping.RootClass          : HHH000038: Composite-id class does not override equals(): net.java.Training_management.entities.AvancementId
2024-07-31T01:42:57.062+01:00  WARN 13360 --- [Training_management] [main] org.hibernate.mapping.RootClass          : HHH000039: Composite-id class does not override hashCode(): net.java.Training_management.entities.AvancementId
2024-07-31T01:42:57.988+01:00  INFO 13360 --- [Training_management] [main] o.h.m.i.EntityInstantiatorPojoStandard   : HHH000182: No default (no-argument) constructor for class: net.java.Training_management.entities.Participant (class must be instantiated by Interceptor)
2024-07-31T01:42:58.099+01:00  INFO 13360 --- [Training_management] [main] o.h.m.i.EntityInstantiatorPojoStandard   : HHH000182: No default (no-argument) constructor for class: net.java.Training_management.entities.Administrateur (class must be instantiated by Interceptor)
2024-07-31T01:42:58.556+01:00  INFO 13360 --- [Training_management] [main] o.h.e.t.j.p.i.JtaPlatformInitiator       : HHH000489: No JTA platform available (set 'hibernate.transaction.jta.platform' to enable JTA platform integration)
2024-07-31T01:42:58.557+01:00 DEBUG 13360 --- [Training_management] [main] o.h.type.spi.TypeConfiguration$Scope     : Scoping TypeConfiguration [org.hibernate.type.spi.TypeConfiguration@23bd047f] to SessionFactoryImplementor [org.hibernate.internal.SessionFactoryImpl@4b1b2255]
2024-07-31T01:42:58.699+01:00 DEBUG 13360 --- [Training_management] [main] org.hibernate.SQL                        : create table administrateur (id bigint not null, primary key (id)) engine=InnoDB
2024-07-31T01:42:58.843+01:00 DEBUG 13360 --- [Training_management] [main] org.hibernate.SQL                        : create table avancement (id_formation bigint not null, id_participant bigint not null, avancement integer, primary key (id_formation, id_participant)) engine=InnoDB
2024-07-31T01:42:58.905+01:00 DEBUG 13360 --- [Training_management] [main] org.hibernate.SQL                        : create table domaine (id bigint not null auto_increment, libelle varchar(255), primary key (id)) engine=InnoDB
2024-07-31T01:42:58.991+01:00 DEBUG 13360 --- [Training_management] [main] org.hibernate.SQL                        : create table formateur (competences varchar(255), date_debut_disponibilite date, date_fin_disponibilite date, experiences_professionnelles varchar(255), heure_debut_disponibilite time(6), heure_fin_disponibilite time(6), id bigint not null, primary key (id)) engine=InnoDB
2024-07-31T01:42:59.069+01:00 DEBUG 13360 --- [Training_management] [main] org.hibernate.SQL                        : create table formation (id bigint not null auto_increment, date_debut date not null, date_fin date not null, description_formation varchar(255), titre varchar(255) not null, domaine_id bigint, primary key (id)) engine=InnoDB
2024-07-31T01:42:59.139+01:00 DEBUG 13360 --- [Training_management] [main] org.hibernate.SQL                        : create table inscription (id bigint not null auto_increment, id_participant bigint, id_session bigint, primary key (id)) engine=InnoDB
2024-07-31T01:42:59.182+01:00 DEBUG 13360 --- [Training_management] [main] org.hibernate.SQL                        : create table participant (competence varchar(255), id bigint not null, primary key (id)) engine=InnoDB
2024-07-31T01:42:59.220+01:00 DEBUG 13360 --- [Training_management] [main] org.hibernate.SQL                        : create table session_formation (id bigint not null auto_increment, date_session date, heure_debut time(6), heure_fin time(6), formateur_id bigint, formation_id bigint, primary key (id)) engine=InnoDB
2024-07-31T01:42:59.269+01:00 DEBUG 13360 --- [Training_management] [main] org.hibernate.SQL                        : create table utilisateur (id bigint not null auto_increment, email varchar(255), mot_de_passe varchar(255), nom_complet varchar(255), role enum ('ADMINISTRATEUR','FORMATEUR','PARTICIPANT'), telephone varchar(255), primary key (id)) engine=InnoDB
2024-07-31T01:42:59.362+01:00 DEBUG 13360 --- [Training_management] [main] org.hibernate.SQL                        : alter table utilisateur drop index UKrma38wvnqfaf66vvmi57c71lo
2024-07-31T01:42:59.444+01:00 DEBUG 13360 --- [Training_management] [main] org.hibernate.SQL                        : alter table utilisateur add constraint UKrma38wvnqfaf66vvmi57c71lo unique (email)
2024-07-31T01:42:59.535+01:00 DEBUG 13360 --- [Training_management] [main] org.hibernate.SQL                        : alter table administrateur add constraint FKawt6kv01mreprfwbksw65mm8y foreign key (id) references utilisateur (id)
2024-07-31T01:42:59.718+01:00 DEBUG 13360 --- [Training_management] [main] org.hibernate.SQL                        : alter table avancement add constraint FK7vxf0b44vnk5jwu8q37lnaxyn foreign key (id_formation) references formation (id)
2024-07-31T01:42:59.804+01:00 DEBUG 13360 --- [Training_management] [main] org.hibernate.SQL                        : alter table avancement add constraint FK9mcypt08ucj5h8h65h7bfefah foreign key (id_participant) references participant (id)
2024-07-31T01:42:59.894+01:00 DEBUG 13360 --- [Training_management] [main] org.hibernate.SQL                        : alter table formateur add constraint FKl2dovj3y7isqbwa0lrpc04m60 foreign key (id) references utilisateur (id)
2024-07-31T01:43:00.006+01:00 DEBUG 13360 --- [Training_management] [main] org.hibernate.SQL                        : alter table formation add constraint FKbanu5kftrbcreu1dpfw1ic8i3 foreign key (domaine_id) references domaine (id)
2024-07-31T01:43:00.181+01:00 DEBUG 13360 --- [Training_management] [main] org.hibernate.SQL                        : alter table inscription add constraint FKicnoax123oc2mehjuif7cog9o foreign key (id_participant) references participant (id)
2024-07-31T01:43:00.307+01:00 DEBUG 13360 --- [Training_management] [main] org.hibernate.SQL                        : alter table inscription add constraint FK1svyj857dfi9tgvvel1mlj88m foreign key (id_session) references session_formation (id)
2024-07-31T01:43:00.458+01:00 DEBUG 13360 --- [Training_management] [main] org.hibernate.SQL                        : alter table participant add constraint FK7e5fq2sm9cq2f48mytt0r1ge8 foreign key (id) references utilisateur (id)
2024-07-31T01:43:00.570+01:00 DEBUG 13360 --- [Training_management] [main] org.hibernate.SQL                        : alter table session_formation add constraint FK881ll90qpn9a2ub6ji012y3p5 foreign key (formateur_id) references formateur (id)
2024-07-31T01:43:00.703+01:00 DEBUG 13360 --- [Training_management] [main] org.hibernate.SQL                        : alter table session_formation add constraint FKifvwsp4kg8086jk5vg43c1fuw foreign key (formation_id) references formation (id)
2024-07-31T01:43:00.823+01:00 TRACE 13360 --- [Training_management] [main] o.h.type.spi.TypeConfiguration$Scope     : Handling #sessionFactoryCreated from [org.hibernate.internal.SessionFactoryImpl@4b1b2255] for TypeConfiguration
2024-07-31T01:43:00.824+01:00  INFO 13360 --- [Training_management] [main] j.LocalContainerEntityManagerFactoryBean : Initialized JPA EntityManagerFactory for persistence unit 'default'
2024-07-31T01:43:01.449+01:00  INFO 13360 --- [Training_management] [main] o.s.d.j.r.query.QueryEnhancerFactory     : Hibernate is in classpath; If applicable, HQL parser will be used.
2024-07-31T01:43:02.554+01:00  WARN 13360 --- [Training_management] [main] JpaBaseConfiguration$JpaWebConfiguration : spring.jpa.open-in-view is enabled by default. Therefore, database queries may be performed during view rendering. Explicitly configure spring.jpa.open-in-view to disable this warning
2024-07-31T01:43:02.827+01:00 DEBUG 13360 --- [Training_management] [main] s.w.s.m.m.a.RequestMappingHandlerMapping : 29 mappings in 'requestMappingHandlerMapping'
2024-07-31T01:43:02.992+01:00 DEBUG 13360 --- [Training_management] [main] o.s.w.s.handler.SimpleUrlHandlerMapping  : Patterns [/webjars/**, /**] in 'resourceHandlerMapping'
2024-07-31T01:43:03.114+01:00 DEBUG 13360 --- [Training_management] [main] s.w.s.m.m.a.RequestMappingHandlerAdapter : ControllerAdvice beans: 0 @ModelAttribute, 0 @InitBinder, 1 RequestBodyAdvice, 1 ResponseBodyAdvice
2024-07-31T01:43:03.192+01:00 DEBUG 13360 --- [Training_management] [main] .m.m.a.ExceptionHandlerExceptionResolver : ControllerAdvice beans: 0 @ExceptionHandler, 1 ResponseBodyAdvice
2024-07-31T01:43:03.445+01:00  INFO 13360 --- [Training_management] [main] o.s.b.w.embedded.tomcat.TomcatWebServer  : Tomcat started on port 8080 (http) with context path ''
2024-07-31T01:43:03.467+01:00  INFO 13360 --- [Training_management] [main] n.j.T.TrainingManagementApplication      : Started TrainingManagementApplication in 16.478 seconds (process running for 17.52)
2024-07-31T01:43:37.801+01:00  INFO 13360 --- [Training_management] [SpringApplicationShutdownHook] j.LocalContainerEntityManagerFactoryBean : Closing JPA EntityManagerFactory for persistence unit 'default'
2024-07-31T01:43:37.802+01:00 TRACE 13360 --- [Training_management] [SpringApplicationShutdownHook] o.h.type.spi.TypeConfiguration$Scope     : Handling #sessionFactoryClosed from [org.hibernate.internal.SessionFactoryImpl@4b1b2255] for TypeConfiguration
2024-07-31T01:43:37.803+01:00 DEBUG 13360 --- [Training_management] [SpringApplicationShutdownHook] o.h.type.spi.TypeConfiguration$Scope     : Un-scoping TypeConfiguration [org.hibernate.type.spi.TypeConfiguration$Scope@5215447c] from SessionFactory [org.hibernate.internal.SessionFactoryImpl@4b1b2255]
2024-07-31T01:43:37.804+01:00  INFO 13360 --- [Training_management] [SpringApplicationShutdownHook] com.zaxxer.hikari.HikariDataSource       : HikariPool-1 - Shutdown initiated...
2024-07-31T01:43:37.825+01:00  INFO 13360 --- [Training_management] [SpringApplicationShutdownHook] com.zaxxer.hikari.HikariDataSource       : HikariPool-1 - Shutdown completed.
2024-07-31T01:43:42.597+01:00  INFO 16740 --- [Training_management] [main] n.j.T.TrainingManagementApplication      : Starting TrainingManagementApplication using Java 22.0.2 with PID 16740 (C:\Users\dell\Downloads\Training_management (2) (2)\Training_management (2)\Training_management\Training_management\target\classes started by dell in C:\Users\dell\Downloads\Training_management (2) (2))
2024-07-31T01:43:42.601+01:00  INFO 16740 --- [Training_management] [main] n.j.T.TrainingManagementApplication      : No active profile set, falling back to 1 default profile: "default"
2024-07-31T01:43:44.000+01:00  INFO 16740 --- [Training_management] [main] .s.d.r.c.RepositoryConfigurationDelegate : Bootstrapping Spring Data JPA repositories in DEFAULT mode.
2024-07-31T01:43:44.189+01:00  INFO 16740 --- [Training_management] [main] .s.d.r.c.RepositoryConfigurationDelegate : Finished Spring Data repository scanning in 170 ms. Found 9 JPA repository interfaces.
2024-07-31T01:43:45.937+01:00  INFO 16740 --- [Training_management] [main] o.s.b.w.embedded.tomcat.TomcatWebServer  : Tomcat initialized with port 8080 (http)
2024-07-31T01:43:45.965+01:00  INFO 16740 --- [Training_management] [main] o.apache.catalina.core.StandardService   : Starting service [Tomcat]
2024-07-31T01:43:45.966+01:00  INFO 16740 --- [Training_management] [main] o.apache.catalina.core.StandardEngine    : Starting Servlet engine: [Apache Tomcat/10.1.20]
2024-07-31T01:43:46.132+01:00  INFO 16740 --- [Training_management] [main] o.a.c.c.C.[Tomcat].[localhost].[/]       : Initializing Spring embedded WebApplicationContext
2024-07-31T01:43:46.133+01:00  INFO 16740 --- [Training_management] [main] w.s.c.ServletWebServerApplicationContext : Root WebApplicationContext: initialization completed in 3407 ms
2024-07-31T01:43:46.583+01:00  INFO 16740 --- [Training_management] [main] o.hibernate.jpa.internal.util.LogHelper  : HHH000204: Processing PersistenceUnitInfo [name: default]
2024-07-31T01:43:46.733+01:00  INFO 16740 --- [Training_management] [main] org.hibernate.Version                    : HHH000412: Hibernate ORM core version 6.4.4.Final
2024-07-31T01:43:46.804+01:00  INFO 16740 --- [Training_management] [main] o.h.c.internal.RegionFactoryInitiator    : HHH000026: Second-level cache disabled
2024-07-31T01:43:47.047+01:00 DEBUG 16740 --- [Training_management] [main] org.hibernate.type.BasicTypeRegistry     : Adding type registration boolean -> org.hibernate.type.BasicTypeReference@562919fe
2024-07-31T01:43:47.049+01:00 DEBUG 16740 --- [Training_management] [main] org.hibernate.type.BasicTypeRegistry     : Adding type registration boolean -> org.hibernate.type.BasicTypeReference@562919fe
2024-07-31T01:43:47.049+01:00 DEBUG 16740 --- [Training_management] [main] org.hibernate.type.BasicTypeRegistry     : Adding type registration java.lang.Boolean -> org.hibernate.type.BasicTypeReference@562919fe
2024-07-31T01:43:47.049+01:00 DEBUG 16740 --- [Training_management] [main] org.hibernate.type.BasicTypeRegistry     : Adding type registration numeric_boolean -> org.hibernate.type.BasicTypeReference@794f11cd
2024-07-31T01:43:47.049+01:00 DEBUG 16740 --- [Training_management] [main] org.hibernate.type.BasicTypeRegistry     : Adding type registration org.hibernate.type.NumericBooleanConverter -> org.hibernate.type.BasicTypeReference@794f11cd
2024-07-31T01:43:47.050+01:00 DEBUG 16740 --- [Training_management] [main] org.hibernate.type.BasicTypeRegistry     : Adding type registration true_false -> org.hibernate.type.BasicTypeReference@715f45c6
2024-07-31T01:43:47.051+01:00 DEBUG 16740 --- [Training_management] [main] org.hibernate.type.BasicTypeRegistry     : Adding type registration org.hibernate.type.TrueFalseConverter -> org.hibernate.type.BasicTypeReference@715f45c6
2024-07-31T01:43:47.052+01:00 DEBUG 16740 --- [Training_management] [main] org.hibernate.type.BasicTypeRegistry     : Adding type registration yes_no -> org.hibernate.type.BasicTypeReference@5d5c41e5
2024-07-31T01:43:47.052+01:00 DEBUG 16740 --- [Training_management] [main] org.hibernate.type.BasicTypeRegistry     : Adding type registration org.hibernate.type.YesNoConverter -> org.hibernate.type.BasicTypeReference@5d5c41e5
2024-07-31T01:43:47.052+01:00 DEBUG 16740 --- [Training_management] [main] org.hibernate.type.BasicTypeRegistry     : Adding type registration byte -> org.hibernate.type.BasicTypeReference@43245559
2024-07-31T01:43:47.052+01:00 DEBUG 16740 --- [Training_management] [main] org.hibernate.type.BasicTypeRegistry     : Adding type registration byte -> org.hibernate.type.BasicTypeReference@43245559
2024-07-31T01:43:47.052+01:00 DEBUG 16740 --- [Training_management] [main] org.hibernate.type.BasicTypeRegistry     : Adding type registration java.lang.Byte -> org.hibernate.type.BasicTypeReference@43245559
2024-07-31T01:43:47.052+01:00 DEBUG 16740 --- [Training_management] [main] org.hibernate.type.BasicTypeRegistry     : Adding type registration binary -> org.hibernate.type.BasicTypeReference@42e4e589
2024-07-31T01:43:47.052+01:00 DEBUG 16740 --- [Training_management] [main] org.hibernate.type.BasicTypeRegistry     : Adding type registration byte[] -> org.hibernate.type.BasicTypeReference@42e4e589
2024-07-31T01:43:47.053+01:00 DEBUG 16740 --- [Training_management] [main] org.hibernate.type.BasicTypeRegistry     : Adding type registration [B -> org.hibernate.type.BasicTypeReference@42e4e589
2024-07-31T01:43:47.054+01:00 DEBUG 16740 --- [Training_management] [main] org.hibernate.type.BasicTypeRegistry     : Adding type registration binary_wrapper -> org.hibernate.type.BasicTypeReference@499ee966
2024-07-31T01:43:47.054+01:00 DEBUG 16740 --- [Training_management] [main] org.hibernate.type.BasicTypeRegistry     : Adding type registration wrapper-binary -> org.hibernate.type.BasicTypeReference@499ee966
2024-07-31T01:43:47.054+01:00 DEBUG 16740 --- [Training_management] [main] org.hibernate.type.BasicTypeRegistry     : Adding type registration image -> org.hibernate.type.BasicTypeReference@76f2dad9
2024-07-31T01:43:47.055+01:00 DEBUG 16740 --- [Training_management] [main] org.hibernate.type.BasicTypeRegistry     : Adding type registration blob -> org.hibernate.type.BasicTypeReference@171dc7c3
2024-07-31T01:43:47.056+01:00 DEBUG 16740 --- [Training_management] [main] org.hibernate.type.BasicTypeRegistry     : Adding type registration java.sql.Blob -> org.hibernate.type.BasicTypeReference@171dc7c3
2024-07-31T01:43:47.057+01:00 DEBUG 16740 --- [Training_management] [main] org.hibernate.type.BasicTypeRegistry     : Adding type registration materialized_blob -> org.hibernate.type.BasicTypeReference@72b0a004
2024-07-31T01:43:47.058+01:00 DEBUG 16740 --- [Training_management] [main] org.hibernate.type.BasicTypeRegistry     : Adding type registration materialized_blob_wrapper -> org.hibernate.type.BasicTypeReference@4cdba2ed
2024-07-31T01:43:47.060+01:00 DEBUG 16740 --- [Training_management] [main] org.hibernate.type.BasicTypeRegistry     : Adding type registration short -> org.hibernate.type.BasicTypeReference@2c1f8dbd
2024-07-31T01:43:47.061+01:00 DEBUG 16740 --- [Training_management] [main] org.hibernate.type.BasicTypeRegistry     : Adding type registration short -> org.hibernate.type.BasicTypeReference@2c1f8dbd
2024-07-31T01:43:47.061+01:00 DEBUG 16740 --- [Training_management] [main] org.hibernate.type.BasicTypeRegistry     : Adding type registration java.lang.Short -> org.hibernate.type.BasicTypeReference@2c1f8dbd
2024-07-31T01:43:47.061+01:00 DEBUG 16740 --- [Training_management] [main] org.hibernate.type.BasicTypeRegistry     : Adding type registration integer -> org.hibernate.type.BasicTypeReference@55c57422
2024-07-31T01:43:47.062+01:00 DEBUG 16740 --- [Training_management] [main] org.hibernate.type.BasicTypeRegistry     : Adding type registration int -> org.hibernate.type.BasicTypeReference@55c57422
2024-07-31T01:43:47.063+01:00 DEBUG 16740 --- [Training_management] [main] org.hibernate.type.BasicTypeRegistry     : Adding type registration java.lang.Integer -> org.hibernate.type.BasicTypeReference@55c57422
2024-07-31T01:43:47.063+01:00 DEBUG 16740 --- [Training_management] [main] org.hibernate.type.BasicTypeRegistry     : Adding type registration long -> org.hibernate.type.BasicTypeReference@22825e1e
2024-07-31T01:43:47.064+01:00 DEBUG 16740 --- [Training_management] [main] org.hibernate.type.BasicTypeRegistry     : Adding type registration long -> org.hibernate.type.BasicTypeReference@22825e1e
2024-07-31T01:43:47.065+01:00 DEBUG 16740 --- [Training_management] [main] org.hibernate.type.BasicTypeRegistry     : Adding type registration java.lang.Long -> org.hibernate.type.BasicTypeReference@22825e1e
2024-07-31T01:43:47.065+01:00 DEBUG 16740 --- [Training_management] [main] org.hibernate.type.BasicTypeRegistry     : Adding type registration float -> org.hibernate.type.BasicTypeReference@335f5c69
2024-07-31T01:43:47.065+01:00 DEBUG 16740 --- [Training_management] [main] org.hibernate.type.BasicTypeRegistry     : Adding type registration float -> org.hibernate.type.BasicTypeReference@335f5c69
2024-07-31T01:43:47.065+01:00 DEBUG 16740 --- [Training_management] [main] org.hibernate.type.BasicTypeRegistry     : Adding type registration java.lang.Float -> org.hibernate.type.BasicTypeReference@335f5c69
2024-07-31T01:43:47.065+01:00 DEBUG 16740 --- [Training_management] [main] org.hibernate.type.BasicTypeRegistry     : Adding type registration double -> org.hibernate.type.BasicTypeReference@63fd4dda
2024-07-31T01:43:47.067+01:00 DEBUG 16740 --- [Training_management] [main] org.hibernate.type.BasicTypeRegistry     : Adding type registration double -> org.hibernate.type.BasicTypeReference@63fd4dda
2024-07-31T01:43:47.070+01:00 DEBUG 16740 --- [Training_management] [main] org.hibernate.type.BasicTypeRegistry     : Adding type registration java.lang.Double -> org.hibernate.type.BasicTypeReference@63fd4dda
2024-07-31T01:43:47.070+01:00 DEBUG 16740 --- [Training_management] [main] org.hibernate.type.BasicTypeRegistry     : Adding type registration big_integer -> org.hibernate.type.BasicTypeReference@1d6751e3
2024-07-31T01:43:47.071+01:00 DEBUG 16740 --- [Training_management] [main] org.hibernate.type.BasicTypeRegistry     : Adding type registration java.math.BigInteger -> org.hibernate.type.BasicTypeReference@1d6751e3
2024-07-31T01:43:47.073+01:00 DEBUG 16740 --- [Training_management] [main] org.hibernate.type.BasicTypeRegistry     : Adding type registration big_decimal -> org.hibernate.type.BasicTypeReference@2d258eff
2024-07-31T01:43:47.074+01:00 DEBUG 16740 --- [Training_management] [main] org.hibernate.type.BasicTypeRegistry     : Adding type registration java.math.BigDecimal -> org.hibernate.type.BasicTypeReference@2d258eff
2024-07-31T01:43:47.074+01:00 DEBUG 16740 --- [Training_management] [main] org.hibernate.type.BasicTypeRegistry     : Adding type registration character -> org.hibernate.type.BasicTypeReference@64502326
2024-07-31T01:43:47.078+01:00 DEBUG 16740 --- [Training_management] [main] org.hibernate.type.BasicTypeRegistry     : Adding type registration char -> org.hibernate.type.BasicTypeReference@64502326
2024-07-31T01:43:47.078+01:00 DEBUG 16740 --- [Training_management] [main] org.hibernate.type.BasicTypeRegistry     : Adding type registration java.lang.Character -> org.hibernate.type.BasicTypeReference@64502326
2024-07-31T01:43:47.079+01:00 DEBUG 16740 --- [Training_management] [main] org.hibernate.type.BasicTypeRegistry     : Adding type registration character_nchar -> org.hibernate.type.BasicTypeReference@6dca31eb
2024-07-31T01:43:47.079+01:00 DEBUG 16740 --- [Training_management] [main] org.hibernate.type.BasicTypeRegistry     : Adding type registration string -> org.hibernate.type.BasicTypeReference@4a058df8
2024-07-31T01:43:47.079+01:00 DEBUG 16740 --- [Training_management] [main] org.hibernate.type.BasicTypeRegistry     : Adding type registration java.lang.String -> org.hibernate.type.BasicTypeReference@4a058df8
2024-07-31T01:43:47.080+01:00 DEBUG 16740 --- [Training_management] [main] org.hibernate.type.BasicTypeRegistry     : Adding type registration nstring -> org.hibernate.type.BasicTypeReference@4b56b031
2024-07-31T01:43:47.082+01:00 DEBUG 16740 --- [Training_management] [main] org.hibernate.type.BasicTypeRegistry     : Adding type registration characters -> org.hibernate.type.BasicTypeReference@2e7af36e
2024-07-31T01:43:47.083+01:00 DEBUG 16740 --- [Training_management] [main] org.hibernate.type.BasicTypeRegistry     : Adding type registration char[] -> org.hibernate.type.BasicTypeReference@2e7af36e
2024-07-31T01:43:47.083+01:00 DEBUG 16740 --- [Training_management] [main] org.hibernate.type.BasicTypeRegistry     : Adding type registration [C -> org.hibernate.type.BasicTypeReference@2e7af36e
2024-07-31T01:43:47.083+01:00 DEBUG 16740 --- [Training_management] [main] org.hibernate.type.BasicTypeRegistry     : Adding type registration wrapper-characters -> org.hibernate.type.BasicTypeReference@1283ca23
2024-07-31T01:43:47.088+01:00 DEBUG 16740 --- [Training_management] [main] org.hibernate.type.BasicTypeRegistry     : Adding type registration text -> org.hibernate.type.BasicTypeReference@740fefc6
2024-07-31T01:43:47.088+01:00 DEBUG 16740 --- [Training_management] [main] org.hibernate.type.BasicTypeRegistry     : Adding type registration ntext -> org.hibernate.type.BasicTypeReference@aa61e4e
2024-07-31T01:43:47.093+01:00 DEBUG 16740 --- [Training_management] [main] org.hibernate.type.BasicTypeRegistry     : Adding type registration clob -> org.hibernate.type.BasicTypeReference@733e6df7
2024-07-31T01:43:47.095+01:00 DEBUG 16740 --- [Training_management] [main] org.hibernate.type.BasicTypeRegistry     : Adding type registration java.sql.Clob -> org.hibernate.type.BasicTypeReference@733e6df7
2024-07-31T01:43:47.097+01:00 DEBUG 16740 --- [Training_management] [main] org.hibernate.type.BasicTypeRegistry     : Adding type registration nclob -> org.hibernate.type.BasicTypeReference@7fe07361
2024-07-31T01:43:47.097+01:00 DEBUG 16740 --- [Training_management] [main] org.hibernate.type.BasicTypeRegistry     : Adding type registration java.sql.NClob -> org.hibernate.type.BasicTypeReference@7fe07361
2024-07-31T01:43:47.097+01:00 DEBUG 16740 --- [Training_management] [main] org.hibernate.type.BasicTypeRegistry     : Adding type registration materialized_clob -> org.hibernate.type.BasicTypeReference@741ac284
2024-07-31T01:43:47.097+01:00 DEBUG 16740 --- [Training_management] [main] org.hibernate.type.BasicTypeRegistry     : Adding type registration materialized_clob_char_array -> org.hibernate.type.BasicTypeReference@4ef4f627
2024-07-31T01:43:47.097+01:00 DEBUG 16740 --- [Training_management] [main] org.hibernate.type.BasicTypeRegistry     : Adding type registration materialized_clob_character_array -> org.hibernate.type.BasicTypeReference@4ea56bdb
2024-07-31T01:43:47.097+01:00 DEBUG 16740 --- [Training_management] [main] org.hibernate.type.BasicTypeRegistry     : Adding type registration materialized_nclob -> org.hibernate.type.BasicTypeReference@32227215
2024-07-31T01:43:47.097+01:00 DEBUG 16740 --- [Training_management] [main] org.hibernate.type.BasicTypeRegistry     : Adding type registration materialized_nclob_character_array -> org.hibernate.type.BasicTypeReference@108e9837
2024-07-31T01:43:47.097+01:00 DEBUG 16740 --- [Training_management] [main] org.hibernate.type.BasicTypeRegistry     : Adding type registration materialized_nclob_char_array -> org.hibernate.type.BasicTypeReference@79a201cf
2024-07-31T01:43:47.097+01:00 DEBUG 16740 --- [Training_management] [main] org.hibernate.type.BasicTypeRegistry     : Adding type registration Duration -> org.hibernate.type.BasicTypeReference@1cbc5693
2024-07-31T01:43:47.098+01:00 DEBUG 16740 --- [Training_management] [main] org.hibernate.type.BasicTypeRegistry     : Adding type registration java.time.Duration -> org.hibernate.type.BasicTypeReference@1cbc5693
2024-07-31T01:43:47.099+01:00 DEBUG 16740 --- [Training_management] [main] org.hibernate.type.BasicTypeRegistry     : Adding type registration LocalDateTime -> org.hibernate.type.BasicTypeReference@3d2f3dcb
2024-07-31T01:43:47.100+01:00 DEBUG 16740 --- [Training_management] [main] org.hibernate.type.BasicTypeRegistry     : Adding type registration java.time.LocalDateTime -> org.hibernate.type.BasicTypeReference@3d2f3dcb
2024-07-31T01:43:47.100+01:00 DEBUG 16740 --- [Training_management] [main] org.hibernate.type.BasicTypeRegistry     : Adding type registration LocalDate -> org.hibernate.type.BasicTypeReference@59845579
2024-07-31T01:43:47.100+01:00 DEBUG 16740 --- [Training_management] [main] org.hibernate.type.BasicTypeRegistry     : Adding type registration java.time.LocalDate -> org.hibernate.type.BasicTypeReference@59845579
2024-07-31T01:43:47.101+01:00 DEBUG 16740 --- [Training_management] [main] org.hibernate.type.BasicTypeRegistry     : Adding type registration LocalTime -> org.hibernate.type.BasicTypeReference@30c19bff
2024-07-31T01:43:47.101+01:00 DEBUG 16740 --- [Training_management] [main] org.hibernate.type.BasicTypeRegistry     : Adding type registration java.time.LocalTime -> org.hibernate.type.BasicTypeReference@30c19bff
2024-07-31T01:43:47.101+01:00 DEBUG 16740 --- [Training_management] [main] org.hibernate.type.BasicTypeRegistry     : Adding type registration OffsetDateTime -> org.hibernate.type.BasicTypeReference@4e375bba
2024-07-31T01:43:47.101+01:00 DEBUG 16740 --- [Training_management] [main] org.hibernate.type.BasicTypeRegistry     : Adding type registration java.time.OffsetDateTime -> org.hibernate.type.BasicTypeReference@4e375bba
2024-07-31T01:43:47.102+01:00 DEBUG 16740 --- [Training_management] [main] org.hibernate.type.BasicTypeRegistry     : Adding type registration OffsetDateTimeWithTimezone -> org.hibernate.type.BasicTypeReference@ab2e6d2
2024-07-31T01:43:47.102+01:00 DEBUG 16740 --- [Training_management] [main] org.hibernate.type.BasicTypeRegistry     : Adding type registration OffsetDateTimeWithoutTimezone -> org.hibernate.type.BasicTypeReference@71664560
2024-07-31T01:43:47.102+01:00 DEBUG 16740 --- [Training_management] [main] org.hibernate.type.BasicTypeRegistry     : Adding type registration OffsetTime -> org.hibernate.type.BasicTypeReference@4d4436d0
2024-07-31T01:43:47.102+01:00 DEBUG 16740 --- [Training_management] [main] org.hibernate.type.BasicTypeRegistry     : Adding type registration java.time.OffsetTime -> org.hibernate.type.BasicTypeReference@4d4436d0
2024-07-31T01:43:47.103+01:00 DEBUG 16740 --- [Training_management] [main] org.hibernate.type.BasicTypeRegistry     : Adding type registration OffsetTimeUtc -> org.hibernate.type.BasicTypeReference@39da5e49
2024-07-31T01:43:47.103+01:00 DEBUG 16740 --- [Training_management] [main] org.hibernate.type.BasicTypeRegistry     : Adding type registration OffsetTimeWithTimezone -> org.hibernate.type.BasicTypeReference@2443abd6
2024-07-31T01:43:47.103+01:00 DEBUG 16740 --- [Training_management] [main] org.hibernate.type.BasicTypeRegistry     : Adding type registration OffsetTimeWithoutTimezone -> org.hibernate.type.BasicTypeReference@674da77b
2024-07-31T01:43:47.103+01:00 DEBUG 16740 --- [Training_management] [main] org.hibernate.type.BasicTypeRegistry     : Adding type registration ZonedDateTime -> org.hibernate.type.BasicTypeReference@bd3eff4
2024-07-31T01:43:47.103+01:00 DEBUG 16740 --- [Training_management] [main] org.hibernate.type.BasicTypeRegistry     : Adding type registration java.time.ZonedDateTime -> org.hibernate.type.BasicTypeReference@bd3eff4
2024-07-31T01:43:47.104+01:00 DEBUG 16740 --- [Training_management] [main] org.hibernate.type.BasicTypeRegistry     : Adding type registration ZonedDateTimeWithTimezone -> org.hibernate.type.BasicTypeReference@6010d0d1
2024-07-31T01:43:47.104+01:00 DEBUG 16740 --- [Training_management] [main] org.hibernate.type.BasicTypeRegistry     : Adding type registration ZonedDateTimeWithoutTimezone -> org.hibernate.type.BasicTypeReference@5934ca1e
2024-07-31T01:43:47.104+01:00 DEBUG 16740 --- [Training_management] [main] org.hibernate.type.BasicTypeRegistry     : Adding type registration date -> org.hibernate.type.BasicTypeReference@5348d83c
2024-07-31T01:43:47.104+01:00 DEBUG 16740 --- [Training_management] [main] org.hibernate.type.BasicTypeRegistry     : Adding type registration java.sql.Date -> org.hibernate.type.BasicTypeReference@5348d83c
2024-07-31T01:43:47.104+01:00 DEBUG 16740 --- [Training_management] [main] org.hibernate.type.BasicTypeRegistry     : Adding type registration time -> org.hibernate.type.BasicTypeReference@477021ee
2024-07-31T01:43:47.105+01:00 DEBUG 16740 --- [Training_management] [main] org.hibernate.type.BasicTypeRegistry     : Adding type registration java.sql.Time -> org.hibernate.type.BasicTypeReference@477021ee
2024-07-31T01:43:47.105+01:00 DEBUG 16740 --- [Training_management] [main] org.hibernate.type.BasicTypeRegistry     : Adding type registration timestamp -> org.hibernate.type.BasicTypeReference@2180e789
2024-07-31T01:43:47.105+01:00 DEBUG 16740 --- [Training_management] [main] org.hibernate.type.BasicTypeRegistry     : Adding type registration java.sql.Timestamp -> org.hibernate.type.BasicTypeReference@2180e789
2024-07-31T01:43:47.105+01:00 DEBUG 16740 --- [Training_management] [main] org.hibernate.type.BasicTypeRegistry     : Adding type registration java.util.Date -> org.hibernate.type.BasicTypeReference@2180e789
2024-07-31T01:43:47.106+01:00 DEBUG 16740 --- [Training_management] [main] org.hibernate.type.BasicTypeRegistry     : Adding type registration calendar -> org.hibernate.type.BasicTypeReference@5e9bbd9d
2024-07-31T01:43:47.106+01:00 DEBUG 16740 --- [Training_management] [main] org.hibernate.type.BasicTypeRegistry     : Adding type registration java.util.Calendar -> org.hibernate.type.BasicTypeReference@5e9bbd9d
2024-07-31T01:43:47.106+01:00 DEBUG 16740 --- [Training_management] [main] org.hibernate.type.BasicTypeRegistry     : Adding type registration java.util.GregorianCalendar -> org.hibernate.type.BasicTypeReference@5e9bbd9d
2024-07-31T01:43:47.106+01:00 DEBUG 16740 --- [Training_management] [main] org.hibernate.type.BasicTypeRegistry     : Adding type registration calendar_date -> org.hibernate.type.BasicTypeReference@4b87074a
2024-07-31T01:43:47.106+01:00 DEBUG 16740 --- [Training_management] [main] org.hibernate.type.BasicTypeRegistry     : Adding type registration calendar_time -> org.hibernate.type.BasicTypeReference@d3e3085
2024-07-31T01:43:47.106+01:00 DEBUG 16740 --- [Training_management] [main] org.hibernate.type.BasicTypeRegistry     : Adding type registration instant -> org.hibernate.type.BasicTypeReference@2ba42204
2024-07-31T01:43:47.106+01:00 DEBUG 16740 --- [Training_management] [main] org.hibernate.type.BasicTypeRegistry     : Adding type registration java.time.Instant -> org.hibernate.type.BasicTypeReference@2ba42204
2024-07-31T01:43:47.107+01:00 DEBUG 16740 --- [Training_management] [main] org.hibernate.type.BasicTypeRegistry     : Adding type registration uuid -> org.hibernate.type.BasicTypeReference@285005b8
2024-07-31T01:43:47.107+01:00 DEBUG 16740 --- [Training_management] [main] org.hibernate.type.BasicTypeRegistry     : Adding type registration java.util.UUID -> org.hibernate.type.BasicTypeReference@285005b8
2024-07-31T01:43:47.107+01:00 DEBUG 16740 --- [Training_management] [main] org.hibernate.type.BasicTypeRegistry     : Adding type registration pg-uuid -> org.hibernate.type.BasicTypeReference@285005b8
2024-07-31T01:43:47.108+01:00 DEBUG 16740 --- [Training_management] [main] org.hibernate.type.BasicTypeRegistry     : Adding type registration uuid-binary -> org.hibernate.type.BasicTypeReference@5b1efaaf
2024-07-31T01:43:47.108+01:00 DEBUG 16740 --- [Training_management] [main] org.hibernate.type.BasicTypeRegistry     : Adding type registration uuid-char -> org.hibernate.type.BasicTypeReference@27585351
2024-07-31T01:43:47.108+01:00 DEBUG 16740 --- [Training_management] [main] org.hibernate.type.BasicTypeRegistry     : Adding type registration class -> org.hibernate.type.BasicTypeReference@2de6f1bc
2024-07-31T01:43:47.108+01:00 DEBUG 16740 --- [Training_management] [main] org.hibernate.type.BasicTypeRegistry     : Adding type registration java.lang.Class -> org.hibernate.type.BasicTypeReference@2de6f1bc
2024-07-31T01:43:47.108+01:00 DEBUG 16740 --- [Training_management] [main] org.hibernate.type.BasicTypeRegistry     : Adding type registration currency -> org.hibernate.type.BasicTypeReference@5b35c7d
2024-07-31T01:43:47.109+01:00 DEBUG 16740 --- [Training_management] [main] org.hibernate.type.BasicTypeRegistry     : Adding type registration Currency -> org.hibernate.type.BasicTypeReference@5b35c7d
2024-07-31T01:43:47.109+01:00 DEBUG 16740 --- [Training_management] [main] org.hibernate.type.BasicTypeRegistry     : Adding type registration java.util.Currency -> org.hibernate.type.BasicTypeReference@5b35c7d
2024-07-31T01:43:47.110+01:00 DEBUG 16740 --- [Training_management] [main] org.hibernate.type.BasicTypeRegistry     : Adding type registration locale -> org.hibernate.type.BasicTypeReference@29d405e6
2024-07-31T01:43:47.110+01:00 DEBUG 16740 --- [Training_management] [main] org.hibernate.type.BasicTypeRegistry     : Adding type registration java.util.Locale -> org.hibernate.type.BasicTypeReference@29d405e6
2024-07-31T01:43:47.110+01:00 DEBUG 16740 --- [Training_management] [main] org.hibernate.type.BasicTypeRegistry     : Adding type registration serializable -> org.hibernate.type.BasicTypeReference@4c731956
2024-07-31T01:43:47.110+01:00 DEBUG 16740 --- [Training_management] [main] org.hibernate.type.BasicTypeRegistry     : Adding type registration java.io.Serializable -> org.hibernate.type.BasicTypeReference@4c731956
2024-07-31T01:43:47.111+01:00 DEBUG 16740 --- [Training_management] [main] org.hibernate.type.BasicTypeRegistry     : Adding type registration timezone -> org.hibernate.type.BasicTypeReference@56826a75
2024-07-31T01:43:47.111+01:00 DEBUG 16740 --- [Training_management] [main] org.hibernate.type.BasicTypeRegistry     : Adding type registration java.util.TimeZone -> org.hibernate.type.BasicTypeReference@56826a75
2024-07-31T01:43:47.111+01:00 DEBUG 16740 --- [Training_management] [main] org.hibernate.type.BasicTypeRegistry     : Adding type registration ZoneOffset -> org.hibernate.type.BasicTypeReference@49cd946c
2024-07-31T01:43:47.111+01:00 DEBUG 16740 --- [Training_management] [main] org.hibernate.type.BasicTypeRegistry     : Adding type registration java.time.ZoneOffset -> org.hibernate.type.BasicTypeReference@49cd946c
2024-07-31T01:43:47.114+01:00 DEBUG 16740 --- [Training_management] [main] org.hibernate.type.BasicTypeRegistry     : Adding type registration url -> org.hibernate.type.BasicTypeReference@40bf4386
2024-07-31T01:43:47.115+01:00 DEBUG 16740 --- [Training_management] [main] org.hibernate.type.BasicTypeRegistry     : Adding type registration java.net.URL -> org.hibernate.type.BasicTypeReference@40bf4386
2024-07-31T01:43:47.115+01:00 DEBUG 16740 --- [Training_management] [main] org.hibernate.type.BasicTypeRegistry     : Adding type registration vector -> org.hibernate.type.BasicTypeReference@14d25b6e
2024-07-31T01:43:47.115+01:00 DEBUG 16740 --- [Training_management] [main] org.hibernate.type.BasicTypeRegistry     : Adding type registration row_version -> org.hibernate.type.BasicTypeReference@51c65a43
2024-07-31T01:43:47.125+01:00 DEBUG 16740 --- [Training_management] [main] org.hibernate.type.BasicTypeRegistry     : Adding type registration object -> org.hibernate.type.JavaObjectType@4c531172
2024-07-31T01:43:47.126+01:00 DEBUG 16740 --- [Training_management] [main] org.hibernate.type.BasicTypeRegistry     : Adding type registration java.lang.Object -> org.hibernate.type.JavaObjectType@4c531172
2024-07-31T01:43:47.128+01:00 DEBUG 16740 --- [Training_management] [main] org.hibernate.type.BasicTypeRegistry     : Adding type registration null -> org.hibernate.type.NullType@195580ba
2024-07-31T01:43:47.129+01:00 DEBUG 16740 --- [Training_management] [main] org.hibernate.type.BasicTypeRegistry     : Adding type registration imm_date -> org.hibernate.type.BasicTypeReference@3c25cfe1
2024-07-31T01:43:47.130+01:00 DEBUG 16740 --- [Training_management] [main] org.hibernate.type.BasicTypeRegistry     : Adding type registration imm_time -> org.hibernate.type.BasicTypeReference@2a140ce5
2024-07-31T01:43:47.130+01:00 DEBUG 16740 --- [Training_management] [main] org.hibernate.type.BasicTypeRegistry     : Adding type registration imm_timestamp -> org.hibernate.type.BasicTypeReference@1f71194d
2024-07-31T01:43:47.130+01:00 DEBUG 16740 --- [Training_management] [main] org.hibernate.type.BasicTypeRegistry     : Adding type registration imm_calendar -> org.hibernate.type.BasicTypeReference@db99785
2024-07-31T01:43:47.130+01:00 DEBUG 16740 --- [Training_management] [main] org.hibernate.type.BasicTypeRegistry     : Adding type registration imm_calendar_date -> org.hibernate.type.BasicTypeReference@70716259
2024-07-31T01:43:47.130+01:00 DEBUG 16740 --- [Training_management] [main] org.hibernate.type.BasicTypeRegistry     : Adding type registration imm_calendar_time -> org.hibernate.type.BasicTypeReference@7a083b96
2024-07-31T01:43:47.132+01:00 DEBUG 16740 --- [Training_management] [main] org.hibernate.type.BasicTypeRegistry     : Adding type registration imm_binary -> org.hibernate.type.BasicTypeReference@6da4feeb
2024-07-31T01:43:47.132+01:00 DEBUG 16740 --- [Training_management] [main] org.hibernate.type.BasicTypeRegistry     : Adding type registration imm_serializable -> org.hibernate.type.BasicTypeReference@2c604965
2024-07-31T01:43:47.926+01:00  INFO 16740 --- [Training_management] [main] o.s.o.j.p.SpringPersistenceUnitInfo      : No LoadTimeWeaver setup: ignoring JPA class transformer
2024-07-31T01:43:47.989+01:00  INFO 16740 --- [Training_management] [main] com.zaxxer.hikari.HikariDataSource       : HikariPool-1 - Starting...
2024-07-31T01:43:48.688+01:00  INFO 16740 --- [Training_management] [main] com.zaxxer.hikari.pool.HikariPool        : HikariPool-1 - Added connection com.mysql.cj.jdbc.ConnectionImpl@34f23816
2024-07-31T01:43:48.691+01:00  INFO 16740 --- [Training_management] [main] com.zaxxer.hikari.HikariDataSource       : HikariPool-1 - Start completed.
2024-07-31T01:43:48.789+01:00  WARN 16740 --- [Training_management] [main] org.hibernate.orm.deprecation            : HHH90000025: MySQLDialect does not need to be specified explicitly using 'hibernate.dialect' (remove the property setting and it will be selected by default)
2024-07-31T01:43:48.861+01:00 DEBUG 16740 --- [Training_management] [main] o.h.t.d.sql.spi.DdlTypeRegistry          : addDescriptor(12, org.hibernate.type.descriptor.sql.internal.CapacityDependentDdlType@1e471884) replaced previous registration(org.hibernate.type.descriptor.sql.internal.CapacityDependentDdlType@27261190)
2024-07-31T01:43:48.861+01:00 DEBUG 16740 --- [Training_management] [main] o.h.t.d.sql.spi.DdlTypeRegistry          : addDescriptor(-9, org.hibernate.type.descriptor.sql.internal.CapacityDependentDdlType@543b0737) replaced previous registration(org.hibernate.type.descriptor.sql.internal.CapacityDependentDdlType@6e46891d)
2024-07-31T01:43:48.862+01:00 DEBUG 16740 --- [Training_management] [main] o.h.t.d.sql.spi.DdlTypeRegistry          : addDescriptor(-3, org.hibernate.type.descriptor.sql.internal.CapacityDependentDdlType@48632f69) replaced previous registration(org.hibernate.type.descriptor.sql.internal.CapacityDependentDdlType@5fde1d64)
2024-07-31T01:43:48.863+01:00 DEBUG 16740 --- [Training_management] [main] o.h.t.d.sql.spi.DdlTypeRegistry          : addDescriptor(4003, org.hibernate.type.descriptor.sql.internal.DdlTypeImpl@5350ab17) replaced previous registration(org.hibernate.type.descriptor.sql.internal.DdlTypeImpl@984de01)
2024-07-31T01:43:48.863+01:00 DEBUG 16740 --- [Training_management] [main] o.h.t.d.sql.spi.DdlTypeRegistry          : addDescriptor(4001, org.hibernate.type.descriptor.sql.internal.DdlTypeImpl@58cda03f) replaced previous registration(org.hibernate.type.descriptor.sql.internal.DdlTypeImpl@7757a37f)
2024-07-31T01:43:48.863+01:00 DEBUG 16740 --- [Training_management] [main] o.h.t.d.sql.spi.DdlTypeRegistry          : addDescriptor(4002, org.hibernate.type.descriptor.sql.internal.DdlTypeImpl@2109a691) replaced previous registration(org.hibernate.type.descriptor.sql.internal.DdlTypeImpl@e521067)
2024-07-31T01:43:48.864+01:00 DEBUG 16740 --- [Training_management] [main] o.h.t.d.sql.spi.DdlTypeRegistry          : addDescriptor(2004, org.hibernate.type.descriptor.sql.internal.CapacityDependentDdlType@3bab95ca) replaced previous registration(org.hibernate.type.descriptor.sql.internal.DdlTypeImpl@71ad959b)
2024-07-31T01:43:48.864+01:00 DEBUG 16740 --- [Training_management] [main] o.h.t.d.sql.spi.DdlTypeRegistry          : addDescriptor(2005, org.hibernate.type.descriptor.sql.internal.CapacityDependentDdlType@1d7c9811) replaced previous registration(org.hibernate.type.descriptor.sql.internal.DdlTypeImpl@3b362f1)
2024-07-31T01:43:48.864+01:00 DEBUG 16740 --- [Training_management] [main] o.h.t.d.sql.spi.DdlTypeRegistry          : addDescriptor(2011, org.hibernate.type.descriptor.sql.internal.CapacityDependentDdlType@6451a288) replaced previous registration(org.hibernate.type.descriptor.sql.internal.DdlTypeImpl@79cdf2d4)
2024-07-31T01:43:48.869+01:00 DEBUG 16740 --- [Training_management] [main] o.h.t.d.jdbc.spi.JdbcTypeRegistry        : addDescriptor(NCharTypeDescriptor) replaced previous registration(CharTypeDescriptor)
2024-07-31T01:43:48.870+01:00 DEBUG 16740 --- [Training_management] [main] o.h.t.d.jdbc.spi.JdbcTypeRegistry        : addDescriptor(NVarcharTypeDescriptor) replaced previous registration(VarcharTypeDescriptor)
2024-07-31T01:43:48.872+01:00 DEBUG 16740 --- [Training_management] [main] o.h.t.d.jdbc.spi.JdbcTypeRegistry        : addDescriptor(LongNVarcharTypeDescriptor) replaced previous registration(LongVarcharTypeDescriptor)
2024-07-31T01:43:48.878+01:00 DEBUG 16740 --- [Training_management] [main] o.h.t.d.jdbc.spi.JdbcTypeRegistry        : addDescriptor(NClobTypeDescriptor(DEFAULT)) replaced previous registration(ClobTypeDescriptor(DEFAULT))
2024-07-31T01:43:48.882+01:00 DEBUG 16740 --- [Training_management] [main] o.h.t.d.jdbc.spi.JdbcTypeRegistry        : addDescriptor(2005, ClobTypeDescriptor(STREAM_BINDING)) replaced previous registration(ClobTypeDescriptor(DEFAULT))
2024-07-31T01:43:48.967+01:00 DEBUG 16740 --- [Training_management] [main] org.hibernate.type.BasicTypeRegistry     : Adding type registration null -> org.hibernate.type.NullType@35e07e19
2024-07-31T01:43:48.968+01:00 DEBUG 16740 --- [Training_management] [main] org.hibernate.type.BasicTypeRegistry     : Type registration key [null] overrode previous entry : `org.hibernate.type.NullType@195580ba`
2024-07-31T01:43:49.048+01:00 DEBUG 16740 --- [Training_management] [main] org.hibernate.type.BasicTypeRegistry     : Adding type registration org.hibernate.type.DurationType -> basicType@1(java.time.Duration,3015)
2024-07-31T01:43:49.049+01:00 DEBUG 16740 --- [Training_management] [main] org.hibernate.type.BasicTypeRegistry     : Adding type registration Duration -> basicType@1(java.time.Duration,3015)
2024-07-31T01:43:49.049+01:00 DEBUG 16740 --- [Training_management] [main] org.hibernate.type.BasicTypeRegistry     : Adding type registration java.time.Duration -> basicType@1(java.time.Duration,3015)
2024-07-31T01:43:49.057+01:00 DEBUG 16740 --- [Training_management] [main] org.hibernate.type.BasicTypeRegistry     : Adding type registration org.hibernate.type.OffsetDateTimeType -> basicType@2(java.time.OffsetDateTime,3003)
2024-07-31T01:43:49.058+01:00 DEBUG 16740 --- [Training_management] [main] org.hibernate.type.BasicTypeRegistry     : Adding type registration OffsetDateTime -> basicType@2(java.time.OffsetDateTime,3003)
2024-07-31T01:43:49.058+01:00 DEBUG 16740 --- [Training_management] [main] org.hibernate.type.BasicTypeRegistry     : Adding type registration java.time.OffsetDateTime -> basicType@2(java.time.OffsetDateTime,3003)
2024-07-31T01:43:49.059+01:00 DEBUG 16740 --- [Training_management] [main] org.hibernate.type.BasicTypeRegistry     : Adding type registration org.hibernate.type.ZonedDateTimeType -> basicType@3(java.time.ZonedDateTime,3003)
2024-07-31T01:43:49.060+01:00 DEBUG 16740 --- [Training_management] [main] org.hibernate.type.BasicTypeRegistry     : Adding type registration ZonedDateTime -> basicType@3(java.time.ZonedDateTime,3003)
2024-07-31T01:43:49.061+01:00 DEBUG 16740 --- [Training_management] [main] org.hibernate.type.BasicTypeRegistry     : Adding type registration java.time.ZonedDateTime -> basicType@3(java.time.ZonedDateTime,3003)
2024-07-31T01:43:49.063+01:00 DEBUG 16740 --- [Training_management] [main] org.hibernate.type.BasicTypeRegistry     : Adding type registration org.hibernate.type.OffsetTimeType -> basicType@4(java.time.OffsetTime,3007)
2024-07-31T01:43:49.064+01:00 DEBUG 16740 --- [Training_management] [main] org.hibernate.type.BasicTypeRegistry     : Adding type registration OffsetTime -> basicType@4(java.time.OffsetTime,3007)
2024-07-31T01:43:49.066+01:00 DEBUG 16740 --- [Training_management] [main] org.hibernate.type.BasicTypeRegistry     : Adding type registration java.time.OffsetTime -> basicType@4(java.time.OffsetTime,3007)
2024-07-31T01:43:49.068+01:00 DEBUG 16740 --- [Training_management] [main] o.h.type.spi.TypeConfiguration$Scope     : Scoping TypeConfiguration [org.hibernate.type.spi.TypeConfiguration@50bf795f] to MetadataBuildingContext [org.hibernate.boot.internal.MetadataBuildingContextRootImpl@29fcfc54]
2024-07-31T01:43:49.996+01:00  WARN 16740 --- [Training_management] [main] org.hibernate.mapping.RootClass          : HHH000038: Composite-id class does not override equals(): net.java.Training_management.entities.AvancementId
2024-07-31T01:43:49.997+01:00  WARN 16740 --- [Training_management] [main] org.hibernate.mapping.RootClass          : HHH000039: Composite-id class does not override hashCode(): net.java.Training_management.entities.AvancementId
2024-07-31T01:43:50.731+01:00  INFO 16740 --- [Training_management] [main] o.h.m.i.EntityInstantiatorPojoStandard   : HHH000182: No default (no-argument) constructor for class: net.java.Training_management.entities.Participant (class must be instantiated by Interceptor)
2024-07-31T01:43:50.824+01:00  INFO 16740 --- [Training_management] [main] o.h.m.i.EntityInstantiatorPojoStandard   : HHH000182: No default (no-argument) constructor for class: net.java.Training_management.entities.Administrateur (class must be instantiated by Interceptor)
2024-07-31T01:43:51.220+01:00  INFO 16740 --- [Training_management] [main] o.h.e.t.j.p.i.JtaPlatformInitiator       : HHH000489: No JTA platform available (set 'hibernate.transaction.jta.platform' to enable JTA platform integration)
2024-07-31T01:43:51.221+01:00 DEBUG 16740 --- [Training_management] [main] o.h.type.spi.TypeConfiguration$Scope     : Scoping TypeConfiguration [org.hibernate.type.spi.TypeConfiguration@50bf795f] to SessionFactoryImplementor [org.hibernate.internal.SessionFactoryImpl@1a05ff8e]
2024-07-31T01:43:51.536+01:00 TRACE 16740 --- [Training_management] [main] o.h.type.spi.TypeConfiguration$Scope     : Handling #sessionFactoryCreated from [org.hibernate.internal.SessionFactoryImpl@1a05ff8e] for TypeConfiguration
2024-07-31T01:43:51.537+01:00  INFO 16740 --- [Training_management] [main] j.LocalContainerEntityManagerFactoryBean : Initialized JPA EntityManagerFactory for persistence unit 'default'
2024-07-31T01:43:52.302+01:00  INFO 16740 --- [Training_management] [main] o.s.d.j.r.query.QueryEnhancerFactory     : Hibernate is in classpath; If applicable, HQL parser will be used.
2024-07-31T01:43:53.460+01:00  WARN 16740 --- [Training_management] [main] JpaBaseConfiguration$JpaWebConfiguration : spring.jpa.open-in-view is enabled by default. Therefore, database queries may be performed during view rendering. Explicitly configure spring.jpa.open-in-view to disable this warning
2024-07-31T01:43:53.630+01:00 DEBUG 16740 --- [Training_management] [main] s.w.s.m.m.a.RequestMappingHandlerMapping : 29 mappings in 'requestMappingHandlerMapping'
2024-07-31T01:43:53.909+01:00 DEBUG 16740 --- [Training_management] [main] o.s.w.s.handler.SimpleUrlHandlerMapping  : Patterns [/webjars/**, /**] in 'resourceHandlerMapping'
2024-07-31T01:43:53.996+01:00 DEBUG 16740 --- [Training_management] [main] s.w.s.m.m.a.RequestMappingHandlerAdapter : ControllerAdvice beans: 0 @ModelAttribute, 0 @InitBinder, 1 RequestBodyAdvice, 1 ResponseBodyAdvice
2024-07-31T01:43:54.072+01:00 DEBUG 16740 --- [Training_management] [main] .m.m.a.ExceptionHandlerExceptionResolver : ControllerAdvice beans: 0 @ExceptionHandler, 1 ResponseBodyAdvice
2024-07-31T01:43:54.294+01:00  INFO 16740 --- [Training_management] [main] o.s.b.w.embedded.tomcat.TomcatWebServer  : Tomcat started on port 8080 (http) with context path ''
2024-07-31T01:43:54.309+01:00  INFO 16740 --- [Training_management] [main] n.j.T.TrainingManagementApplication      : Started TrainingManagementApplication in 13.041 seconds (process running for 13.991)
2024-07-31T01:49:37.658+01:00  WARN 16740 --- [Training_management] [HikariPool-1 housekeeper] com.zaxxer.hikari.pool.HikariPool        : HikariPool-1 - Thread starvation or clock leap detected (housekeeper delta=4m48s865ms254µs700ns).
2024-07-31T08:28:09.820+01:00  WARN 16740 --- [Training_management] [HikariPool-1 housekeeper] com.zaxxer.hikari.pool.HikariPool        : HikariPool-1 - Thread starvation or clock leap detected (housekeeper delta=1h39m1s505ms124µs500ns).
2024-07-31T08:32:26.635+01:00  INFO 16740 --- [Training_management] [SpringApplicationShutdownHook] j.LocalContainerEntityManagerFactoryBean : Closing JPA EntityManagerFactory for persistence unit 'default'
2024-07-31T08:32:26.638+01:00 TRACE 16740 --- [Training_management] [SpringApplicationShutdownHook] o.h.type.spi.TypeConfiguration$Scope     : Handling #sessionFactoryClosed from [org.hibernate.internal.SessionFactoryImpl@1a05ff8e] for TypeConfiguration
2024-07-31T08:32:26.638+01:00 DEBUG 16740 --- [Training_management] [SpringApplicationShutdownHook] o.h.type.spi.TypeConfiguration$Scope     : Un-scoping TypeConfiguration [org.hibernate.type.spi.TypeConfiguration$Scope@5827ca65] from SessionFactory [org.hibernate.internal.SessionFactoryImpl@1a05ff8e]
2024-07-31T08:32:26.641+01:00  INFO 16740 --- [Training_management] [SpringApplicationShutdownHook] com.zaxxer.hikari.HikariDataSource       : HikariPool-1 - Shutdown initiated...
2024-07-31T08:32:26.659+01:00  INFO 16740 --- [Training_management] [SpringApplicationShutdownHook] com.zaxxer.hikari.HikariDataSource       : HikariPool-1 - Shutdown completed.
2024-07-31T08:32:42.560+01:00  INFO 5420 --- [Training_management] [main] n.j.T.TrainingManagementApplication      : Starting TrainingManagementApplication using Java 22.0.2 with PID 5420 (C:\Users\dell\Downloads\Training_management (2) (2)\Training_management (2)\Training_management\Training_management\target\classes started by dell in C:\Users\dell\Downloads\Training_management (2) (2))
2024-07-31T08:32:42.566+01:00  INFO 5420 --- [Training_management] [main] n.j.T.TrainingManagementApplication      : No active profile set, falling back to 1 default profile: "default"
2024-07-31T08:32:44.539+01:00  INFO 5420 --- [Training_management] [main] .s.d.r.c.RepositoryConfigurationDelegate : Bootstrapping Spring Data JPA repositories in DEFAULT mode.
2024-07-31T08:32:44.584+01:00  INFO 5420 --- [Training_management] [main] .s.d.r.c.RepositoryConfigurationDelegate : Finished Spring Data repository scanning in 18 ms. Found 0 JPA repository interfaces.
2024-07-31T08:32:47.157+01:00  INFO 5420 --- [Training_management] [main] o.s.b.w.embedded.tomcat.TomcatWebServer  : Tomcat initialized with port 8080 (http)
2024-07-31T08:32:47.189+01:00  INFO 5420 --- [Training_management] [main] o.apache.catalina.core.StandardService   : Starting service [Tomcat]
2024-07-31T08:32:47.190+01:00  INFO 5420 --- [Training_management] [main] o.apache.catalina.core.StandardEngine    : Starting Servlet engine: [Apache Tomcat/10.1.20]
2024-07-31T08:32:47.367+01:00  INFO 5420 --- [Training_management] [main] o.a.c.c.C.[Tomcat].[localhost].[/]       : Initializing Spring embedded WebApplicationContext
2024-07-31T08:32:47.368+01:00  INFO 5420 --- [Training_management] [main] w.s.c.ServletWebServerApplicationContext : Root WebApplicationContext: initialization completed in 4479 ms
2024-07-31T08:32:47.910+01:00  INFO 5420 --- [Training_management] [main] o.hibernate.jpa.internal.util.LogHelper  : HHH000204: Processing PersistenceUnitInfo [name: default]
2024-07-31T08:32:48.118+01:00  INFO 5420 --- [Training_management] [main] org.hibernate.Version                    : HHH000412: Hibernate ORM core version 6.4.4.Final
2024-07-31T08:32:48.260+01:00  INFO 5420 --- [Training_management] [main] o.h.c.internal.RegionFactoryInitiator    : HHH000026: Second-level cache disabled
2024-07-31T08:32:48.607+01:00 DEBUG 5420 --- [Training_management] [main] org.hibernate.type.BasicTypeRegistry     : Adding type registration boolean -> org.hibernate.type.BasicTypeReference@162c1dfb
2024-07-31T08:32:48.608+01:00 DEBUG 5420 --- [Training_management] [main] org.hibernate.type.BasicTypeRegistry     : Adding type registration boolean -> org.hibernate.type.BasicTypeReference@162c1dfb
2024-07-31T08:32:48.608+01:00 DEBUG 5420 --- [Training_management] [main] org.hibernate.type.BasicTypeRegistry     : Adding type registration java.lang.Boolean -> org.hibernate.type.BasicTypeReference@162c1dfb
2024-07-31T08:32:48.608+01:00 DEBUG 5420 --- [Training_management] [main] org.hibernate.type.BasicTypeRegistry     : Adding type registration numeric_boolean -> org.hibernate.type.BasicTypeReference@21ae657b
2024-07-31T08:32:48.609+01:00 DEBUG 5420 --- [Training_management] [main] org.hibernate.type.BasicTypeRegistry     : Adding type registration org.hibernate.type.NumericBooleanConverter -> org.hibernate.type.BasicTypeReference@21ae657b
2024-07-31T08:32:48.609+01:00 DEBUG 5420 --- [Training_management] [main] org.hibernate.type.BasicTypeRegistry     : Adding type registration true_false -> org.hibernate.type.BasicTypeReference@799f916e
2024-07-31T08:32:48.609+01:00 DEBUG 5420 --- [Training_management] [main] org.hibernate.type.BasicTypeRegistry     : Adding type registration org.hibernate.type.TrueFalseConverter -> org.hibernate.type.BasicTypeReference@799f916e
2024-07-31T08:32:48.610+01:00 DEBUG 5420 --- [Training_management] [main] org.hibernate.type.BasicTypeRegistry     : Adding type registration yes_no -> org.hibernate.type.BasicTypeReference@576b7c74
2024-07-31T08:32:48.610+01:00 DEBUG 5420 --- [Training_management] [main] org.hibernate.type.BasicTypeRegistry     : Adding type registration org.hibernate.type.YesNoConverter -> org.hibernate.type.BasicTypeReference@576b7c74
2024-07-31T08:32:48.611+01:00 DEBUG 5420 --- [Training_management] [main] org.hibernate.type.BasicTypeRegistry     : Adding type registration byte -> org.hibernate.type.BasicTypeReference@21de60a7
2024-07-31T08:32:48.611+01:00 DEBUG 5420 --- [Training_management] [main] org.hibernate.type.BasicTypeRegistry     : Adding type registration byte -> org.hibernate.type.BasicTypeReference@21de60a7
2024-07-31T08:32:48.611+01:00 DEBUG 5420 --- [Training_management] [main] org.hibernate.type.BasicTypeRegistry     : Adding type registration java.lang.Byte -> org.hibernate.type.BasicTypeReference@21de60a7
2024-07-31T08:32:48.611+01:00 DEBUG 5420 --- [Training_management] [main] org.hibernate.type.BasicTypeRegistry     : Adding type registration binary -> org.hibernate.type.BasicTypeReference@73894c5a
2024-07-31T08:32:48.612+01:00 DEBUG 5420 --- [Training_management] [main] org.hibernate.type.BasicTypeRegistry     : Adding type registration byte[] -> org.hibernate.type.BasicTypeReference@73894c5a
2024-07-31T08:32:48.612+01:00 DEBUG 5420 --- [Training_management] [main] org.hibernate.type.BasicTypeRegistry     : Adding type registration [B -> org.hibernate.type.BasicTypeReference@73894c5a
2024-07-31T08:32:48.613+01:00 DEBUG 5420 --- [Training_management] [main] org.hibernate.type.BasicTypeRegistry     : Adding type registration binary_wrapper -> org.hibernate.type.BasicTypeReference@7698b7a4
2024-07-31T08:32:48.614+01:00 DEBUG 5420 --- [Training_management] [main] org.hibernate.type.BasicTypeRegistry     : Adding type registration wrapper-binary -> org.hibernate.type.BasicTypeReference@7698b7a4
2024-07-31T08:32:48.615+01:00 DEBUG 5420 --- [Training_management] [main] org.hibernate.type.BasicTypeRegistry     : Adding type registration image -> org.hibernate.type.BasicTypeReference@7a9ceddf
2024-07-31T08:32:48.616+01:00 DEBUG 5420 --- [Training_management] [main] org.hibernate.type.BasicTypeRegistry     : Adding type registration blob -> org.hibernate.type.BasicTypeReference@28157173
2024-07-31T08:32:48.617+01:00 DEBUG 5420 --- [Training_management] [main] org.hibernate.type.BasicTypeRegistry     : Adding type registration java.sql.Blob -> org.hibernate.type.BasicTypeReference@28157173
2024-07-31T08:32:48.617+01:00 DEBUG 5420 --- [Training_management] [main] org.hibernate.type.BasicTypeRegistry     : Adding type registration materialized_blob -> org.hibernate.type.BasicTypeReference@11c713b7
2024-07-31T08:32:48.618+01:00 DEBUG 5420 --- [Training_management] [main] org.hibernate.type.BasicTypeRegistry     : Adding type registration materialized_blob_wrapper -> org.hibernate.type.BasicTypeReference@2251b3bc
2024-07-31T08:32:48.618+01:00 DEBUG 5420 --- [Training_management] [main] org.hibernate.type.BasicTypeRegistry     : Adding type registration short -> org.hibernate.type.BasicTypeReference@3fbe503c
2024-07-31T08:32:48.619+01:00 DEBUG 5420 --- [Training_management] [main] org.hibernate.type.BasicTypeRegistry     : Adding type registration short -> org.hibernate.type.BasicTypeReference@3fbe503c
2024-07-31T08:32:48.619+01:00 DEBUG 5420 --- [Training_management] [main] org.hibernate.type.BasicTypeRegistry     : Adding type registration java.lang.Short -> org.hibernate.type.BasicTypeReference@3fbe503c
2024-07-31T08:32:48.619+01:00 DEBUG 5420 --- [Training_management] [main] org.hibernate.type.BasicTypeRegistry     : Adding type registration integer -> org.hibernate.type.BasicTypeReference@3c232051
2024-07-31T08:32:48.620+01:00 DEBUG 5420 --- [Training_management] [main] org.hibernate.type.BasicTypeRegistry     : Adding type registration int -> org.hibernate.type.BasicTypeReference@3c232051
2024-07-31T08:32:48.620+01:00 DEBUG 5420 --- [Training_management] [main] org.hibernate.type.BasicTypeRegistry     : Adding type registration java.lang.Integer -> org.hibernate.type.BasicTypeReference@3c232051
2024-07-31T08:32:48.620+01:00 DEBUG 5420 --- [Training_management] [main] org.hibernate.type.BasicTypeRegistry     : Adding type registration long -> org.hibernate.type.BasicTypeReference@15d0d6c9
2024-07-31T08:32:48.620+01:00 DEBUG 5420 --- [Training_management] [main] org.hibernate.type.BasicTypeRegistry     : Adding type registration long -> org.hibernate.type.BasicTypeReference@15d0d6c9
2024-07-31T08:32:48.621+01:00 DEBUG 5420 --- [Training_management] [main] org.hibernate.type.BasicTypeRegistry     : Adding type registration java.lang.Long -> org.hibernate.type.BasicTypeReference@15d0d6c9
2024-07-31T08:32:48.622+01:00 DEBUG 5420 --- [Training_management] [main] org.hibernate.type.BasicTypeRegistry     : Adding type registration float -> org.hibernate.type.BasicTypeReference@3ab35b9c
2024-07-31T08:32:48.622+01:00 DEBUG 5420 --- [Training_management] [main] org.hibernate.type.BasicTypeRegistry     : Adding type registration float -> org.hibernate.type.BasicTypeReference@3ab35b9c
2024-07-31T08:32:48.622+01:00 DEBUG 5420 --- [Training_management] [main] org.hibernate.type.BasicTypeRegistry     : Adding type registration java.lang.Float -> org.hibernate.type.BasicTypeReference@3ab35b9c
2024-07-31T08:32:48.622+01:00 DEBUG 5420 --- [Training_management] [main] org.hibernate.type.BasicTypeRegistry     : Adding type registration double -> org.hibernate.type.BasicTypeReference@7741d346
2024-07-31T08:32:48.622+01:00 DEBUG 5420 --- [Training_management] [main] org.hibernate.type.BasicTypeRegistry     : Adding type registration double -> org.hibernate.type.BasicTypeReference@7741d346
2024-07-31T08:32:48.622+01:00 DEBUG 5420 --- [Training_management] [main] org.hibernate.type.BasicTypeRegistry     : Adding type registration java.lang.Double -> org.hibernate.type.BasicTypeReference@7741d346
2024-07-31T08:32:48.622+01:00 DEBUG 5420 --- [Training_management] [main] org.hibernate.type.BasicTypeRegistry     : Adding type registration big_integer -> org.hibernate.type.BasicTypeReference@52454457
2024-07-31T08:32:48.623+01:00 DEBUG 5420 --- [Training_management] [main] org.hibernate.type.BasicTypeRegistry     : Adding type registration java.math.BigInteger -> org.hibernate.type.BasicTypeReference@52454457
2024-07-31T08:32:48.623+01:00 DEBUG 5420 --- [Training_management] [main] org.hibernate.type.BasicTypeRegistry     : Adding type registration big_decimal -> org.hibernate.type.BasicTypeReference@4130a648
2024-07-31T08:32:48.623+01:00 DEBUG 5420 --- [Training_management] [main] org.hibernate.type.BasicTypeRegistry     : Adding type registration java.math.BigDecimal -> org.hibernate.type.BasicTypeReference@4130a648
2024-07-31T08:32:48.624+01:00 DEBUG 5420 --- [Training_management] [main] org.hibernate.type.BasicTypeRegistry     : Adding type registration character -> org.hibernate.type.BasicTypeReference@61ff6a49
2024-07-31T08:32:48.624+01:00 DEBUG 5420 --- [Training_management] [main] org.hibernate.type.BasicTypeRegistry     : Adding type registration char -> org.hibernate.type.BasicTypeReference@61ff6a49
2024-07-31T08:32:48.625+01:00 DEBUG 5420 --- [Training_management] [main] org.hibernate.type.BasicTypeRegistry     : Adding type registration java.lang.Character -> org.hibernate.type.BasicTypeReference@61ff6a49
2024-07-31T08:32:48.625+01:00 DEBUG 5420 --- [Training_management] [main] org.hibernate.type.BasicTypeRegistry     : Adding type registration character_nchar -> org.hibernate.type.BasicTypeReference@18dd5ed3
2024-07-31T08:32:48.625+01:00 DEBUG 5420 --- [Training_management] [main] org.hibernate.type.BasicTypeRegistry     : Adding type registration string -> org.hibernate.type.BasicTypeReference@6042d663
2024-07-31T08:32:48.626+01:00 DEBUG 5420 --- [Training_management] [main] org.hibernate.type.BasicTypeRegistry     : Adding type registration java.lang.String -> org.hibernate.type.BasicTypeReference@6042d663
2024-07-31T08:32:48.626+01:00 DEBUG 5420 --- [Training_management] [main] org.hibernate.type.BasicTypeRegistry     : Adding type registration nstring -> org.hibernate.type.BasicTypeReference@24043ec5
2024-07-31T08:32:48.626+01:00 DEBUG 5420 --- [Training_management] [main] org.hibernate.type.BasicTypeRegistry     : Adding type registration characters -> org.hibernate.type.BasicTypeReference@3e33b52e
2024-07-31T08:32:48.626+01:00 DEBUG 5420 --- [Training_management] [main] org.hibernate.type.BasicTypeRegistry     : Adding type registration char[] -> org.hibernate.type.BasicTypeReference@3e33b52e
2024-07-31T08:32:48.627+01:00 DEBUG 5420 --- [Training_management] [main] org.hibernate.type.BasicTypeRegistry     : Adding type registration [C -> org.hibernate.type.BasicTypeReference@3e33b52e
2024-07-31T08:32:48.628+01:00 DEBUG 5420 --- [Training_management] [main] org.hibernate.type.BasicTypeRegistry     : Adding type registration wrapper-characters -> org.hibernate.type.BasicTypeReference@4c6a4ffd
2024-07-31T08:32:48.628+01:00 DEBUG 5420 --- [Training_management] [main] org.hibernate.type.BasicTypeRegistry     : Adding type registration text -> org.hibernate.type.BasicTypeReference@3aed69dd
2024-07-31T08:32:48.629+01:00 DEBUG 5420 --- [Training_management] [main] org.hibernate.type.BasicTypeRegistry     : Adding type registration ntext -> org.hibernate.type.BasicTypeReference@3f1a9a53
2024-07-31T08:32:48.629+01:00 DEBUG 5420 --- [Training_management] [main] org.hibernate.type.BasicTypeRegistry     : Adding type registration clob -> org.hibernate.type.BasicTypeReference@1ca3d25b
2024-07-31T08:32:48.629+01:00 DEBUG 5420 --- [Training_management] [main] org.hibernate.type.BasicTypeRegistry     : Adding type registration java.sql.Clob -> org.hibernate.type.BasicTypeReference@1ca3d25b
2024-07-31T08:32:48.629+01:00 DEBUG 5420 --- [Training_management] [main] org.hibernate.type.BasicTypeRegistry     : Adding type registration nclob -> org.hibernate.type.BasicTypeReference@2287395
2024-07-31T08:32:48.629+01:00 DEBUG 5420 --- [Training_management] [main] org.hibernate.type.BasicTypeRegistry     : Adding type registration java.sql.NClob -> org.hibernate.type.BasicTypeReference@2287395
2024-07-31T08:32:48.630+01:00 DEBUG 5420 --- [Training_management] [main] org.hibernate.type.BasicTypeRegistry     : Adding type registration materialized_clob -> org.hibernate.type.BasicTypeReference@535a518c
2024-07-31T08:32:48.630+01:00 DEBUG 5420 --- [Training_management] [main] org.hibernate.type.BasicTypeRegistry     : Adding type registration materialized_clob_char_array -> org.hibernate.type.BasicTypeReference@38f981b6
2024-07-31T08:32:48.631+01:00 DEBUG 5420 --- [Training_management] [main] org.hibernate.type.BasicTypeRegistry     : Adding type registration materialized_clob_character_array -> org.hibernate.type.BasicTypeReference@3a4aadf8
2024-07-31T08:32:48.632+01:00 DEBUG 5420 --- [Training_management] [main] org.hibernate.type.BasicTypeRegistry     : Adding type registration materialized_nclob -> org.hibernate.type.BasicTypeReference@7bbfc5ff
2024-07-31T08:32:48.633+01:00 DEBUG 5420 --- [Training_management] [main] org.hibernate.type.BasicTypeRegistry     : Adding type registration materialized_nclob_character_array -> org.hibernate.type.BasicTypeReference@7a682d35
2024-07-31T08:32:48.634+01:00 DEBUG 5420 --- [Training_management] [main] org.hibernate.type.BasicTypeRegistry     : Adding type registration materialized_nclob_char_array -> org.hibernate.type.BasicTypeReference@ee8e7ff
2024-07-31T08:32:48.635+01:00 DEBUG 5420 --- [Training_management] [main] org.hibernate.type.BasicTypeRegistry     : Adding type registration Duration -> org.hibernate.type.BasicTypeReference@61a2aeb7
2024-07-31T08:32:48.636+01:00 DEBUG 5420 --- [Training_management] [main] org.hibernate.type.BasicTypeRegistry     : Adding type registration java.time.Duration -> org.hibernate.type.BasicTypeReference@61a2aeb7
2024-07-31T08:32:48.636+01:00 DEBUG 5420 --- [Training_management] [main] org.hibernate.type.BasicTypeRegistry     : Adding type registration LocalDateTime -> org.hibernate.type.BasicTypeReference@64b70f41
2024-07-31T08:32:48.637+01:00 DEBUG 5420 --- [Training_management] [main] org.hibernate.type.BasicTypeRegistry     : Adding type registration java.time.LocalDateTime -> org.hibernate.type.BasicTypeReference@64b70f41
2024-07-31T08:32:48.637+01:00 DEBUG 5420 --- [Training_management] [main] org.hibernate.type.BasicTypeRegistry     : Adding type registration LocalDate -> org.hibernate.type.BasicTypeReference@5f8d9767
2024-07-31T08:32:48.637+01:00 DEBUG 5420 --- [Training_management] [main] org.hibernate.type.BasicTypeRegistry     : Adding type registration java.time.LocalDate -> org.hibernate.type.BasicTypeReference@5f8d9767
2024-07-31T08:32:48.638+01:00 DEBUG 5420 --- [Training_management] [main] org.hibernate.type.BasicTypeRegistry     : Adding type registration LocalTime -> org.hibernate.type.BasicTypeReference@16134476
2024-07-31T08:32:48.638+01:00 DEBUG 5420 --- [Training_management] [main] org.hibernate.type.BasicTypeRegistry     : Adding type registration java.time.LocalTime -> org.hibernate.type.BasicTypeReference@16134476
2024-07-31T08:32:48.638+01:00 DEBUG 5420 --- [Training_management] [main] org.hibernate.type.BasicTypeRegistry     : Adding type registration OffsetDateTime -> org.hibernate.type.BasicTypeReference@62b09715
2024-07-31T08:32:48.639+01:00 DEBUG 5420 --- [Training_management] [main] org.hibernate.type.BasicTypeRegistry     : Adding type registration java.time.OffsetDateTime -> org.hibernate.type.BasicTypeReference@62b09715
2024-07-31T08:32:48.639+01:00 DEBUG 5420 --- [Training_management] [main] org.hibernate.type.BasicTypeRegistry     : Adding type registration OffsetDateTimeWithTimezone -> org.hibernate.type.BasicTypeReference@3e214105
2024-07-31T08:32:48.639+01:00 DEBUG 5420 --- [Training_management] [main] org.hibernate.type.BasicTypeRegistry     : Adding type registration OffsetDateTimeWithoutTimezone -> org.hibernate.type.BasicTypeReference@da4cf09
2024-07-31T08:32:48.640+01:00 DEBUG 5420 --- [Training_management] [main] org.hibernate.type.BasicTypeRegistry     : Adding type registration OffsetTime -> org.hibernate.type.BasicTypeReference@1980a3f
2024-07-31T08:32:48.640+01:00 DEBUG 5420 --- [Training_management] [main] org.hibernate.type.BasicTypeRegistry     : Adding type registration java.time.OffsetTime -> org.hibernate.type.BasicTypeReference@1980a3f
2024-07-31T08:32:48.640+01:00 DEBUG 5420 --- [Training_management] [main] org.hibernate.type.BasicTypeRegistry     : Adding type registration OffsetTimeUtc -> org.hibernate.type.BasicTypeReference@67f63d26
2024-07-31T08:32:48.640+01:00 DEBUG 5420 --- [Training_management] [main] org.hibernate.type.BasicTypeRegistry     : Adding type registration OffsetTimeWithTimezone -> org.hibernate.type.BasicTypeReference@536b71b4
2024-07-31T08:32:48.641+01:00 DEBUG 5420 --- [Training_management] [main] org.hibernate.type.BasicTypeRegistry     : Adding type registration OffsetTimeWithoutTimezone -> org.hibernate.type.BasicTypeReference@789c3057
2024-07-31T08:32:48.641+01:00 DEBUG 5420 --- [Training_management] [main] org.hibernate.type.BasicTypeRegistry     : Adding type registration ZonedDateTime -> org.hibernate.type.BasicTypeReference@39941489
2024-07-31T08:32:48.641+01:00 DEBUG 5420 --- [Training_management] [main] org.hibernate.type.BasicTypeRegistry     : Adding type registration java.time.ZonedDateTime -> org.hibernate.type.BasicTypeReference@39941489
2024-07-31T08:32:48.641+01:00 DEBUG 5420 --- [Training_management] [main] org.hibernate.type.BasicTypeRegistry     : Adding type registration ZonedDateTimeWithTimezone -> org.hibernate.type.BasicTypeReference@6f5d0190
2024-07-31T08:32:48.641+01:00 DEBUG 5420 --- [Training_management] [main] org.hibernate.type.BasicTypeRegistry     : Adding type registration ZonedDateTimeWithoutTimezone -> org.hibernate.type.BasicTypeReference@67332b1e
2024-07-31T08:32:48.642+01:00 DEBUG 5420 --- [Training_management] [main] org.hibernate.type.BasicTypeRegistry     : Adding type registration date -> org.hibernate.type.BasicTypeReference@7e34b127
2024-07-31T08:32:48.642+01:00 DEBUG 5420 --- [Training_management] [main] org.hibernate.type.BasicTypeRegistry     : Adding type registration java.sql.Date -> org.hibernate.type.BasicTypeReference@7e34b127
2024-07-31T08:32:48.643+01:00 DEBUG 5420 --- [Training_management] [main] org.hibernate.type.BasicTypeRegistry     : Adding type registration time -> org.hibernate.type.BasicTypeReference@679dd234
2024-07-31T08:32:48.643+01:00 DEBUG 5420 --- [Training_management] [main] org.hibernate.type.BasicTypeRegistry     : Adding type registration java.sql.Time -> org.hibernate.type.BasicTypeReference@679dd234
2024-07-31T08:32:48.643+01:00 DEBUG 5420 --- [Training_management] [main] org.hibernate.type.BasicTypeRegistry     : Adding type registration timestamp -> org.hibernate.type.BasicTypeReference@60cb1ed6
2024-07-31T08:32:48.643+01:00 DEBUG 5420 --- [Training_management] [main] org.hibernate.type.BasicTypeRegistry     : Adding type registration java.sql.Timestamp -> org.hibernate.type.BasicTypeReference@60cb1ed6
2024-07-31T08:32:48.643+01:00 DEBUG 5420 --- [Training_management] [main] org.hibernate.type.BasicTypeRegistry     : Adding type registration java.util.Date -> org.hibernate.type.BasicTypeReference@60cb1ed6
2024-07-31T08:32:48.644+01:00 DEBUG 5420 --- [Training_management] [main] org.hibernate.type.BasicTypeRegistry     : Adding type registration calendar -> org.hibernate.type.BasicTypeReference@1e5eb20a
2024-07-31T08:32:48.644+01:00 DEBUG 5420 --- [Training_management] [main] org.hibernate.type.BasicTypeRegistry     : Adding type registration java.util.Calendar -> org.hibernate.type.BasicTypeReference@1e5eb20a
2024-07-31T08:32:48.644+01:00 DEBUG 5420 --- [Training_management] [main] org.hibernate.type.BasicTypeRegistry     : Adding type registration java.util.GregorianCalendar -> org.hibernate.type.BasicTypeReference@1e5eb20a
2024-07-31T08:32:48.644+01:00 DEBUG 5420 --- [Training_management] [main] org.hibernate.type.BasicTypeRegistry     : Adding type registration calendar_date -> org.hibernate.type.BasicTypeReference@4538856f
2024-07-31T08:32:48.645+01:00 DEBUG 5420 --- [Training_management] [main] org.hibernate.type.BasicTypeRegistry     : Adding type registration calendar_time -> org.hibernate.type.BasicTypeReference@4c3de38e
2024-07-31T08:32:48.646+01:00 DEBUG 5420 --- [Training_management] [main] org.hibernate.type.BasicTypeRegistry     : Adding type registration instant -> org.hibernate.type.BasicTypeReference@74b86971
2024-07-31T08:32:48.646+01:00 DEBUG 5420 --- [Training_management] [main] org.hibernate.type.BasicTypeRegistry     : Adding type registration java.time.Instant -> org.hibernate.type.BasicTypeReference@74b86971
2024-07-31T08:32:48.646+01:00 DEBUG 5420 --- [Training_management] [main] org.hibernate.type.BasicTypeRegistry     : Adding type registration uuid -> org.hibernate.type.BasicTypeReference@1f9d4b0e
2024-07-31T08:32:48.647+01:00 DEBUG 5420 --- [Training_management] [main] org.hibernate.type.BasicTypeRegistry     : Adding type registration java.util.UUID -> org.hibernate.type.BasicTypeReference@1f9d4b0e
2024-07-31T08:32:48.648+01:00 DEBUG 5420 --- [Training_management] [main] org.hibernate.type.BasicTypeRegistry     : Adding type registration pg-uuid -> org.hibernate.type.BasicTypeReference@1f9d4b0e
2024-07-31T08:32:48.650+01:00 DEBUG 5420 --- [Training_management] [main] org.hibernate.type.BasicTypeRegistry     : Adding type registration uuid-binary -> org.hibernate.type.BasicTypeReference@1e8fb66f
2024-07-31T08:32:48.650+01:00 DEBUG 5420 --- [Training_management] [main] org.hibernate.type.BasicTypeRegistry     : Adding type registration uuid-char -> org.hibernate.type.BasicTypeReference@3d8d17a3
2024-07-31T08:32:48.651+01:00 DEBUG 5420 --- [Training_management] [main] org.hibernate.type.BasicTypeRegistry     : Adding type registration class -> org.hibernate.type.BasicTypeReference@ac91282
2024-07-31T08:32:48.652+01:00 DEBUG 5420 --- [Training_management] [main] org.hibernate.type.BasicTypeRegistry     : Adding type registration java.lang.Class -> org.hibernate.type.BasicTypeReference@ac91282
2024-07-31T08:32:48.652+01:00 DEBUG 5420 --- [Training_management] [main] org.hibernate.type.BasicTypeRegistry     : Adding type registration currency -> org.hibernate.type.BasicTypeReference@7f79edee
2024-07-31T08:32:48.652+01:00 DEBUG 5420 --- [Training_management] [main] org.hibernate.type.BasicTypeRegistry     : Adding type registration Currency -> org.hibernate.type.BasicTypeReference@7f79edee
2024-07-31T08:32:48.653+01:00 DEBUG 5420 --- [Training_management] [main] org.hibernate.type.BasicTypeRegistry     : Adding type registration java.util.Currency -> org.hibernate.type.BasicTypeReference@7f79edee
2024-07-31T08:32:48.653+01:00 DEBUG 5420 --- [Training_management] [main] org.hibernate.type.BasicTypeRegistry     : Adding type registration locale -> org.hibernate.type.BasicTypeReference@1ca610a0
2024-07-31T08:32:48.653+01:00 DEBUG 5420 --- [Training_management] [main] org.hibernate.type.BasicTypeRegistry     : Adding type registration java.util.Locale -> org.hibernate.type.BasicTypeReference@1ca610a0
2024-07-31T08:32:48.653+01:00 DEBUG 5420 --- [Training_management] [main] org.hibernate.type.BasicTypeRegistry     : Adding type registration serializable -> org.hibernate.type.BasicTypeReference@49433c98
2024-07-31T08:32:48.654+01:00 DEBUG 5420 --- [Training_management] [main] org.hibernate.type.BasicTypeRegistry     : Adding type registration java.io.Serializable -> org.hibernate.type.BasicTypeReference@49433c98
2024-07-31T08:32:48.654+01:00 DEBUG 5420 --- [Training_management] [main] org.hibernate.type.BasicTypeRegistry     : Adding type registration timezone -> org.hibernate.type.BasicTypeReference@b5c6a30
2024-07-31T08:32:48.654+01:00 DEBUG 5420 --- [Training_management] [main] org.hibernate.type.BasicTypeRegistry     : Adding type registration java.util.TimeZone -> org.hibernate.type.BasicTypeReference@b5c6a30
2024-07-31T08:32:48.655+01:00 DEBUG 5420 --- [Training_management] [main] org.hibernate.type.BasicTypeRegistry     : Adding type registration ZoneOffset -> org.hibernate.type.BasicTypeReference@3bfae028
2024-07-31T08:32:48.655+01:00 DEBUG 5420 --- [Training_management] [main] org.hibernate.type.BasicTypeRegistry     : Adding type registration java.time.ZoneOffset -> org.hibernate.type.BasicTypeReference@3bfae028
2024-07-31T08:32:48.655+01:00 DEBUG 5420 --- [Training_management] [main] org.hibernate.type.BasicTypeRegistry     : Adding type registration url -> org.hibernate.type.BasicTypeReference@1775c4e7
2024-07-31T08:32:48.655+01:00 DEBUG 5420 --- [Training_management] [main] org.hibernate.type.BasicTypeRegistry     : Adding type registration java.net.URL -> org.hibernate.type.BasicTypeReference@1775c4e7
2024-07-31T08:32:48.656+01:00 DEBUG 5420 --- [Training_management] [main] org.hibernate.type.BasicTypeRegistry     : Adding type registration vector -> org.hibernate.type.BasicTypeReference@47829d6d
2024-07-31T08:32:48.656+01:00 DEBUG 5420 --- [Training_management] [main] org.hibernate.type.BasicTypeRegistry     : Adding type registration row_version -> org.hibernate.type.BasicTypeReference@2f677247
2024-07-31T08:32:48.670+01:00 DEBUG 5420 --- [Training_management] [main] org.hibernate.type.BasicTypeRegistry     : Adding type registration object -> org.hibernate.type.JavaObjectType@157d3a45
2024-07-31T08:32:48.671+01:00 DEBUG 5420 --- [Training_management] [main] org.hibernate.type.BasicTypeRegistry     : Adding type registration java.lang.Object -> org.hibernate.type.JavaObjectType@157d3a45
2024-07-31T08:32:48.674+01:00 DEBUG 5420 --- [Training_management] [main] org.hibernate.type.BasicTypeRegistry     : Adding type registration null -> org.hibernate.type.NullType@575cabf0
2024-07-31T08:32:48.675+01:00 DEBUG 5420 --- [Training_management] [main] org.hibernate.type.BasicTypeRegistry     : Adding type registration imm_date -> org.hibernate.type.BasicTypeReference@433d9680
2024-07-31T08:32:48.675+01:00 DEBUG 5420 --- [Training_management] [main] org.hibernate.type.BasicTypeRegistry     : Adding type registration imm_time -> org.hibernate.type.BasicTypeReference@2da81754
2024-07-31T08:32:48.676+01:00 DEBUG 5420 --- [Training_management] [main] org.hibernate.type.BasicTypeRegistry     : Adding type registration imm_timestamp -> org.hibernate.type.BasicTypeReference@1f992a3a
2024-07-31T08:32:48.676+01:00 DEBUG 5420 --- [Training_management] [main] org.hibernate.type.BasicTypeRegistry     : Adding type registration imm_calendar -> org.hibernate.type.BasicTypeReference@30bf26df
2024-07-31T08:32:48.676+01:00 DEBUG 5420 --- [Training_management] [main] org.hibernate.type.BasicTypeRegistry     : Adding type registration imm_calendar_date -> org.hibernate.type.BasicTypeReference@261bd7b
2024-07-31T08:32:48.676+01:00 DEBUG 5420 --- [Training_management] [main] org.hibernate.type.BasicTypeRegistry     : Adding type registration imm_calendar_time -> org.hibernate.type.BasicTypeReference@6f9e08d4
2024-07-31T08:32:48.677+01:00 DEBUG 5420 --- [Training_management] [main] org.hibernate.type.BasicTypeRegistry     : Adding type registration imm_binary -> org.hibernate.type.BasicTypeReference@390037e7
2024-07-31T08:32:48.677+01:00 DEBUG 5420 --- [Training_management] [main] org.hibernate.type.BasicTypeRegistry     : Adding type registration imm_serializable -> org.hibernate.type.BasicTypeReference@704067c6
2024-07-31T08:32:49.187+01:00  INFO 5420 --- [Training_management] [main] o.s.o.j.p.SpringPersistenceUnitInfo      : No LoadTimeWeaver setup: ignoring JPA class transformer
2024-07-31T08:32:49.267+01:00  INFO 5420 --- [Training_management] [main] com.zaxxer.hikari.HikariDataSource       : HikariPool-1 - Starting...
2024-07-31T08:32:50.384+01:00  INFO 5420 --- [Training_management] [main] com.zaxxer.hikari.pool.HikariPool        : HikariPool-1 - Added connection com.mysql.cj.jdbc.ConnectionImpl@2774dcf4
2024-07-31T08:32:50.389+01:00  INFO 5420 --- [Training_management] [main] com.zaxxer.hikari.HikariDataSource       : HikariPool-1 - Start completed.
2024-07-31T08:32:50.548+01:00  WARN 5420 --- [Training_management] [main] org.hibernate.orm.deprecation            : HHH90000025: MySQLDialect does not need to be specified explicitly using 'hibernate.dialect' (remove the property setting and it will be selected by default)
2024-07-31T08:32:50.873+01:00 DEBUG 5420 --- [Training_management] [main] o.h.t.d.sql.spi.DdlTypeRegistry          : addDescriptor(12, org.hibernate.type.descriptor.sql.internal.CapacityDependentDdlType@1b475663) replaced previous registration(org.hibernate.type.descriptor.sql.internal.CapacityDependentDdlType@1669931a)
2024-07-31T08:32:50.874+01:00 DEBUG 5420 --- [Training_management] [main] o.h.t.d.sql.spi.DdlTypeRegistry          : addDescriptor(-9, org.hibernate.type.descriptor.sql.internal.CapacityDependentDdlType@6b24ddd7) replaced previous registration(org.hibernate.type.descriptor.sql.internal.CapacityDependentDdlType@12e007be)
2024-07-31T08:32:50.875+01:00 DEBUG 5420 --- [Training_management] [main] o.h.t.d.sql.spi.DdlTypeRegistry          : addDescriptor(-3, org.hibernate.type.descriptor.sql.internal.CapacityDependentDdlType@3335afcf) replaced previous registration(org.hibernate.type.descriptor.sql.internal.CapacityDependentDdlType@699e0bf0)
2024-07-31T08:32:50.875+01:00 DEBUG 5420 --- [Training_management] [main] o.h.t.d.sql.spi.DdlTypeRegistry          : addDescriptor(4003, org.hibernate.type.descriptor.sql.internal.DdlTypeImpl@2499b971) replaced previous registration(org.hibernate.type.descriptor.sql.internal.DdlTypeImpl@36d697ab)
2024-07-31T08:32:50.875+01:00 DEBUG 5420 --- [Training_management] [main] o.h.t.d.sql.spi.DdlTypeRegistry          : addDescriptor(4001, org.hibernate.type.descriptor.sql.internal.DdlTypeImpl@28831d69) replaced previous registration(org.hibernate.type.descriptor.sql.internal.DdlTypeImpl@315b4202)
2024-07-31T08:32:50.876+01:00 DEBUG 5420 --- [Training_management] [main] o.h.t.d.sql.spi.DdlTypeRegistry          : addDescriptor(4002, org.hibernate.type.descriptor.sql.internal.DdlTypeImpl@58e03769) replaced previous registration(org.hibernate.type.descriptor.sql.internal.DdlTypeImpl@5a899811)
2024-07-31T08:32:50.876+01:00 DEBUG 5420 --- [Training_management] [main] o.h.t.d.sql.spi.DdlTypeRegistry          : addDescriptor(2004, org.hibernate.type.descriptor.sql.internal.CapacityDependentDdlType@6a51ae7c) replaced previous registration(org.hibernate.type.descriptor.sql.internal.DdlTypeImpl@171aa66)
2024-07-31T08:32:50.876+01:00 DEBUG 5420 --- [Training_management] [main] o.h.t.d.sql.spi.DdlTypeRegistry          : addDescriptor(2005, org.hibernate.type.descriptor.sql.internal.CapacityDependentDdlType@58739e5e) replaced previous registration(org.hibernate.type.descriptor.sql.internal.DdlTypeImpl@4e2cdc51)
2024-07-31T08:32:50.876+01:00 DEBUG 5420 --- [Training_management] [main] o.h.t.d.sql.spi.DdlTypeRegistry          : addDescriptor(2011, org.hibernate.type.descriptor.sql.internal.CapacityDependentDdlType@2969a9a6) replaced previous registration(org.hibernate.type.descriptor.sql.internal.DdlTypeImpl@25470477)
2024-07-31T08:32:50.921+01:00 DEBUG 5420 --- [Training_management] [main] o.h.t.d.jdbc.spi.JdbcTypeRegistry        : addDescriptor(NCharTypeDescriptor) replaced previous registration(CharTypeDescriptor)
2024-07-31T08:32:50.923+01:00 DEBUG 5420 --- [Training_management] [main] o.h.t.d.jdbc.spi.JdbcTypeRegistry        : addDescriptor(NVarcharTypeDescriptor) replaced previous registration(VarcharTypeDescriptor)
2024-07-31T08:32:50.927+01:00 DEBUG 5420 --- [Training_management] [main] o.h.t.d.jdbc.spi.JdbcTypeRegistry        : addDescriptor(LongNVarcharTypeDescriptor) replaced previous registration(LongVarcharTypeDescriptor)
2024-07-31T08:32:50.969+01:00 DEBUG 5420 --- [Training_management] [main] o.h.t.d.jdbc.spi.JdbcTypeRegistry        : addDescriptor(NClobTypeDescriptor(DEFAULT)) replaced previous registration(ClobTypeDescriptor(DEFAULT))
2024-07-31T08:32:50.975+01:00 DEBUG 5420 --- [Training_management] [main] o.h.t.d.jdbc.spi.JdbcTypeRegistry        : addDescriptor(2005, ClobTypeDescriptor(STREAM_BINDING)) replaced previous registration(ClobTypeDescriptor(DEFAULT))
2024-07-31T08:32:51.016+01:00 DEBUG 5420 --- [Training_management] [main] org.hibernate.type.BasicTypeRegistry     : Adding type registration null -> org.hibernate.type.NullType@62faf77
2024-07-31T08:32:51.017+01:00 DEBUG 5420 --- [Training_management] [main] org.hibernate.type.BasicTypeRegistry     : Type registration key [null] overrode previous entry : `org.hibernate.type.NullType@575cabf0`
2024-07-31T08:32:51.039+01:00 DEBUG 5420 --- [Training_management] [main] org.hibernate.type.BasicTypeRegistry     : Adding type registration org.hibernate.type.DurationType -> basicType@1(java.time.Duration,3015)
2024-07-31T08:32:51.043+01:00 DEBUG 5420 --- [Training_management] [main] org.hibernate.type.BasicTypeRegistry     : Adding type registration Duration -> basicType@1(java.time.Duration,3015)
2024-07-31T08:32:51.054+01:00 DEBUG 5420 --- [Training_management] [main] org.hibernate.type.BasicTypeRegistry     : Adding type registration java.time.Duration -> basicType@1(java.time.Duration,3015)
2024-07-31T08:32:51.071+01:00 DEBUG 5420 --- [Training_management] [main] org.hibernate.type.BasicTypeRegistry     : Adding type registration org.hibernate.type.OffsetDateTimeType -> basicType@2(java.time.OffsetDateTime,3003)
2024-07-31T08:32:51.072+01:00 DEBUG 5420 --- [Training_management] [main] org.hibernate.type.BasicTypeRegistry     : Adding type registration OffsetDateTime -> basicType@2(java.time.OffsetDateTime,3003)
2024-07-31T08:32:51.076+01:00 DEBUG 5420 --- [Training_management] [main] org.hibernate.type.BasicTypeRegistry     : Adding type registration java.time.OffsetDateTime -> basicType@2(java.time.OffsetDateTime,3003)
2024-07-31T08:32:51.076+01:00 DEBUG 5420 --- [Training_management] [main] org.hibernate.type.BasicTypeRegistry     : Adding type registration org.hibernate.type.ZonedDateTimeType -> basicType@3(java.time.ZonedDateTime,3003)
2024-07-31T08:32:51.076+01:00 DEBUG 5420 --- [Training_management] [main] org.hibernate.type.BasicTypeRegistry     : Adding type registration ZonedDateTime -> basicType@3(java.time.ZonedDateTime,3003)
2024-07-31T08:32:51.076+01:00 DEBUG 5420 --- [Training_management] [main] org.hibernate.type.BasicTypeRegistry     : Adding type registration java.time.ZonedDateTime -> basicType@3(java.time.ZonedDateTime,3003)
2024-07-31T08:32:51.083+01:00 DEBUG 5420 --- [Training_management] [main] org.hibernate.type.BasicTypeRegistry     : Adding type registration org.hibernate.type.OffsetTimeType -> basicType@4(java.time.OffsetTime,3007)
2024-07-31T08:32:51.084+01:00 DEBUG 5420 --- [Training_management] [main] org.hibernate.type.BasicTypeRegistry     : Adding type registration OffsetTime -> basicType@4(java.time.OffsetTime,3007)
2024-07-31T08:32:51.085+01:00 DEBUG 5420 --- [Training_management] [main] org.hibernate.type.BasicTypeRegistry     : Adding type registration java.time.OffsetTime -> basicType@4(java.time.OffsetTime,3007)
2024-07-31T08:32:51.088+01:00 DEBUG 5420 --- [Training_management] [main] o.h.type.spi.TypeConfiguration$Scope     : Scoping TypeConfiguration [org.hibernate.type.spi.TypeConfiguration@320ff86f] to MetadataBuildingContext [org.hibernate.boot.internal.MetadataBuildingContextRootImpl@192b472d]
2024-07-31T08:32:53.541+01:00  INFO 5420 --- [Training_management] [main] o.h.e.t.j.p.i.JtaPlatformInitiator       : HHH000489: No JTA platform available (set 'hibernate.transaction.jta.platform' to enable JTA platform integration)
2024-07-31T08:32:53.544+01:00 DEBUG 5420 --- [Training_management] [main] o.h.type.spi.TypeConfiguration$Scope     : Scoping TypeConfiguration [org.hibernate.type.spi.TypeConfiguration@320ff86f] to SessionFactoryImplementor [org.hibernate.internal.SessionFactoryImpl@143fe09c]
2024-07-31T08:32:53.787+01:00 TRACE 5420 --- [Training_management] [main] o.h.type.spi.TypeConfiguration$Scope     : Handling #sessionFactoryCreated from [org.hibernate.internal.SessionFactoryImpl@143fe09c] for TypeConfiguration
2024-07-31T08:32:53.788+01:00  INFO 5420 --- [Training_management] [main] j.LocalContainerEntityManagerFactoryBean : Initialized JPA EntityManagerFactory for persistence unit 'default'
2024-07-31T08:32:54.003+01:00  WARN 5420 --- [Training_management] [main] JpaBaseConfiguration$JpaWebConfiguration : spring.jpa.open-in-view is enabled by default. Therefore, database queries may be performed during view rendering. Explicitly configure spring.jpa.open-in-view to disable this warning
2024-07-31T08:32:54.656+01:00 DEBUG 5420 --- [Training_management] [main] s.w.s.m.m.a.RequestMappingHandlerMapping : 2 mappings in 'requestMappingHandlerMapping'
2024-07-31T08:32:55.268+01:00 DEBUG 5420 --- [Training_management] [main] o.s.w.s.handler.SimpleUrlHandlerMapping  : Patterns [/webjars/**, /**] in 'resourceHandlerMapping'
2024-07-31T08:32:55.425+01:00 DEBUG 5420 --- [Training_management] [main] s.w.s.m.m.a.RequestMappingHandlerAdapter : ControllerAdvice beans: 0 @ModelAttribute, 0 @InitBinder, 1 RequestBodyAdvice, 1 ResponseBodyAdvice
2024-07-31T08:32:55.587+01:00 DEBUG 5420 --- [Training_management] [main] .m.m.a.ExceptionHandlerExceptionResolver : ControllerAdvice beans: 0 @ExceptionHandler, 1 ResponseBodyAdvice
2024-07-31T08:32:55.892+01:00  INFO 5420 --- [Training_management] [main] o.s.b.w.embedded.tomcat.TomcatWebServer  : Tomcat started on port 8080 (http) with context path ''
2024-07-31T08:32:55.915+01:00  INFO 5420 --- [Training_management] [main] n.j.T.TrainingManagementApplication      : Started TrainingManagementApplication in 15.188 seconds (process running for 16.663)
2024-07-31T08:35:45.895+01:00  INFO 5420 --- [Training_management] [SpringApplicationShutdownHook] j.LocalContainerEntityManagerFactoryBean : Closing JPA EntityManagerFactory for persistence unit 'default'
2024-07-31T08:35:45.898+01:00 TRACE 5420 --- [Training_management] [SpringApplicationShutdownHook] o.h.type.spi.TypeConfiguration$Scope     : Handling #sessionFactoryClosed from [org.hibernate.internal.SessionFactoryImpl@143fe09c] for TypeConfiguration
2024-07-31T08:35:45.899+01:00 DEBUG 5420 --- [Training_management] [SpringApplicationShutdownHook] o.h.type.spi.TypeConfiguration$Scope     : Un-scoping TypeConfiguration [org.hibernate.type.spi.TypeConfiguration$Scope@5cd13dbe] from SessionFactory [org.hibernate.internal.SessionFactoryImpl@143fe09c]
2024-07-31T08:35:45.903+01:00  INFO 5420 --- [Training_management] [SpringApplicationShutdownHook] com.zaxxer.hikari.HikariDataSource       : HikariPool-1 - Shutdown initiated...
2024-07-31T08:35:45.921+01:00  INFO 5420 --- [Training_management] [SpringApplicationShutdownHook] com.zaxxer.hikari.HikariDataSource       : HikariPool-1 - Shutdown completed.
2024-07-31T08:35:56.761+01:00  INFO 3492 --- [Training_management] [main] n.j.T.TrainingManagementApplication      : Starting TrainingManagementApplication using Java 22.0.2 with PID 3492 (C:\Users\dell\Downloads\Training_management (2) (2)\Training_management (2)\Training_management\Training_management\target\classes started by dell in C:\Users\dell\Downloads\Training_management (2) (2))
2024-07-31T08:35:56.765+01:00  INFO 3492 --- [Training_management] [main] n.j.T.TrainingManagementApplication      : No active profile set, falling back to 1 default profile: "default"
2024-07-31T08:35:58.375+01:00  INFO 3492 --- [Training_management] [main] .s.d.r.c.RepositoryConfigurationDelegate : Bootstrapping Spring Data JPA repositories in DEFAULT mode.
2024-07-31T08:35:58.401+01:00  INFO 3492 --- [Training_management] [main] .s.d.r.c.RepositoryConfigurationDelegate : Finished Spring Data repository scanning in 9 ms. Found 0 JPA repository interfaces.
2024-07-31T08:36:00.382+01:00  INFO 3492 --- [Training_management] [main] o.s.b.w.embedded.tomcat.TomcatWebServer  : Tomcat initialized with port 8080 (http)
2024-07-31T08:36:00.413+01:00  INFO 3492 --- [Training_management] [main] o.apache.catalina.core.StandardService   : Starting service [Tomcat]
2024-07-31T08:36:00.414+01:00  INFO 3492 --- [Training_management] [main] o.apache.catalina.core.StandardEngine    : Starting Servlet engine: [Apache Tomcat/10.1.20]
2024-07-31T08:36:00.578+01:00  INFO 3492 --- [Training_management] [main] o.a.c.c.C.[Tomcat].[localhost].[/]       : Initializing Spring embedded WebApplicationContext
2024-07-31T08:36:00.578+01:00  INFO 3492 --- [Training_management] [main] w.s.c.ServletWebServerApplicationContext : Root WebApplicationContext: initialization completed in 3618 ms
2024-07-31T08:36:01.147+01:00  INFO 3492 --- [Training_management] [main] o.hibernate.jpa.internal.util.LogHelper  : HHH000204: Processing PersistenceUnitInfo [name: default]
2024-07-31T08:36:01.417+01:00  INFO 3492 --- [Training_management] [main] org.hibernate.Version                    : HHH000412: Hibernate ORM core version 6.4.4.Final
2024-07-31T08:36:01.556+01:00  INFO 3492 --- [Training_management] [main] o.h.c.internal.RegionFactoryInitiator    : HHH000026: Second-level cache disabled
2024-07-31T08:36:01.801+01:00 DEBUG 3492 --- [Training_management] [main] org.hibernate.type.BasicTypeRegistry     : Adding type registration boolean -> org.hibernate.type.BasicTypeReference@28157173
2024-07-31T08:36:01.802+01:00 DEBUG 3492 --- [Training_management] [main] org.hibernate.type.BasicTypeRegistry     : Adding type registration boolean -> org.hibernate.type.BasicTypeReference@28157173
2024-07-31T08:36:01.803+01:00 DEBUG 3492 --- [Training_management] [main] org.hibernate.type.BasicTypeRegistry     : Adding type registration java.lang.Boolean -> org.hibernate.type.BasicTypeReference@28157173
2024-07-31T08:36:01.803+01:00 DEBUG 3492 --- [Training_management] [main] org.hibernate.type.BasicTypeRegistry     : Adding type registration numeric_boolean -> org.hibernate.type.BasicTypeReference@11c713b7
2024-07-31T08:36:01.803+01:00 DEBUG 3492 --- [Training_management] [main] org.hibernate.type.BasicTypeRegistry     : Adding type registration org.hibernate.type.NumericBooleanConverter -> org.hibernate.type.BasicTypeReference@11c713b7
2024-07-31T08:36:01.804+01:00 DEBUG 3492 --- [Training_management] [main] org.hibernate.type.BasicTypeRegistry     : Adding type registration true_false -> org.hibernate.type.BasicTypeReference@2251b3bc
2024-07-31T08:36:01.805+01:00 DEBUG 3492 --- [Training_management] [main] org.hibernate.type.BasicTypeRegistry     : Adding type registration org.hibernate.type.TrueFalseConverter -> org.hibernate.type.BasicTypeReference@2251b3bc
2024-07-31T08:36:01.805+01:00 DEBUG 3492 --- [Training_management] [main] org.hibernate.type.BasicTypeRegistry     : Adding type registration yes_no -> org.hibernate.type.BasicTypeReference@3fbe503c
2024-07-31T08:36:01.806+01:00 DEBUG 3492 --- [Training_management] [main] org.hibernate.type.BasicTypeRegistry     : Adding type registration org.hibernate.type.YesNoConverter -> org.hibernate.type.BasicTypeReference@3fbe503c
2024-07-31T08:36:01.806+01:00 DEBUG 3492 --- [Training_management] [main] org.hibernate.type.BasicTypeRegistry     : Adding type registration byte -> org.hibernate.type.BasicTypeReference@3c232051
2024-07-31T08:36:01.806+01:00 DEBUG 3492 --- [Training_management] [main] org.hibernate.type.BasicTypeRegistry     : Adding type registration byte -> org.hibernate.type.BasicTypeReference@3c232051
2024-07-31T08:36:01.807+01:00 DEBUG 3492 --- [Training_management] [main] org.hibernate.type.BasicTypeRegistry     : Adding type registration java.lang.Byte -> org.hibernate.type.BasicTypeReference@3c232051
2024-07-31T08:36:01.808+01:00 DEBUG 3492 --- [Training_management] [main] org.hibernate.type.BasicTypeRegistry     : Adding type registration binary -> org.hibernate.type.BasicTypeReference@15d0d6c9
2024-07-31T08:36:01.808+01:00 DEBUG 3492 --- [Training_management] [main] org.hibernate.type.BasicTypeRegistry     : Adding type registration byte[] -> org.hibernate.type.BasicTypeReference@15d0d6c9
2024-07-31T08:36:01.809+01:00 DEBUG 3492 --- [Training_management] [main] org.hibernate.type.BasicTypeRegistry     : Adding type registration [B -> org.hibernate.type.BasicTypeReference@15d0d6c9
2024-07-31T08:36:01.810+01:00 DEBUG 3492 --- [Training_management] [main] org.hibernate.type.BasicTypeRegistry     : Adding type registration binary_wrapper -> org.hibernate.type.BasicTypeReference@3ab35b9c
2024-07-31T08:36:01.811+01:00 DEBUG 3492 --- [Training_management] [main] org.hibernate.type.BasicTypeRegistry     : Adding type registration wrapper-binary -> org.hibernate.type.BasicTypeReference@3ab35b9c
2024-07-31T08:36:01.812+01:00 DEBUG 3492 --- [Training_management] [main] org.hibernate.type.BasicTypeRegistry     : Adding type registration image -> org.hibernate.type.BasicTypeReference@7741d346
2024-07-31T08:36:01.813+01:00 DEBUG 3492 --- [Training_management] [main] org.hibernate.type.BasicTypeRegistry     : Adding type registration blob -> org.hibernate.type.BasicTypeReference@52454457
2024-07-31T08:36:01.814+01:00 DEBUG 3492 --- [Training_management] [main] org.hibernate.type.BasicTypeRegistry     : Adding type registration java.sql.Blob -> org.hibernate.type.BasicTypeReference@52454457
2024-07-31T08:36:01.815+01:00 DEBUG 3492 --- [Training_management] [main] org.hibernate.type.BasicTypeRegistry     : Adding type registration materialized_blob -> org.hibernate.type.BasicTypeReference@4130a648
2024-07-31T08:36:01.815+01:00 DEBUG 3492 --- [Training_management] [main] org.hibernate.type.BasicTypeRegistry     : Adding type registration materialized_blob_wrapper -> org.hibernate.type.BasicTypeReference@61ff6a49
2024-07-31T08:36:01.816+01:00 DEBUG 3492 --- [Training_management] [main] org.hibernate.type.BasicTypeRegistry     : Adding type registration short -> org.hibernate.type.BasicTypeReference@18dd5ed3
2024-07-31T08:36:01.816+01:00 DEBUG 3492 --- [Training_management] [main] org.hibernate.type.BasicTypeRegistry     : Adding type registration short -> org.hibernate.type.BasicTypeReference@18dd5ed3
2024-07-31T08:36:01.816+01:00 DEBUG 3492 --- [Training_management] [main] org.hibernate.type.BasicTypeRegistry     : Adding type registration java.lang.Short -> org.hibernate.type.BasicTypeReference@18dd5ed3
2024-07-31T08:36:01.817+01:00 DEBUG 3492 --- [Training_management] [main] org.hibernate.type.BasicTypeRegistry     : Adding type registration integer -> org.hibernate.type.BasicTypeReference@6042d663
2024-07-31T08:36:01.817+01:00 DEBUG 3492 --- [Training_management] [main] org.hibernate.type.BasicTypeRegistry     : Adding type registration int -> org.hibernate.type.BasicTypeReference@6042d663
2024-07-31T08:36:01.818+01:00 DEBUG 3492 --- [Training_management] [main] org.hibernate.type.BasicTypeRegistry     : Adding type registration java.lang.Integer -> org.hibernate.type.BasicTypeReference@6042d663
2024-07-31T08:36:01.818+01:00 DEBUG 3492 --- [Training_management] [main] org.hibernate.type.BasicTypeRegistry     : Adding type registration long -> org.hibernate.type.BasicTypeReference@24043ec5
2024-07-31T08:36:01.818+01:00 DEBUG 3492 --- [Training_management] [main] org.hibernate.type.BasicTypeRegistry     : Adding type registration long -> org.hibernate.type.BasicTypeReference@24043ec5
2024-07-31T08:36:01.818+01:00 DEBUG 3492 --- [Training_management] [main] org.hibernate.type.BasicTypeRegistry     : Adding type registration java.lang.Long -> org.hibernate.type.BasicTypeReference@24043ec5
2024-07-31T08:36:01.818+01:00 DEBUG 3492 --- [Training_management] [main] org.hibernate.type.BasicTypeRegistry     : Adding type registration float -> org.hibernate.type.BasicTypeReference@3e33b52e
2024-07-31T08:36:01.819+01:00 DEBUG 3492 --- [Training_management] [main] org.hibernate.type.BasicTypeRegistry     : Adding type registration float -> org.hibernate.type.BasicTypeReference@3e33b52e
2024-07-31T08:36:01.819+01:00 DEBUG 3492 --- [Training_management] [main] org.hibernate.type.BasicTypeRegistry     : Adding type registration java.lang.Float -> org.hibernate.type.BasicTypeReference@3e33b52e
2024-07-31T08:36:01.820+01:00 DEBUG 3492 --- [Training_management] [main] org.hibernate.type.BasicTypeRegistry     : Adding type registration double -> org.hibernate.type.BasicTypeReference@4c6a4ffd
2024-07-31T08:36:01.821+01:00 DEBUG 3492 --- [Training_management] [main] org.hibernate.type.BasicTypeRegistry     : Adding type registration double -> org.hibernate.type.BasicTypeReference@4c6a4ffd
2024-07-31T08:36:01.822+01:00 DEBUG 3492 --- [Training_management] [main] org.hibernate.type.BasicTypeRegistry     : Adding type registration java.lang.Double -> org.hibernate.type.BasicTypeReference@4c6a4ffd
2024-07-31T08:36:01.822+01:00 DEBUG 3492 --- [Training_management] [main] org.hibernate.type.BasicTypeRegistry     : Adding type registration big_integer -> org.hibernate.type.BasicTypeReference@3aed69dd
2024-07-31T08:36:01.822+01:00 DEBUG 3492 --- [Training_management] [main] org.hibernate.type.BasicTypeRegistry     : Adding type registration java.math.BigInteger -> org.hibernate.type.BasicTypeReference@3aed69dd
2024-07-31T08:36:01.823+01:00 DEBUG 3492 --- [Training_management] [main] org.hibernate.type.BasicTypeRegistry     : Adding type registration big_decimal -> org.hibernate.type.BasicTypeReference@3f1a9a53
2024-07-31T08:36:01.823+01:00 DEBUG 3492 --- [Training_management] [main] org.hibernate.type.BasicTypeRegistry     : Adding type registration java.math.BigDecimal -> org.hibernate.type.BasicTypeReference@3f1a9a53
2024-07-31T08:36:01.824+01:00 DEBUG 3492 --- [Training_management] [main] org.hibernate.type.BasicTypeRegistry     : Adding type registration character -> org.hibernate.type.BasicTypeReference@1ca3d25b
2024-07-31T08:36:01.824+01:00 DEBUG 3492 --- [Training_management] [main] org.hibernate.type.BasicTypeRegistry     : Adding type registration char -> org.hibernate.type.BasicTypeReference@1ca3d25b
2024-07-31T08:36:01.824+01:00 DEBUG 3492 --- [Training_management] [main] org.hibernate.type.BasicTypeRegistry     : Adding type registration java.lang.Character -> org.hibernate.type.BasicTypeReference@1ca3d25b
2024-07-31T08:36:01.825+01:00 DEBUG 3492 --- [Training_management] [main] org.hibernate.type.BasicTypeRegistry     : Adding type registration character_nchar -> org.hibernate.type.BasicTypeReference@2287395
2024-07-31T08:36:01.826+01:00 DEBUG 3492 --- [Training_management] [main] org.hibernate.type.BasicTypeRegistry     : Adding type registration string -> org.hibernate.type.BasicTypeReference@535a518c
2024-07-31T08:36:01.827+01:00 DEBUG 3492 --- [Training_management] [main] org.hibernate.type.BasicTypeRegistry     : Adding type registration java.lang.String -> org.hibernate.type.BasicTypeReference@535a518c
2024-07-31T08:36:01.827+01:00 DEBUG 3492 --- [Training_management] [main] org.hibernate.type.BasicTypeRegistry     : Adding type registration nstring -> org.hibernate.type.BasicTypeReference@38f981b6
2024-07-31T08:36:01.827+01:00 DEBUG 3492 --- [Training_management] [main] org.hibernate.type.BasicTypeRegistry     : Adding type registration characters -> org.hibernate.type.BasicTypeReference@3a4aadf8
2024-07-31T08:36:01.828+01:00 DEBUG 3492 --- [Training_management] [main] org.hibernate.type.BasicTypeRegistry     : Adding type registration char[] -> org.hibernate.type.BasicTypeReference@3a4aadf8
2024-07-31T08:36:01.828+01:00 DEBUG 3492 --- [Training_management] [main] org.hibernate.type.BasicTypeRegistry     : Adding type registration [C -> org.hibernate.type.BasicTypeReference@3a4aadf8
2024-07-31T08:36:01.830+01:00 DEBUG 3492 --- [Training_management] [main] org.hibernate.type.BasicTypeRegistry     : Adding type registration wrapper-characters -> org.hibernate.type.BasicTypeReference@7bbfc5ff
2024-07-31T08:36:01.831+01:00 DEBUG 3492 --- [Training_management] [main] org.hibernate.type.BasicTypeRegistry     : Adding type registration text -> org.hibernate.type.BasicTypeReference@7a682d35
2024-07-31T08:36:01.831+01:00 DEBUG 3492 --- [Training_management] [main] org.hibernate.type.BasicTypeRegistry     : Adding type registration ntext -> org.hibernate.type.BasicTypeReference@ee8e7ff
2024-07-31T08:36:01.832+01:00 DEBUG 3492 --- [Training_management] [main] org.hibernate.type.BasicTypeRegistry     : Adding type registration clob -> org.hibernate.type.BasicTypeReference@61a2aeb7
2024-07-31T08:36:01.832+01:00 DEBUG 3492 --- [Training_management] [main] org.hibernate.type.BasicTypeRegistry     : Adding type registration java.sql.Clob -> org.hibernate.type.BasicTypeReference@61a2aeb7
2024-07-31T08:36:01.833+01:00 DEBUG 3492 --- [Training_management] [main] org.hibernate.type.BasicTypeRegistry     : Adding type registration nclob -> org.hibernate.type.BasicTypeReference@64b70f41
2024-07-31T08:36:01.833+01:00 DEBUG 3492 --- [Training_management] [main] org.hibernate.type.BasicTypeRegistry     : Adding type registration java.sql.NClob -> org.hibernate.type.BasicTypeReference@64b70f41
2024-07-31T08:36:01.833+01:00 DEBUG 3492 --- [Training_management] [main] org.hibernate.type.BasicTypeRegistry     : Adding type registration materialized_clob -> org.hibernate.type.BasicTypeReference@5f8d9767
2024-07-31T08:36:01.834+01:00 DEBUG 3492 --- [Training_management] [main] org.hibernate.type.BasicTypeRegistry     : Adding type registration materialized_clob_char_array -> org.hibernate.type.BasicTypeReference@16134476
2024-07-31T08:36:01.834+01:00 DEBUG 3492 --- [Training_management] [main] org.hibernate.type.BasicTypeRegistry     : Adding type registration materialized_clob_character_array -> org.hibernate.type.BasicTypeReference@62b09715
2024-07-31T08:36:01.834+01:00 DEBUG 3492 --- [Training_management] [main] org.hibernate.type.BasicTypeRegistry     : Adding type registration materialized_nclob -> org.hibernate.type.BasicTypeReference@3e214105
2024-07-31T08:36:01.834+01:00 DEBUG 3492 --- [Training_management] [main] org.hibernate.type.BasicTypeRegistry     : Adding type registration materialized_nclob_character_array -> org.hibernate.type.BasicTypeReference@da4cf09
2024-07-31T08:36:01.835+01:00 DEBUG 3492 --- [Training_management] [main] org.hibernate.type.BasicTypeRegistry     : Adding type registration materialized_nclob_char_array -> org.hibernate.type.BasicTypeReference@1980a3f
2024-07-31T08:36:01.835+01:00 DEBUG 3492 --- [Training_management] [main] org.hibernate.type.BasicTypeRegistry     : Adding type registration Duration -> org.hibernate.type.BasicTypeReference@67f63d26
2024-07-31T08:36:01.835+01:00 DEBUG 3492 --- [Training_management] [main] org.hibernate.type.BasicTypeRegistry     : Adding type registration java.time.Duration -> org.hibernate.type.BasicTypeReference@67f63d26
2024-07-31T08:36:01.835+01:00 DEBUG 3492 --- [Training_management] [main] org.hibernate.type.BasicTypeRegistry     : Adding type registration LocalDateTime -> org.hibernate.type.BasicTypeReference@536b71b4
2024-07-31T08:36:01.835+01:00 DEBUG 3492 --- [Training_management] [main] org.hibernate.type.BasicTypeRegistry     : Adding type registration java.time.LocalDateTime -> org.hibernate.type.BasicTypeReference@536b71b4
2024-07-31T08:36:01.835+01:00 DEBUG 3492 --- [Training_management] [main] org.hibernate.type.BasicTypeRegistry     : Adding type registration LocalDate -> org.hibernate.type.BasicTypeReference@789c3057
2024-07-31T08:36:01.836+01:00 DEBUG 3492 --- [Training_management] [main] org.hibernate.type.BasicTypeRegistry     : Adding type registration java.time.LocalDate -> org.hibernate.type.BasicTypeReference@789c3057
2024-07-31T08:36:01.836+01:00 DEBUG 3492 --- [Training_management] [main] org.hibernate.type.BasicTypeRegistry     : Adding type registration LocalTime -> org.hibernate.type.BasicTypeReference@39941489
2024-07-31T08:36:01.836+01:00 DEBUG 3492 --- [Training_management] [main] org.hibernate.type.BasicTypeRegistry     : Adding type registration java.time.LocalTime -> org.hibernate.type.BasicTypeReference@39941489
2024-07-31T08:36:01.837+01:00 DEBUG 3492 --- [Training_management] [main] org.hibernate.type.BasicTypeRegistry     : Adding type registration OffsetDateTime -> org.hibernate.type.BasicTypeReference@6f5d0190
2024-07-31T08:36:01.838+01:00 DEBUG 3492 --- [Training_management] [main] org.hibernate.type.BasicTypeRegistry     : Adding type registration java.time.OffsetDateTime -> org.hibernate.type.BasicTypeReference@6f5d0190
2024-07-31T08:36:01.838+01:00 DEBUG 3492 --- [Training_management] [main] org.hibernate.type.BasicTypeRegistry     : Adding type registration OffsetDateTimeWithTimezone -> org.hibernate.type.BasicTypeReference@67332b1e
2024-07-31T08:36:01.838+01:00 DEBUG 3492 --- [Training_management] [main] org.hibernate.type.BasicTypeRegistry     : Adding type registration OffsetDateTimeWithoutTimezone -> org.hibernate.type.BasicTypeReference@7e34b127
2024-07-31T08:36:01.838+01:00 DEBUG 3492 --- [Training_management] [main] org.hibernate.type.BasicTypeRegistry     : Adding type registration OffsetTime -> org.hibernate.type.BasicTypeReference@679dd234
2024-07-31T08:36:01.838+01:00 DEBUG 3492 --- [Training_management] [main] org.hibernate.type.BasicTypeRegistry     : Adding type registration java.time.OffsetTime -> org.hibernate.type.BasicTypeReference@679dd234
2024-07-31T08:36:01.839+01:00 DEBUG 3492 --- [Training_management] [main] org.hibernate.type.BasicTypeRegistry     : Adding type registration OffsetTimeUtc -> org.hibernate.type.BasicTypeReference@60cb1ed6
2024-07-31T08:36:01.839+01:00 DEBUG 3492 --- [Training_management] [main] org.hibernate.type.BasicTypeRegistry     : Adding type registration OffsetTimeWithTimezone -> org.hibernate.type.BasicTypeReference@1e5eb20a
2024-07-31T08:36:01.839+01:00 DEBUG 3492 --- [Training_management] [main] org.hibernate.type.BasicTypeRegistry     : Adding type registration OffsetTimeWithoutTimezone -> org.hibernate.type.BasicTypeReference@4538856f
2024-07-31T08:36:01.839+01:00 DEBUG 3492 --- [Training_management] [main] org.hibernate.type.BasicTypeRegistry     : Adding type registration ZonedDateTime -> org.hibernate.type.BasicTypeReference@4c3de38e
2024-07-31T08:36:01.839+01:00 DEBUG 3492 --- [Training_management] [main] org.hibernate.type.BasicTypeRegistry     : Adding type registration java.time.ZonedDateTime -> org.hibernate.type.BasicTypeReference@4c3de38e
2024-07-31T08:36:01.839+01:00 DEBUG 3492 --- [Training_management] [main] org.hibernate.type.BasicTypeRegistry     : Adding type registration ZonedDateTimeWithTimezone -> org.hibernate.type.BasicTypeReference@74b86971
2024-07-31T08:36:01.840+01:00 DEBUG 3492 --- [Training_management] [main] org.hibernate.type.BasicTypeRegistry     : Adding type registration ZonedDateTimeWithoutTimezone -> org.hibernate.type.BasicTypeReference@1f9d4b0e
2024-07-31T08:36:01.840+01:00 DEBUG 3492 --- [Training_management] [main] org.hibernate.type.BasicTypeRegistry     : Adding type registration date -> org.hibernate.type.BasicTypeReference@1e8fb66f
2024-07-31T08:36:01.841+01:00 DEBUG 3492 --- [Training_management] [main] org.hibernate.type.BasicTypeRegistry     : Adding type registration java.sql.Date -> org.hibernate.type.BasicTypeReference@1e8fb66f
2024-07-31T08:36:01.842+01:00 DEBUG 3492 --- [Training_management] [main] org.hibernate.type.BasicTypeRegistry     : Adding type registration time -> org.hibernate.type.BasicTypeReference@3d8d17a3
2024-07-31T08:36:01.842+01:00 DEBUG 3492 --- [Training_management] [main] org.hibernate.type.BasicTypeRegistry     : Adding type registration java.sql.Time -> org.hibernate.type.BasicTypeReference@3d8d17a3
2024-07-31T08:36:01.842+01:00 DEBUG 3492 --- [Training_management] [main] org.hibernate.type.BasicTypeRegistry     : Adding type registration timestamp -> org.hibernate.type.BasicTypeReference@ac91282
2024-07-31T08:36:01.842+01:00 DEBUG 3492 --- [Training_management] [main] org.hibernate.type.BasicTypeRegistry     : Adding type registration java.sql.Timestamp -> org.hibernate.type.BasicTypeReference@ac91282
2024-07-31T08:36:01.842+01:00 DEBUG 3492 --- [Training_management] [main] org.hibernate.type.BasicTypeRegistry     : Adding type registration java.util.Date -> org.hibernate.type.BasicTypeReference@ac91282
2024-07-31T08:36:01.842+01:00 DEBUG 3492 --- [Training_management] [main] org.hibernate.type.BasicTypeRegistry     : Adding type registration calendar -> org.hibernate.type.BasicTypeReference@7f79edee
2024-07-31T08:36:01.842+01:00 DEBUG 3492 --- [Training_management] [main] org.hibernate.type.BasicTypeRegistry     : Adding type registration java.util.Calendar -> org.hibernate.type.BasicTypeReference@7f79edee
2024-07-31T08:36:01.842+01:00 DEBUG 3492 --- [Training_management] [main] org.hibernate.type.BasicTypeRegistry     : Adding type registration java.util.GregorianCalendar -> org.hibernate.type.BasicTypeReference@7f79edee
2024-07-31T08:36:01.843+01:00 DEBUG 3492 --- [Training_management] [main] org.hibernate.type.BasicTypeRegistry     : Adding type registration calendar_date -> org.hibernate.type.BasicTypeReference@1ca610a0
2024-07-31T08:36:01.844+01:00 DEBUG 3492 --- [Training_management] [main] org.hibernate.type.BasicTypeRegistry     : Adding type registration calendar_time -> org.hibernate.type.BasicTypeReference@49433c98
2024-07-31T08:36:01.844+01:00 DEBUG 3492 --- [Training_management] [main] org.hibernate.type.BasicTypeRegistry     : Adding type registration instant -> org.hibernate.type.BasicTypeReference@b5c6a30
2024-07-31T08:36:01.844+01:00 DEBUG 3492 --- [Training_management] [main] org.hibernate.type.BasicTypeRegistry     : Adding type registration java.time.Instant -> org.hibernate.type.BasicTypeReference@b5c6a30
2024-07-31T08:36:01.844+01:00 DEBUG 3492 --- [Training_management] [main] org.hibernate.type.BasicTypeRegistry     : Adding type registration uuid -> org.hibernate.type.BasicTypeReference@3bfae028
2024-07-31T08:36:01.844+01:00 DEBUG 3492 --- [Training_management] [main] org.hibernate.type.BasicTypeRegistry     : Adding type registration java.util.UUID -> org.hibernate.type.BasicTypeReference@3bfae028
2024-07-31T08:36:01.844+01:00 DEBUG 3492 --- [Training_management] [main] org.hibernate.type.BasicTypeRegistry     : Adding type registration pg-uuid -> org.hibernate.type.BasicTypeReference@3bfae028
2024-07-31T08:36:01.844+01:00 DEBUG 3492 --- [Training_management] [main] org.hibernate.type.BasicTypeRegistry     : Adding type registration uuid-binary -> org.hibernate.type.BasicTypeReference@1775c4e7
2024-07-31T08:36:01.844+01:00 DEBUG 3492 --- [Training_management] [main] org.hibernate.type.BasicTypeRegistry     : Adding type registration uuid-char -> org.hibernate.type.BasicTypeReference@47829d6d
2024-07-31T08:36:01.845+01:00 DEBUG 3492 --- [Training_management] [main] org.hibernate.type.BasicTypeRegistry     : Adding type registration class -> org.hibernate.type.BasicTypeReference@2f677247
2024-07-31T08:36:01.846+01:00 DEBUG 3492 --- [Training_management] [main] org.hibernate.type.BasicTypeRegistry     : Adding type registration java.lang.Class -> org.hibernate.type.BasicTypeReference@2f677247
2024-07-31T08:36:01.846+01:00 DEBUG 3492 --- [Training_management] [main] org.hibernate.type.BasicTypeRegistry     : Adding type registration currency -> org.hibernate.type.BasicTypeReference@43f03c23
2024-07-31T08:36:01.846+01:00 DEBUG 3492 --- [Training_management] [main] org.hibernate.type.BasicTypeRegistry     : Adding type registration Currency -> org.hibernate.type.BasicTypeReference@43f03c23
2024-07-31T08:36:01.846+01:00 DEBUG 3492 --- [Training_management] [main] org.hibernate.type.BasicTypeRegistry     : Adding type registration java.util.Currency -> org.hibernate.type.BasicTypeReference@43f03c23
2024-07-31T08:36:01.846+01:00 DEBUG 3492 --- [Training_management] [main] org.hibernate.type.BasicTypeRegistry     : Adding type registration locale -> org.hibernate.type.BasicTypeReference@7a1b8a46
2024-07-31T08:36:01.846+01:00 DEBUG 3492 --- [Training_management] [main] org.hibernate.type.BasicTypeRegistry     : Adding type registration java.util.Locale -> org.hibernate.type.BasicTypeReference@7a1b8a46
2024-07-31T08:36:01.846+01:00 DEBUG 3492 --- [Training_management] [main] org.hibernate.type.BasicTypeRegistry     : Adding type registration serializable -> org.hibernate.type.BasicTypeReference@2921199d
2024-07-31T08:36:01.847+01:00 DEBUG 3492 --- [Training_management] [main] org.hibernate.type.BasicTypeRegistry     : Adding type registration java.io.Serializable -> org.hibernate.type.BasicTypeReference@2921199d
2024-07-31T08:36:01.847+01:00 DEBUG 3492 --- [Training_management] [main] org.hibernate.type.BasicTypeRegistry     : Adding type registration timezone -> org.hibernate.type.BasicTypeReference@3d40a3b4
2024-07-31T08:36:01.848+01:00 DEBUG 3492 --- [Training_management] [main] org.hibernate.type.BasicTypeRegistry     : Adding type registration java.util.TimeZone -> org.hibernate.type.BasicTypeReference@3d40a3b4
2024-07-31T08:36:01.848+01:00 DEBUG 3492 --- [Training_management] [main] org.hibernate.type.BasicTypeRegistry     : Adding type registration ZoneOffset -> org.hibernate.type.BasicTypeReference@7f13811b
2024-07-31T08:36:01.849+01:00 DEBUG 3492 --- [Training_management] [main] org.hibernate.type.BasicTypeRegistry     : Adding type registration java.time.ZoneOffset -> org.hibernate.type.BasicTypeReference@7f13811b
2024-07-31T08:36:01.849+01:00 DEBUG 3492 --- [Training_management] [main] org.hibernate.type.BasicTypeRegistry     : Adding type registration url -> org.hibernate.type.BasicTypeReference@59fc6d05
2024-07-31T08:36:01.849+01:00 DEBUG 3492 --- [Training_management] [main] org.hibernate.type.BasicTypeRegistry     : Adding type registration java.net.URL -> org.hibernate.type.BasicTypeReference@59fc6d05
2024-07-31T08:36:01.850+01:00 DEBUG 3492 --- [Training_management] [main] org.hibernate.type.BasicTypeRegistry     : Adding type registration vector -> org.hibernate.type.BasicTypeReference@78307a56
2024-07-31T08:36:01.850+01:00 DEBUG 3492 --- [Training_management] [main] org.hibernate.type.BasicTypeRegistry     : Adding type registration row_version -> org.hibernate.type.BasicTypeReference@40d52be7
2024-07-31T08:36:01.861+01:00 DEBUG 3492 --- [Training_management] [main] org.hibernate.type.BasicTypeRegistry     : Adding type registration object -> org.hibernate.type.JavaObjectType@28279a49
2024-07-31T08:36:01.862+01:00 DEBUG 3492 --- [Training_management] [main] org.hibernate.type.BasicTypeRegistry     : Adding type registration java.lang.Object -> org.hibernate.type.JavaObjectType@28279a49
2024-07-31T08:36:01.865+01:00 DEBUG 3492 --- [Training_management] [main] org.hibernate.type.BasicTypeRegistry     : Adding type registration null -> org.hibernate.type.NullType@390037e7
2024-07-31T08:36:01.866+01:00 DEBUG 3492 --- [Training_management] [main] org.hibernate.type.BasicTypeRegistry     : Adding type registration imm_date -> org.hibernate.type.BasicTypeReference@704067c6
2024-07-31T08:36:01.867+01:00 DEBUG 3492 --- [Training_management] [main] org.hibernate.type.BasicTypeRegistry     : Adding type registration imm_time -> org.hibernate.type.BasicTypeReference@6002e944
2024-07-31T08:36:01.867+01:00 DEBUG 3492 --- [Training_management] [main] org.hibernate.type.BasicTypeRegistry     : Adding type registration imm_timestamp -> org.hibernate.type.BasicTypeReference@588545ac
2024-07-31T08:36:01.867+01:00 DEBUG 3492 --- [Training_management] [main] org.hibernate.type.BasicTypeRegistry     : Adding type registration imm_calendar -> org.hibernate.type.BasicTypeReference@2b08772d
2024-07-31T08:36:01.867+01:00 DEBUG 3492 --- [Training_management] [main] org.hibernate.type.BasicTypeRegistry     : Adding type registration imm_calendar_date -> org.hibernate.type.BasicTypeReference@78a8978a
2024-07-31T08:36:01.867+01:00 DEBUG 3492 --- [Training_management] [main] org.hibernate.type.BasicTypeRegistry     : Adding type registration imm_calendar_time -> org.hibernate.type.BasicTypeReference@f171912
2024-07-31T08:36:01.868+01:00 DEBUG 3492 --- [Training_management] [main] org.hibernate.type.BasicTypeRegistry     : Adding type registration imm_binary -> org.hibernate.type.BasicTypeReference@7d4d8579
2024-07-31T08:36:01.868+01:00 DEBUG 3492 --- [Training_management] [main] org.hibernate.type.BasicTypeRegistry     : Adding type registration imm_serializable -> org.hibernate.type.BasicTypeReference@159424e2
2024-07-31T08:36:02.260+01:00  INFO 3492 --- [Training_management] [main] o.s.o.j.p.SpringPersistenceUnitInfo      : No LoadTimeWeaver setup: ignoring JPA class transformer
2024-07-31T08:36:02.336+01:00  INFO 3492 --- [Training_management] [main] com.zaxxer.hikari.HikariDataSource       : HikariPool-1 - Starting...
2024-07-31T08:36:03.079+01:00  INFO 3492 --- [Training_management] [main] com.zaxxer.hikari.pool.HikariPool        : HikariPool-1 - Added connection com.mysql.cj.jdbc.ConnectionImpl@7757025d
2024-07-31T08:36:03.085+01:00  INFO 3492 --- [Training_management] [main] com.zaxxer.hikari.HikariDataSource       : HikariPool-1 - Start completed.
2024-07-31T08:36:03.207+01:00  WARN 3492 --- [Training_management] [main] org.hibernate.orm.deprecation            : HHH90000025: MySQLDialect does not need to be specified explicitly using 'hibernate.dialect' (remove the property setting and it will be selected by default)
2024-07-31T08:36:03.299+01:00 DEBUG 3492 --- [Training_management] [main] o.h.t.d.sql.spi.DdlTypeRegistry          : addDescriptor(12, org.hibernate.type.descriptor.sql.internal.CapacityDependentDdlType@28831d69) replaced previous registration(org.hibernate.type.descriptor.sql.internal.CapacityDependentDdlType@315b4202)
2024-07-31T08:36:03.299+01:00 DEBUG 3492 --- [Training_management] [main] o.h.t.d.sql.spi.DdlTypeRegistry          : addDescriptor(-9, org.hibernate.type.descriptor.sql.internal.CapacityDependentDdlType@58e03769) replaced previous registration(org.hibernate.type.descriptor.sql.internal.CapacityDependentDdlType@5a899811)
2024-07-31T08:36:03.299+01:00 DEBUG 3492 --- [Training_management] [main] o.h.t.d.sql.spi.DdlTypeRegistry          : addDescriptor(-3, org.hibernate.type.descriptor.sql.internal.CapacityDependentDdlType@6a51ae7c) replaced previous registration(org.hibernate.type.descriptor.sql.internal.CapacityDependentDdlType@171aa66)
2024-07-31T08:36:03.304+01:00 DEBUG 3492 --- [Training_management] [main] o.h.t.d.sql.spi.DdlTypeRegistry          : addDescriptor(4003, org.hibernate.type.descriptor.sql.internal.DdlTypeImpl@58739e5e) replaced previous registration(org.hibernate.type.descriptor.sql.internal.DdlTypeImpl@4e2cdc51)
2024-07-31T08:36:03.305+01:00 DEBUG 3492 --- [Training_management] [main] o.h.t.d.sql.spi.DdlTypeRegistry          : addDescriptor(4001, org.hibernate.type.descriptor.sql.internal.DdlTypeImpl@2969a9a6) replaced previous registration(org.hibernate.type.descriptor.sql.internal.DdlTypeImpl@25470477)
2024-07-31T08:36:03.307+01:00 DEBUG 3492 --- [Training_management] [main] o.h.t.d.sql.spi.DdlTypeRegistry          : addDescriptor(4002, org.hibernate.type.descriptor.sql.internal.DdlTypeImpl@6182ffef) replaced previous registration(org.hibernate.type.descriptor.sql.internal.DdlTypeImpl@49e479da)
2024-07-31T08:36:03.310+01:00 DEBUG 3492 --- [Training_management] [main] o.h.t.d.sql.spi.DdlTypeRegistry          : addDescriptor(2004, org.hibernate.type.descriptor.sql.internal.CapacityDependentDdlType@2d24cdd9) replaced previous registration(org.hibernate.type.descriptor.sql.internal.DdlTypeImpl@30dd00b6)
2024-07-31T08:36:03.311+01:00 DEBUG 3492 --- [Training_management] [main] o.h.t.d.sql.spi.DdlTypeRegistry          : addDescriptor(2005, org.hibernate.type.descriptor.sql.internal.CapacityDependentDdlType@4656fcc5) replaced previous registration(org.hibernate.type.descriptor.sql.internal.DdlTypeImpl@2c16677c)
2024-07-31T08:36:03.312+01:00 DEBUG 3492 --- [Training_management] [main] o.h.t.d.sql.spi.DdlTypeRegistry          : addDescriptor(2011, org.hibernate.type.descriptor.sql.internal.CapacityDependentDdlType@27d73d22) replaced previous registration(org.hibernate.type.descriptor.sql.internal.DdlTypeImpl@7fd751de)
2024-07-31T08:36:03.317+01:00 DEBUG 3492 --- [Training_management] [main] o.h.t.d.jdbc.spi.JdbcTypeRegistry        : addDescriptor(NCharTypeDescriptor) replaced previous registration(CharTypeDescriptor)
2024-07-31T08:36:03.317+01:00 DEBUG 3492 --- [Training_management] [main] o.h.t.d.jdbc.spi.JdbcTypeRegistry        : addDescriptor(NVarcharTypeDescriptor) replaced previous registration(VarcharTypeDescriptor)
2024-07-31T08:36:03.318+01:00 DEBUG 3492 --- [Training_management] [main] o.h.t.d.jdbc.spi.JdbcTypeRegistry        : addDescriptor(LongNVarcharTypeDescriptor) replaced previous registration(LongVarcharTypeDescriptor)
2024-07-31T08:36:03.328+01:00 DEBUG 3492 --- [Training_management] [main] o.h.t.d.jdbc.spi.JdbcTypeRegistry        : addDescriptor(NClobTypeDescriptor(DEFAULT)) replaced previous registration(ClobTypeDescriptor(DEFAULT))
2024-07-31T08:36:03.329+01:00 DEBUG 3492 --- [Training_management] [main] o.h.t.d.jdbc.spi.JdbcTypeRegistry        : addDescriptor(2005, ClobTypeDescriptor(STREAM_BINDING)) replaced previous registration(ClobTypeDescriptor(DEFAULT))
2024-07-31T08:36:03.339+01:00 DEBUG 3492 --- [Training_management] [main] org.hibernate.type.BasicTypeRegistry     : Adding type registration null -> org.hibernate.type.NullType@27d98bef
2024-07-31T08:36:03.340+01:00 DEBUG 3492 --- [Training_management] [main] org.hibernate.type.BasicTypeRegistry     : Type registration key [null] overrode previous entry : `org.hibernate.type.NullType@390037e7`
2024-07-31T08:36:03.362+01:00 DEBUG 3492 --- [Training_management] [main] org.hibernate.type.BasicTypeRegistry     : Adding type registration org.hibernate.type.DurationType -> basicType@1(java.time.Duration,3015)
2024-07-31T08:36:03.362+01:00 DEBUG 3492 --- [Training_management] [main] org.hibernate.type.BasicTypeRegistry     : Adding type registration Duration -> basicType@1(java.time.Duration,3015)
2024-07-31T08:36:03.362+01:00 DEBUG 3492 --- [Training_management] [main] org.hibernate.type.BasicTypeRegistry     : Adding type registration java.time.Duration -> basicType@1(java.time.Duration,3015)
2024-07-31T08:36:03.380+01:00 DEBUG 3492 --- [Training_management] [main] org.hibernate.type.BasicTypeRegistry     : Adding type registration org.hibernate.type.OffsetDateTimeType -> basicType@2(java.time.OffsetDateTime,3003)
2024-07-31T08:36:03.380+01:00 DEBUG 3492 --- [Training_management] [main] org.hibernate.type.BasicTypeRegistry     : Adding type registration OffsetDateTime -> basicType@2(java.time.OffsetDateTime,3003)
2024-07-31T08:36:03.381+01:00 DEBUG 3492 --- [Training_management] [main] org.hibernate.type.BasicTypeRegistry     : Adding type registration java.time.OffsetDateTime -> basicType@2(java.time.OffsetDateTime,3003)
2024-07-31T08:36:03.382+01:00 DEBUG 3492 --- [Training_management] [main] org.hibernate.type.BasicTypeRegistry     : Adding type registration org.hibernate.type.ZonedDateTimeType -> basicType@3(java.time.ZonedDateTime,3003)
2024-07-31T08:36:03.383+01:00 DEBUG 3492 --- [Training_management] [main] org.hibernate.type.BasicTypeRegistry     : Adding type registration ZonedDateTime -> basicType@3(java.time.ZonedDateTime,3003)
2024-07-31T08:36:03.389+01:00 DEBUG 3492 --- [Training_management] [main] org.hibernate.type.BasicTypeRegistry     : Adding type registration java.time.ZonedDateTime -> basicType@3(java.time.ZonedDateTime,3003)
2024-07-31T08:36:03.400+01:00 DEBUG 3492 --- [Training_management] [main] org.hibernate.type.BasicTypeRegistry     : Adding type registration org.hibernate.type.OffsetTimeType -> basicType@4(java.time.OffsetTime,3007)
2024-07-31T08:36:03.400+01:00 DEBUG 3492 --- [Training_management] [main] org.hibernate.type.BasicTypeRegistry     : Adding type registration OffsetTime -> basicType@4(java.time.OffsetTime,3007)
2024-07-31T08:36:03.401+01:00 DEBUG 3492 --- [Training_management] [main] org.hibernate.type.BasicTypeRegistry     : Adding type registration java.time.OffsetTime -> basicType@4(java.time.OffsetTime,3007)
2024-07-31T08:36:03.404+01:00 DEBUG 3492 --- [Training_management] [main] o.h.type.spi.TypeConfiguration$Scope     : Scoping TypeConfiguration [org.hibernate.type.spi.TypeConfiguration@7e3ee128] to MetadataBuildingContext [org.hibernate.boot.internal.MetadataBuildingContextRootImpl@7d64a960]
2024-07-31T08:36:05.574+01:00  INFO 3492 --- [Training_management] [main] o.h.e.t.j.p.i.JtaPlatformInitiator       : HHH000489: No JTA platform available (set 'hibernate.transaction.jta.platform' to enable JTA platform integration)
2024-07-31T08:36:05.575+01:00 DEBUG 3492 --- [Training_management] [main] o.h.type.spi.TypeConfiguration$Scope     : Scoping TypeConfiguration [org.hibernate.type.spi.TypeConfiguration@7e3ee128] to SessionFactoryImplementor [org.hibernate.internal.SessionFactoryImpl@34d5eac]
2024-07-31T08:36:05.743+01:00 TRACE 3492 --- [Training_management] [main] o.h.type.spi.TypeConfiguration$Scope     : Handling #sessionFactoryCreated from [org.hibernate.internal.SessionFactoryImpl@34d5eac] for TypeConfiguration
2024-07-31T08:36:05.743+01:00  INFO 3492 --- [Training_management] [main] j.LocalContainerEntityManagerFactoryBean : Initialized JPA EntityManagerFactory for persistence unit 'default'
2024-07-31T08:36:05.912+01:00  WARN 3492 --- [Training_management] [main] JpaBaseConfiguration$JpaWebConfiguration : spring.jpa.open-in-view is enabled by default. Therefore, database queries may be performed during view rendering. Explicitly configure spring.jpa.open-in-view to disable this warning
2024-07-31T08:36:06.078+01:00 DEBUG 3492 --- [Training_management] [main] s.w.s.m.m.a.RequestMappingHandlerMapping : 2 mappings in 'requestMappingHandlerMapping'
2024-07-31T08:36:06.255+01:00 DEBUG 3492 --- [Training_management] [main] o.s.w.s.handler.SimpleUrlHandlerMapping  : Patterns [/webjars/**, /**] in 'resourceHandlerMapping'
2024-07-31T08:36:06.384+01:00 DEBUG 3492 --- [Training_management] [main] s.w.s.m.m.a.RequestMappingHandlerAdapter : ControllerAdvice beans: 0 @ModelAttribute, 0 @InitBinder, 1 RequestBodyAdvice, 1 ResponseBodyAdvice
2024-07-31T08:36:06.477+01:00 DEBUG 3492 --- [Training_management] [main] .m.m.a.ExceptionHandlerExceptionResolver : ControllerAdvice beans: 0 @ExceptionHandler, 1 ResponseBodyAdvice
2024-07-31T08:36:06.754+01:00  INFO 3492 --- [Training_management] [main] o.s.b.w.embedded.tomcat.TomcatWebServer  : Tomcat started on port 8080 (http) with context path ''
2024-07-31T08:36:06.773+01:00  INFO 3492 --- [Training_management] [main] n.j.T.TrainingManagementApplication      : Started TrainingManagementApplication in 11.561 seconds (process running for 12.693)
2024-07-31T09:03:08.890+01:00  INFO 3492 --- [Training_management] [SpringApplicationShutdownHook] j.LocalContainerEntityManagerFactoryBean : Closing JPA EntityManagerFactory for persistence unit 'default'
2024-07-31T09:03:08.896+01:00 TRACE 3492 --- [Training_management] [SpringApplicationShutdownHook] o.h.type.spi.TypeConfiguration$Scope     : Handling #sessionFactoryClosed from [org.hibernate.internal.SessionFactoryImpl@34d5eac] for TypeConfiguration
2024-07-31T09:03:08.896+01:00 DEBUG 3492 --- [Training_management] [SpringApplicationShutdownHook] o.h.type.spi.TypeConfiguration$Scope     : Un-scoping TypeConfiguration [org.hibernate.type.spi.TypeConfiguration$Scope@64d6b75b] from SessionFactory [org.hibernate.internal.SessionFactoryImpl@34d5eac]
2024-07-31T09:03:08.901+01:00  INFO 3492 --- [Training_management] [SpringApplicationShutdownHook] com.zaxxer.hikari.HikariDataSource       : HikariPool-1 - Shutdown initiated...
2024-07-31T09:03:08.924+01:00  INFO 3492 --- [Training_management] [SpringApplicationShutdownHook] com.zaxxer.hikari.HikariDataSource       : HikariPool-1 - Shutdown completed.
2024-07-31T09:03:22.747+01:00  INFO 17460 --- [Training_management] [main] n.j.T.TrainingManagementApplication      : Starting TrainingManagementApplication using Java 22.0.2 with PID 17460 (C:\Users\dell\Downloads\Training_management (2) (2)\Training_management (2)\Training_management\Training_management\target\classes started by dell in C:\Users\dell\Downloads\Training_management (2) (2))
2024-07-31T09:03:22.751+01:00  INFO 17460 --- [Training_management] [main] n.j.T.TrainingManagementApplication      : No active profile set, falling back to 1 default profile: "default"
2024-07-31T09:03:24.316+01:00  INFO 17460 --- [Training_management] [main] .s.d.r.c.RepositoryConfigurationDelegate : Bootstrapping Spring Data JPA repositories in DEFAULT mode.
2024-07-31T09:03:24.343+01:00  INFO 17460 --- [Training_management] [main] .s.d.r.c.RepositoryConfigurationDelegate : Finished Spring Data repository scanning in 10 ms. Found 0 JPA repository interfaces.
2024-07-31T09:03:26.450+01:00  INFO 17460 --- [Training_management] [main] o.s.b.w.embedded.tomcat.TomcatWebServer  : Tomcat initialized with port 8080 (http)
2024-07-31T09:03:26.484+01:00  INFO 17460 --- [Training_management] [main] o.apache.catalina.core.StandardService   : Starting service [Tomcat]
2024-07-31T09:03:26.485+01:00  INFO 17460 --- [Training_management] [main] o.apache.catalina.core.StandardEngine    : Starting Servlet engine: [Apache Tomcat/10.1.20]
2024-07-31T09:03:26.674+01:00  INFO 17460 --- [Training_management] [main] o.a.c.c.C.[Tomcat].[localhost].[/]       : Initializing Spring embedded WebApplicationContext
2024-07-31T09:03:26.676+01:00  INFO 17460 --- [Training_management] [main] w.s.c.ServletWebServerApplicationContext : Root WebApplicationContext: initialization completed in 3743 ms
2024-07-31T09:03:27.329+01:00  INFO 17460 --- [Training_management] [main] o.hibernate.jpa.internal.util.LogHelper  : HHH000204: Processing PersistenceUnitInfo [name: default]
2024-07-31T09:03:27.612+01:00  INFO 17460 --- [Training_management] [main] org.hibernate.Version                    : HHH000412: Hibernate ORM core version 6.4.4.Final
2024-07-31T09:03:27.716+01:00  INFO 17460 --- [Training_management] [main] o.h.c.internal.RegionFactoryInitiator    : HHH000026: Second-level cache disabled
2024-07-31T09:03:27.949+01:00 DEBUG 17460 --- [Training_management] [main] org.hibernate.type.BasicTypeRegistry     : Adding type registration boolean -> org.hibernate.type.BasicTypeReference@24043ec5
2024-07-31T09:03:27.950+01:00 DEBUG 17460 --- [Training_management] [main] org.hibernate.type.BasicTypeRegistry     : Adding type registration boolean -> org.hibernate.type.BasicTypeReference@24043ec5
2024-07-31T09:03:27.951+01:00 DEBUG 17460 --- [Training_management] [main] org.hibernate.type.BasicTypeRegistry     : Adding type registration java.lang.Boolean -> org.hibernate.type.BasicTypeReference@24043ec5
2024-07-31T09:03:27.951+01:00 DEBUG 17460 --- [Training_management] [main] org.hibernate.type.BasicTypeRegistry     : Adding type registration numeric_boolean -> org.hibernate.type.BasicTypeReference@3e33b52e
2024-07-31T09:03:27.951+01:00 DEBUG 17460 --- [Training_management] [main] org.hibernate.type.BasicTypeRegistry     : Adding type registration org.hibernate.type.NumericBooleanConverter -> org.hibernate.type.BasicTypeReference@3e33b52e
2024-07-31T09:03:27.952+01:00 DEBUG 17460 --- [Training_management] [main] org.hibernate.type.BasicTypeRegistry     : Adding type registration true_false -> org.hibernate.type.BasicTypeReference@4c6a4ffd
2024-07-31T09:03:27.952+01:00 DEBUG 17460 --- [Training_management] [main] org.hibernate.type.BasicTypeRegistry     : Adding type registration org.hibernate.type.TrueFalseConverter -> org.hibernate.type.BasicTypeReference@4c6a4ffd
2024-07-31T09:03:27.953+01:00 DEBUG 17460 --- [Training_management] [main] org.hibernate.type.BasicTypeRegistry     : Adding type registration yes_no -> org.hibernate.type.BasicTypeReference@3aed69dd
2024-07-31T09:03:27.953+01:00 DEBUG 17460 --- [Training_management] [main] org.hibernate.type.BasicTypeRegistry     : Adding type registration org.hibernate.type.YesNoConverter -> org.hibernate.type.BasicTypeReference@3aed69dd
2024-07-31T09:03:27.953+01:00 DEBUG 17460 --- [Training_management] [main] org.hibernate.type.BasicTypeRegistry     : Adding type registration byte -> org.hibernate.type.BasicTypeReference@3f1a9a53
2024-07-31T09:03:27.954+01:00 DEBUG 17460 --- [Training_management] [main] org.hibernate.type.BasicTypeRegistry     : Adding type registration byte -> org.hibernate.type.BasicTypeReference@3f1a9a53
2024-07-31T09:03:27.954+01:00 DEBUG 17460 --- [Training_management] [main] org.hibernate.type.BasicTypeRegistry     : Adding type registration java.lang.Byte -> org.hibernate.type.BasicTypeReference@3f1a9a53
2024-07-31T09:03:27.954+01:00 DEBUG 17460 --- [Training_management] [main] org.hibernate.type.BasicTypeRegistry     : Adding type registration binary -> org.hibernate.type.BasicTypeReference@1ca3d25b
2024-07-31T09:03:27.954+01:00 DEBUG 17460 --- [Training_management] [main] org.hibernate.type.BasicTypeRegistry     : Adding type registration byte[] -> org.hibernate.type.BasicTypeReference@1ca3d25b
2024-07-31T09:03:27.955+01:00 DEBUG 17460 --- [Training_management] [main] org.hibernate.type.BasicTypeRegistry     : Adding type registration [B -> org.hibernate.type.BasicTypeReference@1ca3d25b
2024-07-31T09:03:27.955+01:00 DEBUG 17460 --- [Training_management] [main] org.hibernate.type.BasicTypeRegistry     : Adding type registration binary_wrapper -> org.hibernate.type.BasicTypeReference@2287395
2024-07-31T09:03:27.955+01:00 DEBUG 17460 --- [Training_management] [main] org.hibernate.type.BasicTypeRegistry     : Adding type registration wrapper-binary -> org.hibernate.type.BasicTypeReference@2287395
2024-07-31T09:03:27.956+01:00 DEBUG 17460 --- [Training_management] [main] org.hibernate.type.BasicTypeRegistry     : Adding type registration image -> org.hibernate.type.BasicTypeReference@535a518c
2024-07-31T09:03:27.956+01:00 DEBUG 17460 --- [Training_management] [main] org.hibernate.type.BasicTypeRegistry     : Adding type registration blob -> org.hibernate.type.BasicTypeReference@38f981b6
2024-07-31T09:03:27.956+01:00 DEBUG 17460 --- [Training_management] [main] org.hibernate.type.BasicTypeRegistry     : Adding type registration java.sql.Blob -> org.hibernate.type.BasicTypeReference@38f981b6
2024-07-31T09:03:27.956+01:00 DEBUG 17460 --- [Training_management] [main] org.hibernate.type.BasicTypeRegistry     : Adding type registration materialized_blob -> org.hibernate.type.BasicTypeReference@3a4aadf8
2024-07-31T09:03:27.956+01:00 DEBUG 17460 --- [Training_management] [main] org.hibernate.type.BasicTypeRegistry     : Adding type registration materialized_blob_wrapper -> org.hibernate.type.BasicTypeReference@7bbfc5ff
2024-07-31T09:03:27.956+01:00 DEBUG 17460 --- [Training_management] [main] org.hibernate.type.BasicTypeRegistry     : Adding type registration short -> org.hibernate.type.BasicTypeReference@7a682d35
2024-07-31T09:03:27.956+01:00 DEBUG 17460 --- [Training_management] [main] org.hibernate.type.BasicTypeRegistry     : Adding type registration short -> org.hibernate.type.BasicTypeReference@7a682d35
2024-07-31T09:03:27.957+01:00 DEBUG 17460 --- [Training_management] [main] org.hibernate.type.BasicTypeRegistry     : Adding type registration java.lang.Short -> org.hibernate.type.BasicTypeReference@7a682d35
2024-07-31T09:03:27.957+01:00 DEBUG 17460 --- [Training_management] [main] org.hibernate.type.BasicTypeRegistry     : Adding type registration integer -> org.hibernate.type.BasicTypeReference@ee8e7ff
2024-07-31T09:03:27.957+01:00 DEBUG 17460 --- [Training_management] [main] org.hibernate.type.BasicTypeRegistry     : Adding type registration int -> org.hibernate.type.BasicTypeReference@ee8e7ff
2024-07-31T09:03:27.957+01:00 DEBUG 17460 --- [Training_management] [main] org.hibernate.type.BasicTypeRegistry     : Adding type registration java.lang.Integer -> org.hibernate.type.BasicTypeReference@ee8e7ff
2024-07-31T09:03:27.958+01:00 DEBUG 17460 --- [Training_management] [main] org.hibernate.type.BasicTypeRegistry     : Adding type registration long -> org.hibernate.type.BasicTypeReference@61a2aeb7
2024-07-31T09:03:27.958+01:00 DEBUG 17460 --- [Training_management] [main] org.hibernate.type.BasicTypeRegistry     : Adding type registration long -> org.hibernate.type.BasicTypeReference@61a2aeb7
2024-07-31T09:03:27.958+01:00 DEBUG 17460 --- [Training_management] [main] org.hibernate.type.BasicTypeRegistry     : Adding type registration java.lang.Long -> org.hibernate.type.BasicTypeReference@61a2aeb7
2024-07-31T09:03:27.958+01:00 DEBUG 17460 --- [Training_management] [main] org.hibernate.type.BasicTypeRegistry     : Adding type registration float -> org.hibernate.type.BasicTypeReference@64b70f41
2024-07-31T09:03:27.959+01:00 DEBUG 17460 --- [Training_management] [main] org.hibernate.type.BasicTypeRegistry     : Adding type registration float -> org.hibernate.type.BasicTypeReference@64b70f41
2024-07-31T09:03:27.959+01:00 DEBUG 17460 --- [Training_management] [main] org.hibernate.type.BasicTypeRegistry     : Adding type registration java.lang.Float -> org.hibernate.type.BasicTypeReference@64b70f41
2024-07-31T09:03:27.959+01:00 DEBUG 17460 --- [Training_management] [main] org.hibernate.type.BasicTypeRegistry     : Adding type registration double -> org.hibernate.type.BasicTypeReference@5f8d9767
2024-07-31T09:03:27.960+01:00 DEBUG 17460 --- [Training_management] [main] org.hibernate.type.BasicTypeRegistry     : Adding type registration double -> org.hibernate.type.BasicTypeReference@5f8d9767
2024-07-31T09:03:27.960+01:00 DEBUG 17460 --- [Training_management] [main] org.hibernate.type.BasicTypeRegistry     : Adding type registration java.lang.Double -> org.hibernate.type.BasicTypeReference@5f8d9767
2024-07-31T09:03:27.960+01:00 DEBUG 17460 --- [Training_management] [main] org.hibernate.type.BasicTypeRegistry     : Adding type registration big_integer -> org.hibernate.type.BasicTypeReference@16134476
2024-07-31T09:03:27.961+01:00 DEBUG 17460 --- [Training_management] [main] org.hibernate.type.BasicTypeRegistry     : Adding type registration java.math.BigInteger -> org.hibernate.type.BasicTypeReference@16134476
2024-07-31T09:03:27.961+01:00 DEBUG 17460 --- [Training_management] [main] org.hibernate.type.BasicTypeRegistry     : Adding type registration big_decimal -> org.hibernate.type.BasicTypeReference@62b09715
2024-07-31T09:03:27.961+01:00 DEBUG 17460 --- [Training_management] [main] org.hibernate.type.BasicTypeRegistry     : Adding type registration java.math.BigDecimal -> org.hibernate.type.BasicTypeReference@62b09715
2024-07-31T09:03:27.962+01:00 DEBUG 17460 --- [Training_management] [main] org.hibernate.type.BasicTypeRegistry     : Adding type registration character -> org.hibernate.type.BasicTypeReference@3e214105
2024-07-31T09:03:27.962+01:00 DEBUG 17460 --- [Training_management] [main] org.hibernate.type.BasicTypeRegistry     : Adding type registration char -> org.hibernate.type.BasicTypeReference@3e214105
2024-07-31T09:03:27.962+01:00 DEBUG 17460 --- [Training_management] [main] org.hibernate.type.BasicTypeRegistry     : Adding type registration java.lang.Character -> org.hibernate.type.BasicTypeReference@3e214105
2024-07-31T09:03:27.963+01:00 DEBUG 17460 --- [Training_management] [main] org.hibernate.type.BasicTypeRegistry     : Adding type registration character_nchar -> org.hibernate.type.BasicTypeReference@da4cf09
2024-07-31T09:03:27.963+01:00 DEBUG 17460 --- [Training_management] [main] org.hibernate.type.BasicTypeRegistry     : Adding type registration string -> org.hibernate.type.BasicTypeReference@1980a3f
2024-07-31T09:03:27.963+01:00 DEBUG 17460 --- [Training_management] [main] org.hibernate.type.BasicTypeRegistry     : Adding type registration java.lang.String -> org.hibernate.type.BasicTypeReference@1980a3f
2024-07-31T09:03:27.963+01:00 DEBUG 17460 --- [Training_management] [main] org.hibernate.type.BasicTypeRegistry     : Adding type registration nstring -> org.hibernate.type.BasicTypeReference@67f63d26
2024-07-31T09:03:27.964+01:00 DEBUG 17460 --- [Training_management] [main] org.hibernate.type.BasicTypeRegistry     : Adding type registration characters -> org.hibernate.type.BasicTypeReference@536b71b4
2024-07-31T09:03:27.964+01:00 DEBUG 17460 --- [Training_management] [main] org.hibernate.type.BasicTypeRegistry     : Adding type registration char[] -> org.hibernate.type.BasicTypeReference@536b71b4
2024-07-31T09:03:27.964+01:00 DEBUG 17460 --- [Training_management] [main] org.hibernate.type.BasicTypeRegistry     : Adding type registration [C -> org.hibernate.type.BasicTypeReference@536b71b4
2024-07-31T09:03:27.965+01:00 DEBUG 17460 --- [Training_management] [main] org.hibernate.type.BasicTypeRegistry     : Adding type registration wrapper-characters -> org.hibernate.type.BasicTypeReference@789c3057
2024-07-31T09:03:27.965+01:00 DEBUG 17460 --- [Training_management] [main] org.hibernate.type.BasicTypeRegistry     : Adding type registration text -> org.hibernate.type.BasicTypeReference@39941489
2024-07-31T09:03:27.965+01:00 DEBUG 17460 --- [Training_management] [main] org.hibernate.type.BasicTypeRegistry     : Adding type registration ntext -> org.hibernate.type.BasicTypeReference@6f5d0190
2024-07-31T09:03:27.965+01:00 DEBUG 17460 --- [Training_management] [main] org.hibernate.type.BasicTypeRegistry     : Adding type registration clob -> org.hibernate.type.BasicTypeReference@67332b1e
2024-07-31T09:03:27.966+01:00 DEBUG 17460 --- [Training_management] [main] org.hibernate.type.BasicTypeRegistry     : Adding type registration java.sql.Clob -> org.hibernate.type.BasicTypeReference@67332b1e
2024-07-31T09:03:27.966+01:00 DEBUG 17460 --- [Training_management] [main] org.hibernate.type.BasicTypeRegistry     : Adding type registration nclob -> org.hibernate.type.BasicTypeReference@7e34b127
2024-07-31T09:03:27.966+01:00 DEBUG 17460 --- [Training_management] [main] org.hibernate.type.BasicTypeRegistry     : Adding type registration java.sql.NClob -> org.hibernate.type.BasicTypeReference@7e34b127
2024-07-31T09:03:27.967+01:00 DEBUG 17460 --- [Training_management] [main] org.hibernate.type.BasicTypeRegistry     : Adding type registration materialized_clob -> org.hibernate.type.BasicTypeReference@679dd234
2024-07-31T09:03:27.968+01:00 DEBUG 17460 --- [Training_management] [main] org.hibernate.type.BasicTypeRegistry     : Adding type registration materialized_clob_char_array -> org.hibernate.type.BasicTypeReference@60cb1ed6
2024-07-31T09:03:27.968+01:00 DEBUG 17460 --- [Training_management] [main] org.hibernate.type.BasicTypeRegistry     : Adding type registration materialized_clob_character_array -> org.hibernate.type.BasicTypeReference@1e5eb20a
2024-07-31T09:03:27.968+01:00 DEBUG 17460 --- [Training_management] [main] org.hibernate.type.BasicTypeRegistry     : Adding type registration materialized_nclob -> org.hibernate.type.BasicTypeReference@4538856f
2024-07-31T09:03:27.968+01:00 DEBUG 17460 --- [Training_management] [main] org.hibernate.type.BasicTypeRegistry     : Adding type registration materialized_nclob_character_array -> org.hibernate.type.BasicTypeReference@4c3de38e
2024-07-31T09:03:27.968+01:00 DEBUG 17460 --- [Training_management] [main] org.hibernate.type.BasicTypeRegistry     : Adding type registration materialized_nclob_char_array -> org.hibernate.type.BasicTypeReference@74b86971
2024-07-31T09:03:27.969+01:00 DEBUG 17460 --- [Training_management] [main] org.hibernate.type.BasicTypeRegistry     : Adding type registration Duration -> org.hibernate.type.BasicTypeReference@1f9d4b0e
2024-07-31T09:03:27.969+01:00 DEBUG 17460 --- [Training_management] [main] org.hibernate.type.BasicTypeRegistry     : Adding type registration java.time.Duration -> org.hibernate.type.BasicTypeReference@1f9d4b0e
2024-07-31T09:03:27.969+01:00 DEBUG 17460 --- [Training_management] [main] org.hibernate.type.BasicTypeRegistry     : Adding type registration LocalDateTime -> org.hibernate.type.BasicTypeReference@1e8fb66f
2024-07-31T09:03:27.970+01:00 DEBUG 17460 --- [Training_management] [main] org.hibernate.type.BasicTypeRegistry     : Adding type registration java.time.LocalDateTime -> org.hibernate.type.BasicTypeReference@1e8fb66f
2024-07-31T09:03:27.970+01:00 DEBUG 17460 --- [Training_management] [main] org.hibernate.type.BasicTypeRegistry     : Adding type registration LocalDate -> org.hibernate.type.BasicTypeReference@3d8d17a3
2024-07-31T09:03:27.970+01:00 DEBUG 17460 --- [Training_management] [main] org.hibernate.type.BasicTypeRegistry     : Adding type registration java.time.LocalDate -> org.hibernate.type.BasicTypeReference@3d8d17a3
2024-07-31T09:03:27.971+01:00 DEBUG 17460 --- [Training_management] [main] org.hibernate.type.BasicTypeRegistry     : Adding type registration LocalTime -> org.hibernate.type.BasicTypeReference@ac91282
2024-07-31T09:03:27.971+01:00 DEBUG 17460 --- [Training_management] [main] org.hibernate.type.BasicTypeRegistry     : Adding type registration java.time.LocalTime -> org.hibernate.type.BasicTypeReference@ac91282
2024-07-31T09:03:27.971+01:00 DEBUG 17460 --- [Training_management] [main] org.hibernate.type.BasicTypeRegistry     : Adding type registration OffsetDateTime -> org.hibernate.type.BasicTypeReference@7f79edee
2024-07-31T09:03:27.972+01:00 DEBUG 17460 --- [Training_management] [main] org.hibernate.type.BasicTypeRegistry     : Adding type registration java.time.OffsetDateTime -> org.hibernate.type.BasicTypeReference@7f79edee
2024-07-31T09:03:27.972+01:00 DEBUG 17460 --- [Training_management] [main] org.hibernate.type.BasicTypeRegistry     : Adding type registration OffsetDateTimeWithTimezone -> org.hibernate.type.BasicTypeReference@1ca610a0
2024-07-31T09:03:27.972+01:00 DEBUG 17460 --- [Training_management] [main] org.hibernate.type.BasicTypeRegistry     : Adding type registration OffsetDateTimeWithoutTimezone -> org.hibernate.type.BasicTypeReference@49433c98
2024-07-31T09:03:27.972+01:00 DEBUG 17460 --- [Training_management] [main] org.hibernate.type.BasicTypeRegistry     : Adding type registration OffsetTime -> org.hibernate.type.BasicTypeReference@b5c6a30
2024-07-31T09:03:27.972+01:00 DEBUG 17460 --- [Training_management] [main] org.hibernate.type.BasicTypeRegistry     : Adding type registration java.time.OffsetTime -> org.hibernate.type.BasicTypeReference@b5c6a30
2024-07-31T09:03:27.972+01:00 DEBUG 17460 --- [Training_management] [main] org.hibernate.type.BasicTypeRegistry     : Adding type registration OffsetTimeUtc -> org.hibernate.type.BasicTypeReference@3bfae028
2024-07-31T09:03:27.973+01:00 DEBUG 17460 --- [Training_management] [main] org.hibernate.type.BasicTypeRegistry     : Adding type registration OffsetTimeWithTimezone -> org.hibernate.type.BasicTypeReference@1775c4e7
2024-07-31T09:03:27.973+01:00 DEBUG 17460 --- [Training_management] [main] org.hibernate.type.BasicTypeRegistry     : Adding type registration OffsetTimeWithoutTimezone -> org.hibernate.type.BasicTypeReference@47829d6d
2024-07-31T09:03:27.973+01:00 DEBUG 17460 --- [Training_management] [main] org.hibernate.type.BasicTypeRegistry     : Adding type registration ZonedDateTime -> org.hibernate.type.BasicTypeReference@2f677247
2024-07-31T09:03:27.973+01:00 DEBUG 17460 --- [Training_management] [main] org.hibernate.type.BasicTypeRegistry     : Adding type registration java.time.ZonedDateTime -> org.hibernate.type.BasicTypeReference@2f677247
2024-07-31T09:03:27.973+01:00 DEBUG 17460 --- [Training_management] [main] org.hibernate.type.BasicTypeRegistry     : Adding type registration ZonedDateTimeWithTimezone -> org.hibernate.type.BasicTypeReference@43f03c23
2024-07-31T09:03:27.974+01:00 DEBUG 17460 --- [Training_management] [main] org.hibernate.type.BasicTypeRegistry     : Adding type registration ZonedDateTimeWithoutTimezone -> org.hibernate.type.BasicTypeReference@7a1b8a46
2024-07-31T09:03:27.974+01:00 DEBUG 17460 --- [Training_management] [main] org.hibernate.type.BasicTypeRegistry     : Adding type registration date -> org.hibernate.type.BasicTypeReference@2921199d
2024-07-31T09:03:27.974+01:00 DEBUG 17460 --- [Training_management] [main] org.hibernate.type.BasicTypeRegistry     : Adding type registration java.sql.Date -> org.hibernate.type.BasicTypeReference@2921199d
2024-07-31T09:03:27.974+01:00 DEBUG 17460 --- [Training_management] [main] org.hibernate.type.BasicTypeRegistry     : Adding type registration time -> org.hibernate.type.BasicTypeReference@3d40a3b4
2024-07-31T09:03:27.975+01:00 DEBUG 17460 --- [Training_management] [main] org.hibernate.type.BasicTypeRegistry     : Adding type registration java.sql.Time -> org.hibernate.type.BasicTypeReference@3d40a3b4
2024-07-31T09:03:27.975+01:00 DEBUG 17460 --- [Training_management] [main] org.hibernate.type.BasicTypeRegistry     : Adding type registration timestamp -> org.hibernate.type.BasicTypeReference@7f13811b
2024-07-31T09:03:27.975+01:00 DEBUG 17460 --- [Training_management] [main] org.hibernate.type.BasicTypeRegistry     : Adding type registration java.sql.Timestamp -> org.hibernate.type.BasicTypeReference@7f13811b
2024-07-31T09:03:27.976+01:00 DEBUG 17460 --- [Training_management] [main] org.hibernate.type.BasicTypeRegistry     : Adding type registration java.util.Date -> org.hibernate.type.BasicTypeReference@7f13811b
2024-07-31T09:03:27.976+01:00 DEBUG 17460 --- [Training_management] [main] org.hibernate.type.BasicTypeRegistry     : Adding type registration calendar -> org.hibernate.type.BasicTypeReference@59fc6d05
2024-07-31T09:03:27.976+01:00 DEBUG 17460 --- [Training_management] [main] org.hibernate.type.BasicTypeRegistry     : Adding type registration java.util.Calendar -> org.hibernate.type.BasicTypeReference@59fc6d05
2024-07-31T09:03:27.976+01:00 DEBUG 17460 --- [Training_management] [main] org.hibernate.type.BasicTypeRegistry     : Adding type registration java.util.GregorianCalendar -> org.hibernate.type.BasicTypeReference@59fc6d05
2024-07-31T09:03:27.976+01:00 DEBUG 17460 --- [Training_management] [main] org.hibernate.type.BasicTypeRegistry     : Adding type registration calendar_date -> org.hibernate.type.BasicTypeReference@78307a56
2024-07-31T09:03:27.976+01:00 DEBUG 17460 --- [Training_management] [main] org.hibernate.type.BasicTypeRegistry     : Adding type registration calendar_time -> org.hibernate.type.BasicTypeReference@40d52be7
2024-07-31T09:03:27.976+01:00 DEBUG 17460 --- [Training_management] [main] org.hibernate.type.BasicTypeRegistry     : Adding type registration instant -> org.hibernate.type.BasicTypeReference@23ad71bf
2024-07-31T09:03:27.977+01:00 DEBUG 17460 --- [Training_management] [main] org.hibernate.type.BasicTypeRegistry     : Adding type registration java.time.Instant -> org.hibernate.type.BasicTypeReference@23ad71bf
2024-07-31T09:03:27.977+01:00 DEBUG 17460 --- [Training_management] [main] org.hibernate.type.BasicTypeRegistry     : Adding type registration uuid -> org.hibernate.type.BasicTypeReference@1983b48a
2024-07-31T09:03:27.977+01:00 DEBUG 17460 --- [Training_management] [main] org.hibernate.type.BasicTypeRegistry     : Adding type registration java.util.UUID -> org.hibernate.type.BasicTypeReference@1983b48a
2024-07-31T09:03:27.977+01:00 DEBUG 17460 --- [Training_management] [main] org.hibernate.type.BasicTypeRegistry     : Adding type registration pg-uuid -> org.hibernate.type.BasicTypeReference@1983b48a
2024-07-31T09:03:27.978+01:00 DEBUG 17460 --- [Training_management] [main] org.hibernate.type.BasicTypeRegistry     : Adding type registration uuid-binary -> org.hibernate.type.BasicTypeReference@629a9f26
2024-07-31T09:03:27.978+01:00 DEBUG 17460 --- [Training_management] [main] org.hibernate.type.BasicTypeRegistry     : Adding type registration uuid-char -> org.hibernate.type.BasicTypeReference@b791a81
2024-07-31T09:03:27.978+01:00 DEBUG 17460 --- [Training_management] [main] org.hibernate.type.BasicTypeRegistry     : Adding type registration class -> org.hibernate.type.BasicTypeReference@4391a2d8
2024-07-31T09:03:27.978+01:00 DEBUG 17460 --- [Training_management] [main] org.hibernate.type.BasicTypeRegistry     : Adding type registration java.lang.Class -> org.hibernate.type.BasicTypeReference@4391a2d8
2024-07-31T09:03:27.979+01:00 DEBUG 17460 --- [Training_management] [main] org.hibernate.type.BasicTypeRegistry     : Adding type registration currency -> org.hibernate.type.BasicTypeReference@47b269c4
2024-07-31T09:03:27.979+01:00 DEBUG 17460 --- [Training_management] [main] org.hibernate.type.BasicTypeRegistry     : Adding type registration Currency -> org.hibernate.type.BasicTypeReference@47b269c4
2024-07-31T09:03:27.979+01:00 DEBUG 17460 --- [Training_management] [main] org.hibernate.type.BasicTypeRegistry     : Adding type registration java.util.Currency -> org.hibernate.type.BasicTypeReference@47b269c4
2024-07-31T09:03:27.980+01:00 DEBUG 17460 --- [Training_management] [main] org.hibernate.type.BasicTypeRegistry     : Adding type registration locale -> org.hibernate.type.BasicTypeReference@71e7adbb
2024-07-31T09:03:27.980+01:00 DEBUG 17460 --- [Training_management] [main] org.hibernate.type.BasicTypeRegistry     : Adding type registration java.util.Locale -> org.hibernate.type.BasicTypeReference@71e7adbb
2024-07-31T09:03:27.980+01:00 DEBUG 17460 --- [Training_management] [main] org.hibernate.type.BasicTypeRegistry     : Adding type registration serializable -> org.hibernate.type.BasicTypeReference@32091c14
2024-07-31T09:03:27.980+01:00 DEBUG 17460 --- [Training_management] [main] org.hibernate.type.BasicTypeRegistry     : Adding type registration java.io.Serializable -> org.hibernate.type.BasicTypeReference@32091c14
2024-07-31T09:03:27.980+01:00 DEBUG 17460 --- [Training_management] [main] org.hibernate.type.BasicTypeRegistry     : Adding type registration timezone -> org.hibernate.type.BasicTypeReference@7c40ffef
2024-07-31T09:03:27.980+01:00 DEBUG 17460 --- [Training_management] [main] org.hibernate.type.BasicTypeRegistry     : Adding type registration java.util.TimeZone -> org.hibernate.type.BasicTypeReference@7c40ffef
2024-07-31T09:03:27.981+01:00 DEBUG 17460 --- [Training_management] [main] org.hibernate.type.BasicTypeRegistry     : Adding type registration ZoneOffset -> org.hibernate.type.BasicTypeReference@286855ea
2024-07-31T09:03:27.981+01:00 DEBUG 17460 --- [Training_management] [main] org.hibernate.type.BasicTypeRegistry     : Adding type registration java.time.ZoneOffset -> org.hibernate.type.BasicTypeReference@286855ea
2024-07-31T09:03:27.981+01:00 DEBUG 17460 --- [Training_management] [main] org.hibernate.type.BasicTypeRegistry     : Adding type registration url -> org.hibernate.type.BasicTypeReference@64aeaf29
2024-07-31T09:03:27.981+01:00 DEBUG 17460 --- [Training_management] [main] org.hibernate.type.BasicTypeRegistry     : Adding type registration java.net.URL -> org.hibernate.type.BasicTypeReference@64aeaf29
2024-07-31T09:03:27.982+01:00 DEBUG 17460 --- [Training_management] [main] org.hibernate.type.BasicTypeRegistry     : Adding type registration vector -> org.hibernate.type.BasicTypeReference@1e3df614
2024-07-31T09:03:27.982+01:00 DEBUG 17460 --- [Training_management] [main] org.hibernate.type.BasicTypeRegistry     : Adding type registration row_version -> org.hibernate.type.BasicTypeReference@6579cdbb
2024-07-31T09:03:27.993+01:00 DEBUG 17460 --- [Training_management] [main] org.hibernate.type.BasicTypeRegistry     : Adding type registration object -> org.hibernate.type.JavaObjectType@7f4596d0
2024-07-31T09:03:27.994+01:00 DEBUG 17460 --- [Training_management] [main] org.hibernate.type.BasicTypeRegistry     : Adding type registration java.lang.Object -> org.hibernate.type.JavaObjectType@7f4596d0
2024-07-31T09:03:27.996+01:00 DEBUG 17460 --- [Training_management] [main] org.hibernate.type.BasicTypeRegistry     : Adding type registration null -> org.hibernate.type.NullType@3b24087d
2024-07-31T09:03:27.997+01:00 DEBUG 17460 --- [Training_management] [main] org.hibernate.type.BasicTypeRegistry     : Adding type registration imm_date -> org.hibernate.type.BasicTypeReference@75fe1619
2024-07-31T09:03:27.998+01:00 DEBUG 17460 --- [Training_management] [main] org.hibernate.type.BasicTypeRegistry     : Adding type registration imm_time -> org.hibernate.type.BasicTypeReference@5d66e944
2024-07-31T09:03:27.998+01:00 DEBUG 17460 --- [Training_management] [main] org.hibernate.type.BasicTypeRegistry     : Adding type registration imm_timestamp -> org.hibernate.type.BasicTypeReference@469a7575
2024-07-31T09:03:27.998+01:00 DEBUG 17460 --- [Training_management] [main] org.hibernate.type.BasicTypeRegistry     : Adding type registration imm_calendar -> org.hibernate.type.BasicTypeReference@4351ed61
2024-07-31T09:03:27.998+01:00 DEBUG 17460 --- [Training_management] [main] org.hibernate.type.BasicTypeRegistry     : Adding type registration imm_calendar_date -> org.hibernate.type.BasicTypeReference@2f20f7ad
2024-07-31T09:03:27.998+01:00 DEBUG 17460 --- [Training_management] [main] org.hibernate.type.BasicTypeRegistry     : Adding type registration imm_calendar_time -> org.hibernate.type.BasicTypeReference@45e617c4
2024-07-31T09:03:27.999+01:00 DEBUG 17460 --- [Training_management] [main] org.hibernate.type.BasicTypeRegistry     : Adding type registration imm_binary -> org.hibernate.type.BasicTypeReference@5042e3d0
2024-07-31T09:03:28.000+01:00 DEBUG 17460 --- [Training_management] [main] org.hibernate.type.BasicTypeRegistry     : Adding type registration imm_serializable -> org.hibernate.type.BasicTypeReference@1c34365c
2024-07-31T09:03:28.543+01:00  INFO 17460 --- [Training_management] [main] o.s.o.j.p.SpringPersistenceUnitInfo      : No LoadTimeWeaver setup: ignoring JPA class transformer
2024-07-31T09:03:28.630+01:00  INFO 17460 --- [Training_management] [main] com.zaxxer.hikari.HikariDataSource       : HikariPool-1 - Starting...
2024-07-31T09:03:29.553+01:00  INFO 17460 --- [Training_management] [main] com.zaxxer.hikari.pool.HikariPool        : HikariPool-1 - Added connection com.mysql.cj.jdbc.ConnectionImpl@227a933d
2024-07-31T09:03:29.558+01:00  INFO 17460 --- [Training_management] [main] com.zaxxer.hikari.HikariDataSource       : HikariPool-1 - Start completed.
2024-07-31T09:03:29.695+01:00  WARN 17460 --- [Training_management] [main] org.hibernate.orm.deprecation            : HHH90000025: MySQLDialect does not need to be specified explicitly using 'hibernate.dialect' (remove the property setting and it will be selected by default)
2024-07-31T09:03:29.875+01:00 DEBUG 17460 --- [Training_management] [main] o.h.t.d.sql.spi.DdlTypeRegistry          : addDescriptor(12, org.hibernate.type.descriptor.sql.internal.CapacityDependentDdlType@30dd00b6) replaced previous registration(org.hibernate.type.descriptor.sql.internal.CapacityDependentDdlType@4656fcc5)
2024-07-31T09:03:29.877+01:00 DEBUG 17460 --- [Training_management] [main] o.h.t.d.sql.spi.DdlTypeRegistry          : addDescriptor(-9, org.hibernate.type.descriptor.sql.internal.CapacityDependentDdlType@2c16677c) replaced previous registration(org.hibernate.type.descriptor.sql.internal.CapacityDependentDdlType@27d73d22)
2024-07-31T09:03:29.879+01:00 DEBUG 17460 --- [Training_management] [main] o.h.t.d.sql.spi.DdlTypeRegistry          : addDescriptor(-3, org.hibernate.type.descriptor.sql.internal.CapacityDependentDdlType@7fd751de) replaced previous registration(org.hibernate.type.descriptor.sql.internal.CapacityDependentDdlType@e162a35)
2024-07-31T09:03:29.880+01:00 DEBUG 17460 --- [Training_management] [main] o.h.t.d.sql.spi.DdlTypeRegistry          : addDescriptor(4003, org.hibernate.type.descriptor.sql.internal.DdlTypeImpl@1124910c) replaced previous registration(org.hibernate.type.descriptor.sql.internal.DdlTypeImpl@f849027)
2024-07-31T09:03:29.880+01:00 DEBUG 17460 --- [Training_management] [main] o.h.t.d.sql.spi.DdlTypeRegistry          : addDescriptor(4001, org.hibernate.type.descriptor.sql.internal.DdlTypeImpl@4a9869a8) replaced previous registration(org.hibernate.type.descriptor.sql.internal.DdlTypeImpl@75e0a54c)
2024-07-31T09:03:29.880+01:00 DEBUG 17460 --- [Training_management] [main] o.h.t.d.sql.spi.DdlTypeRegistry          : addDescriptor(4002, org.hibernate.type.descriptor.sql.internal.DdlTypeImpl@40f9f60d) replaced previous registration(org.hibernate.type.descriptor.sql.internal.DdlTypeImpl@6bd7439d)
2024-07-31T09:03:29.881+01:00 DEBUG 17460 --- [Training_management] [main] o.h.t.d.sql.spi.DdlTypeRegistry          : addDescriptor(2004, org.hibernate.type.descriptor.sql.internal.CapacityDependentDdlType@628ba266) replaced previous registration(org.hibernate.type.descriptor.sql.internal.DdlTypeImpl@1231a1be)
2024-07-31T09:03:29.882+01:00 DEBUG 17460 --- [Training_management] [main] o.h.t.d.sql.spi.DdlTypeRegistry          : addDescriptor(2005, org.hibernate.type.descriptor.sql.internal.CapacityDependentDdlType@1d77746b) replaced previous registration(org.hibernate.type.descriptor.sql.internal.DdlTypeImpl@4ced17f3)
2024-07-31T09:03:29.884+01:00 DEBUG 17460 --- [Training_management] [main] o.h.t.d.sql.spi.DdlTypeRegistry          : addDescriptor(2011, org.hibernate.type.descriptor.sql.internal.CapacityDependentDdlType@734a149a) replaced previous registration(org.hibernate.type.descriptor.sql.internal.DdlTypeImpl@6ce9771c)
2024-07-31T09:03:29.907+01:00 DEBUG 17460 --- [Training_management] [main] o.h.t.d.jdbc.spi.JdbcTypeRegistry        : addDescriptor(NCharTypeDescriptor) replaced previous registration(CharTypeDescriptor)
2024-07-31T09:03:29.907+01:00 DEBUG 17460 --- [Training_management] [main] o.h.t.d.jdbc.spi.JdbcTypeRegistry        : addDescriptor(NVarcharTypeDescriptor) replaced previous registration(VarcharTypeDescriptor)
2024-07-31T09:03:29.908+01:00 DEBUG 17460 --- [Training_management] [main] o.h.t.d.jdbc.spi.JdbcTypeRegistry        : addDescriptor(LongNVarcharTypeDescriptor) replaced previous registration(LongVarcharTypeDescriptor)
2024-07-31T09:03:29.913+01:00 DEBUG 17460 --- [Training_management] [main] o.h.t.d.jdbc.spi.JdbcTypeRegistry        : addDescriptor(NClobTypeDescriptor(DEFAULT)) replaced previous registration(ClobTypeDescriptor(DEFAULT))
2024-07-31T09:03:29.915+01:00 DEBUG 17460 --- [Training_management] [main] o.h.t.d.jdbc.spi.JdbcTypeRegistry        : addDescriptor(2005, ClobTypeDescriptor(STREAM_BINDING)) replaced previous registration(ClobTypeDescriptor(DEFAULT))
2024-07-31T09:03:29.929+01:00 DEBUG 17460 --- [Training_management] [main] org.hibernate.type.BasicTypeRegistry     : Adding type registration null -> org.hibernate.type.NullType@d49e8c6
2024-07-31T09:03:29.930+01:00 DEBUG 17460 --- [Training_management] [main] org.hibernate.type.BasicTypeRegistry     : Type registration key [null] overrode previous entry : `org.hibernate.type.NullType@3b24087d`
2024-07-31T09:03:29.959+01:00 DEBUG 17460 --- [Training_management] [main] org.hibernate.type.BasicTypeRegistry     : Adding type registration org.hibernate.type.DurationType -> basicType@1(java.time.Duration,3015)
2024-07-31T09:03:29.960+01:00 DEBUG 17460 --- [Training_management] [main] org.hibernate.type.BasicTypeRegistry     : Adding type registration Duration -> basicType@1(java.time.Duration,3015)
2024-07-31T09:03:29.960+01:00 DEBUG 17460 --- [Training_management] [main] org.hibernate.type.BasicTypeRegistry     : Adding type registration java.time.Duration -> basicType@1(java.time.Duration,3015)
2024-07-31T09:03:29.981+01:00 DEBUG 17460 --- [Training_management] [main] org.hibernate.type.BasicTypeRegistry     : Adding type registration org.hibernate.type.OffsetDateTimeType -> basicType@2(java.time.OffsetDateTime,3003)
2024-07-31T09:03:29.981+01:00 DEBUG 17460 --- [Training_management] [main] org.hibernate.type.BasicTypeRegistry     : Adding type registration OffsetDateTime -> basicType@2(java.time.OffsetDateTime,3003)
2024-07-31T09:03:29.981+01:00 DEBUG 17460 --- [Training_management] [main] org.hibernate.type.BasicTypeRegistry     : Adding type registration java.time.OffsetDateTime -> basicType@2(java.time.OffsetDateTime,3003)
2024-07-31T09:03:29.983+01:00 DEBUG 17460 --- [Training_management] [main] org.hibernate.type.BasicTypeRegistry     : Adding type registration org.hibernate.type.ZonedDateTimeType -> basicType@3(java.time.ZonedDateTime,3003)
2024-07-31T09:03:29.988+01:00 DEBUG 17460 --- [Training_management] [main] org.hibernate.type.BasicTypeRegistry     : Adding type registration ZonedDateTime -> basicType@3(java.time.ZonedDateTime,3003)
2024-07-31T09:03:29.990+01:00 DEBUG 17460 --- [Training_management] [main] org.hibernate.type.BasicTypeRegistry     : Adding type registration java.time.ZonedDateTime -> basicType@3(java.time.ZonedDateTime,3003)
2024-07-31T09:03:30.002+01:00 DEBUG 17460 --- [Training_management] [main] org.hibernate.type.BasicTypeRegistry     : Adding type registration org.hibernate.type.OffsetTimeType -> basicType@4(java.time.OffsetTime,3007)
2024-07-31T09:03:30.002+01:00 DEBUG 17460 --- [Training_management] [main] org.hibernate.type.BasicTypeRegistry     : Adding type registration OffsetTime -> basicType@4(java.time.OffsetTime,3007)
2024-07-31T09:03:30.003+01:00 DEBUG 17460 --- [Training_management] [main] org.hibernate.type.BasicTypeRegistry     : Adding type registration java.time.OffsetTime -> basicType@4(java.time.OffsetTime,3007)
2024-07-31T09:03:30.005+01:00 DEBUG 17460 --- [Training_management] [main] o.h.type.spi.TypeConfiguration$Scope     : Scoping TypeConfiguration [org.hibernate.type.spi.TypeConfiguration@1584c019] to MetadataBuildingContext [org.hibernate.boot.internal.MetadataBuildingContextRootImpl@3688baab]
2024-07-31T09:03:32.235+01:00  INFO 17460 --- [Training_management] [main] o.h.e.t.j.p.i.JtaPlatformInitiator       : HHH000489: No JTA platform available (set 'hibernate.transaction.jta.platform' to enable JTA platform integration)
2024-07-31T09:03:32.236+01:00 DEBUG 17460 --- [Training_management] [main] o.h.type.spi.TypeConfiguration$Scope     : Scoping TypeConfiguration [org.hibernate.type.spi.TypeConfiguration@1584c019] to SessionFactoryImplementor [org.hibernate.internal.SessionFactoryImpl@1764e45e]
2024-07-31T09:03:32.402+01:00 TRACE 17460 --- [Training_management] [main] o.h.type.spi.TypeConfiguration$Scope     : Handling #sessionFactoryCreated from [org.hibernate.internal.SessionFactoryImpl@1764e45e] for TypeConfiguration
2024-07-31T09:03:32.403+01:00  INFO 17460 --- [Training_management] [main] j.LocalContainerEntityManagerFactoryBean : Initialized JPA EntityManagerFactory for persistence unit 'default'
2024-07-31T09:03:32.429+01:00  WARN 17460 --- [Training_management] [main] ConfigServletWebServerApplicationContext : Exception encountered during context initialization - cancelling refresh attempt: org.springframework.beans.factory.UnsatisfiedDependencyException: Error creating bean with name 'materialServiceImpl': Unsatisfied dependency expressed through field 'materialRepository': No qualifying bean of type 'net.java.Training_management.repositories.MaterialRepository' available: expected at least 1 bean which qualifies as autowire candidate. Dependency annotations: {@org.springframework.beans.factory.annotation.Autowired(required=true)}
2024-07-31T09:03:32.430+01:00  INFO 17460 --- [Training_management] [main] j.LocalContainerEntityManagerFactoryBean : Closing JPA EntityManagerFactory for persistence unit 'default'
2024-07-31T09:03:32.433+01:00 TRACE 17460 --- [Training_management] [main] o.h.type.spi.TypeConfiguration$Scope     : Handling #sessionFactoryClosed from [org.hibernate.internal.SessionFactoryImpl@1764e45e] for TypeConfiguration
2024-07-31T09:03:32.433+01:00 DEBUG 17460 --- [Training_management] [main] o.h.type.spi.TypeConfiguration$Scope     : Un-scoping TypeConfiguration [org.hibernate.type.spi.TypeConfiguration$Scope@76673ed] from SessionFactory [org.hibernate.internal.SessionFactoryImpl@1764e45e]
2024-07-31T09:03:32.443+01:00  INFO 17460 --- [Training_management] [main] com.zaxxer.hikari.HikariDataSource       : HikariPool-1 - Shutdown initiated...
2024-07-31T09:03:32.470+01:00  INFO 17460 --- [Training_management] [main] com.zaxxer.hikari.HikariDataSource       : HikariPool-1 - Shutdown completed.
2024-07-31T09:03:32.475+01:00  INFO 17460 --- [Training_management] [main] o.apache.catalina.core.StandardService   : Stopping service [Tomcat]
2024-07-31T09:03:32.513+01:00  INFO 17460 --- [Training_management] [main] .s.b.a.l.ConditionEvaluationReportLogger : 

Error starting ApplicationContext. To display the condition evaluation report re-run your application with 'debug' enabled.
2024-07-31T09:03:32.576+01:00 ERROR 17460 --- [Training_management] [main] o.s.b.d.LoggingFailureAnalysisReporter   : 

***************************
APPLICATION FAILED TO START
***************************

Description:

Field materialRepository in net.java.Training_management.services.impl.MaterialServiceImpl required a bean of type 'net.java.Training_management.repositories.MaterialRepository' that could not be found.

The injection point has the following annotations:
	- @org.springframework.beans.factory.annotation.Autowired(required=true)


Action:

Consider defining a bean of type 'net.java.Training_management.repositories.MaterialRepository' in your configuration.

2024-07-31T09:04:00.304+01:00  INFO 17876 --- [Training_management] [main] n.j.T.TrainingManagementApplication      : Starting TrainingManagementApplication using Java 22.0.2 with PID 17876 (C:\Users\dell\Downloads\Training_management (2) (2)\Training_management (2)\Training_management\Training_management\target\classes started by dell in C:\Users\dell\Downloads\Training_management (2) (2))
2024-07-31T09:04:00.309+01:00  INFO 17876 --- [Training_management] [main] n.j.T.TrainingManagementApplication      : No active profile set, falling back to 1 default profile: "default"
2024-07-31T09:04:01.897+01:00  INFO 17876 --- [Training_management] [main] .s.d.r.c.RepositoryConfigurationDelegate : Bootstrapping Spring Data JPA repositories in DEFAULT mode.
2024-07-31T09:04:01.933+01:00  INFO 17876 --- [Training_management] [main] .s.d.r.c.RepositoryConfigurationDelegate : Finished Spring Data repository scanning in 16 ms. Found 0 JPA repository interfaces.
2024-07-31T09:04:03.967+01:00  INFO 17876 --- [Training_management] [main] o.s.b.w.embedded.tomcat.TomcatWebServer  : Tomcat initialized with port 8080 (http)
2024-07-31T09:04:03.996+01:00  INFO 17876 --- [Training_management] [main] o.apache.catalina.core.StandardService   : Starting service [Tomcat]
2024-07-31T09:04:03.997+01:00  INFO 17876 --- [Training_management] [main] o.apache.catalina.core.StandardEngine    : Starting Servlet engine: [Apache Tomcat/10.1.20]
2024-07-31T09:04:04.165+01:00  INFO 17876 --- [Training_management] [main] o.a.c.c.C.[Tomcat].[localhost].[/]       : Initializing Spring embedded WebApplicationContext
2024-07-31T09:04:04.166+01:00  INFO 17876 --- [Training_management] [main] w.s.c.ServletWebServerApplicationContext : Root WebApplicationContext: initialization completed in 3721 ms
2024-07-31T09:04:04.659+01:00  INFO 17876 --- [Training_management] [main] o.hibernate.jpa.internal.util.LogHelper  : HHH000204: Processing PersistenceUnitInfo [name: default]
2024-07-31T09:04:04.815+01:00  INFO 17876 --- [Training_management] [main] org.hibernate.Version                    : HHH000412: Hibernate ORM core version 6.4.4.Final
2024-07-31T09:04:04.925+01:00  INFO 17876 --- [Training_management] [main] o.h.c.internal.RegionFactoryInitiator    : HHH000026: Second-level cache disabled
2024-07-31T09:04:05.155+01:00 DEBUG 17876 --- [Training_management] [main] org.hibernate.type.BasicTypeRegistry     : Adding type registration boolean -> org.hibernate.type.BasicTypeReference@24043ec5
2024-07-31T09:04:05.158+01:00 DEBUG 17876 --- [Training_management] [main] org.hibernate.type.BasicTypeRegistry     : Adding type registration boolean -> org.hibernate.type.BasicTypeReference@24043ec5
2024-07-31T09:04:05.159+01:00 DEBUG 17876 --- [Training_management] [main] org.hibernate.type.BasicTypeRegistry     : Adding type registration java.lang.Boolean -> org.hibernate.type.BasicTypeReference@24043ec5
2024-07-31T09:04:05.161+01:00 DEBUG 17876 --- [Training_management] [main] org.hibernate.type.BasicTypeRegistry     : Adding type registration numeric_boolean -> org.hibernate.type.BasicTypeReference@3e33b52e
2024-07-31T09:04:05.162+01:00 DEBUG 17876 --- [Training_management] [main] org.hibernate.type.BasicTypeRegistry     : Adding type registration org.hibernate.type.NumericBooleanConverter -> org.hibernate.type.BasicTypeReference@3e33b52e
2024-07-31T09:04:05.163+01:00 DEBUG 17876 --- [Training_management] [main] org.hibernate.type.BasicTypeRegistry     : Adding type registration true_false -> org.hibernate.type.BasicTypeReference@4c6a4ffd
2024-07-31T09:04:05.163+01:00 DEBUG 17876 --- [Training_management] [main] org.hibernate.type.BasicTypeRegistry     : Adding type registration org.hibernate.type.TrueFalseConverter -> org.hibernate.type.BasicTypeReference@4c6a4ffd
2024-07-31T09:04:05.163+01:00 DEBUG 17876 --- [Training_management] [main] org.hibernate.type.BasicTypeRegistry     : Adding type registration yes_no -> org.hibernate.type.BasicTypeReference@3aed69dd
2024-07-31T09:04:05.163+01:00 DEBUG 17876 --- [Training_management] [main] org.hibernate.type.BasicTypeRegistry     : Adding type registration org.hibernate.type.YesNoConverter -> org.hibernate.type.BasicTypeReference@3aed69dd
2024-07-31T09:04:05.163+01:00 DEBUG 17876 --- [Training_management] [main] org.hibernate.type.BasicTypeRegistry     : Adding type registration byte -> org.hibernate.type.BasicTypeReference@3f1a9a53
2024-07-31T09:04:05.163+01:00 DEBUG 17876 --- [Training_management] [main] org.hibernate.type.BasicTypeRegistry     : Adding type registration byte -> org.hibernate.type.BasicTypeReference@3f1a9a53
2024-07-31T09:04:05.164+01:00 DEBUG 17876 --- [Training_management] [main] org.hibernate.type.BasicTypeRegistry     : Adding type registration java.lang.Byte -> org.hibernate.type.BasicTypeReference@3f1a9a53
2024-07-31T09:04:05.164+01:00 DEBUG 17876 --- [Training_management] [main] org.hibernate.type.BasicTypeRegistry     : Adding type registration binary -> org.hibernate.type.BasicTypeReference@1ca3d25b
2024-07-31T09:04:05.164+01:00 DEBUG 17876 --- [Training_management] [main] org.hibernate.type.BasicTypeRegistry     : Adding type registration byte[] -> org.hibernate.type.BasicTypeReference@1ca3d25b
2024-07-31T09:04:05.165+01:00 DEBUG 17876 --- [Training_management] [main] org.hibernate.type.BasicTypeRegistry     : Adding type registration [B -> org.hibernate.type.BasicTypeReference@1ca3d25b
2024-07-31T09:04:05.166+01:00 DEBUG 17876 --- [Training_management] [main] org.hibernate.type.BasicTypeRegistry     : Adding type registration binary_wrapper -> org.hibernate.type.BasicTypeReference@2287395
2024-07-31T09:04:05.167+01:00 DEBUG 17876 --- [Training_management] [main] org.hibernate.type.BasicTypeRegistry     : Adding type registration wrapper-binary -> org.hibernate.type.BasicTypeReference@2287395
2024-07-31T09:04:05.169+01:00 DEBUG 17876 --- [Training_management] [main] org.hibernate.type.BasicTypeRegistry     : Adding type registration image -> org.hibernate.type.BasicTypeReference@535a518c
2024-07-31T09:04:05.169+01:00 DEBUG 17876 --- [Training_management] [main] org.hibernate.type.BasicTypeRegistry     : Adding type registration blob -> org.hibernate.type.BasicTypeReference@38f981b6
2024-07-31T09:04:05.170+01:00 DEBUG 17876 --- [Training_management] [main] org.hibernate.type.BasicTypeRegistry     : Adding type registration java.sql.Blob -> org.hibernate.type.BasicTypeReference@38f981b6
2024-07-31T09:04:05.173+01:00 DEBUG 17876 --- [Training_management] [main] org.hibernate.type.BasicTypeRegistry     : Adding type registration materialized_blob -> org.hibernate.type.BasicTypeReference@3a4aadf8
2024-07-31T09:04:05.175+01:00 DEBUG 17876 --- [Training_management] [main] org.hibernate.type.BasicTypeRegistry     : Adding type registration materialized_blob_wrapper -> org.hibernate.type.BasicTypeReference@7bbfc5ff
2024-07-31T09:04:05.177+01:00 DEBUG 17876 --- [Training_management] [main] org.hibernate.type.BasicTypeRegistry     : Adding type registration short -> org.hibernate.type.BasicTypeReference@7a682d35
2024-07-31T09:04:05.177+01:00 DEBUG 17876 --- [Training_management] [main] org.hibernate.type.BasicTypeRegistry     : Adding type registration short -> org.hibernate.type.BasicTypeReference@7a682d35
2024-07-31T09:04:05.178+01:00 DEBUG 17876 --- [Training_management] [main] org.hibernate.type.BasicTypeRegistry     : Adding type registration java.lang.Short -> org.hibernate.type.BasicTypeReference@7a682d35
2024-07-31T09:04:05.178+01:00 DEBUG 17876 --- [Training_management] [main] org.hibernate.type.BasicTypeRegistry     : Adding type registration integer -> org.hibernate.type.BasicTypeReference@ee8e7ff
2024-07-31T09:04:05.178+01:00 DEBUG 17876 --- [Training_management] [main] org.hibernate.type.BasicTypeRegistry     : Adding type registration int -> org.hibernate.type.BasicTypeReference@ee8e7ff
2024-07-31T09:04:05.178+01:00 DEBUG 17876 --- [Training_management] [main] org.hibernate.type.BasicTypeRegistry     : Adding type registration java.lang.Integer -> org.hibernate.type.BasicTypeReference@ee8e7ff
2024-07-31T09:04:05.179+01:00 DEBUG 17876 --- [Training_management] [main] org.hibernate.type.BasicTypeRegistry     : Adding type registration long -> org.hibernate.type.BasicTypeReference@61a2aeb7
2024-07-31T09:04:05.179+01:00 DEBUG 17876 --- [Training_management] [main] org.hibernate.type.BasicTypeRegistry     : Adding type registration long -> org.hibernate.type.BasicTypeReference@61a2aeb7
2024-07-31T09:04:05.179+01:00 DEBUG 17876 --- [Training_management] [main] org.hibernate.type.BasicTypeRegistry     : Adding type registration java.lang.Long -> org.hibernate.type.BasicTypeReference@61a2aeb7
2024-07-31T09:04:05.181+01:00 DEBUG 17876 --- [Training_management] [main] org.hibernate.type.BasicTypeRegistry     : Adding type registration float -> org.hibernate.type.BasicTypeReference@64b70f41
2024-07-31T09:04:05.181+01:00 DEBUG 17876 --- [Training_management] [main] org.hibernate.type.BasicTypeRegistry     : Adding type registration float -> org.hibernate.type.BasicTypeReference@64b70f41
2024-07-31T09:04:05.181+01:00 DEBUG 17876 --- [Training_management] [main] org.hibernate.type.BasicTypeRegistry     : Adding type registration java.lang.Float -> org.hibernate.type.BasicTypeReference@64b70f41
2024-07-31T09:04:05.182+01:00 DEBUG 17876 --- [Training_management] [main] org.hibernate.type.BasicTypeRegistry     : Adding type registration double -> org.hibernate.type.BasicTypeReference@5f8d9767
2024-07-31T09:04:05.182+01:00 DEBUG 17876 --- [Training_management] [main] org.hibernate.type.BasicTypeRegistry     : Adding type registration double -> org.hibernate.type.BasicTypeReference@5f8d9767
2024-07-31T09:04:05.183+01:00 DEBUG 17876 --- [Training_management] [main] org.hibernate.type.BasicTypeRegistry     : Adding type registration java.lang.Double -> org.hibernate.type.BasicTypeReference@5f8d9767
2024-07-31T09:04:05.183+01:00 DEBUG 17876 --- [Training_management] [main] org.hibernate.type.BasicTypeRegistry     : Adding type registration big_integer -> org.hibernate.type.BasicTypeReference@16134476
2024-07-31T09:04:05.184+01:00 DEBUG 17876 --- [Training_management] [main] org.hibernate.type.BasicTypeRegistry     : Adding type registration java.math.BigInteger -> org.hibernate.type.BasicTypeReference@16134476
2024-07-31T09:04:05.184+01:00 DEBUG 17876 --- [Training_management] [main] org.hibernate.type.BasicTypeRegistry     : Adding type registration big_decimal -> org.hibernate.type.BasicTypeReference@62b09715
2024-07-31T09:04:05.185+01:00 DEBUG 17876 --- [Training_management] [main] org.hibernate.type.BasicTypeRegistry     : Adding type registration java.math.BigDecimal -> org.hibernate.type.BasicTypeReference@62b09715
2024-07-31T09:04:05.185+01:00 DEBUG 17876 --- [Training_management] [main] org.hibernate.type.BasicTypeRegistry     : Adding type registration character -> org.hibernate.type.BasicTypeReference@3e214105
2024-07-31T09:04:05.186+01:00 DEBUG 17876 --- [Training_management] [main] org.hibernate.type.BasicTypeRegistry     : Adding type registration char -> org.hibernate.type.BasicTypeReference@3e214105
2024-07-31T09:04:05.187+01:00 DEBUG 17876 --- [Training_management] [main] org.hibernate.type.BasicTypeRegistry     : Adding type registration java.lang.Character -> org.hibernate.type.BasicTypeReference@3e214105
2024-07-31T09:04:05.187+01:00 DEBUG 17876 --- [Training_management] [main] org.hibernate.type.BasicTypeRegistry     : Adding type registration character_nchar -> org.hibernate.type.BasicTypeReference@da4cf09
2024-07-31T09:04:05.188+01:00 DEBUG 17876 --- [Training_management] [main] org.hibernate.type.BasicTypeRegistry     : Adding type registration string -> org.hibernate.type.BasicTypeReference@1980a3f
2024-07-31T09:04:05.188+01:00 DEBUG 17876 --- [Training_management] [main] org.hibernate.type.BasicTypeRegistry     : Adding type registration java.lang.String -> org.hibernate.type.BasicTypeReference@1980a3f
2024-07-31T09:04:05.189+01:00 DEBUG 17876 --- [Training_management] [main] org.hibernate.type.BasicTypeRegistry     : Adding type registration nstring -> org.hibernate.type.BasicTypeReference@67f63d26
2024-07-31T09:04:05.190+01:00 DEBUG 17876 --- [Training_management] [main] org.hibernate.type.BasicTypeRegistry     : Adding type registration characters -> org.hibernate.type.BasicTypeReference@536b71b4
2024-07-31T09:04:05.190+01:00 DEBUG 17876 --- [Training_management] [main] org.hibernate.type.BasicTypeRegistry     : Adding type registration char[] -> org.hibernate.type.BasicTypeReference@536b71b4
2024-07-31T09:04:05.192+01:00 DEBUG 17876 --- [Training_management] [main] org.hibernate.type.BasicTypeRegistry     : Adding type registration [C -> org.hibernate.type.BasicTypeReference@536b71b4
2024-07-31T09:04:05.192+01:00 DEBUG 17876 --- [Training_management] [main] org.hibernate.type.BasicTypeRegistry     : Adding type registration wrapper-characters -> org.hibernate.type.BasicTypeReference@789c3057
2024-07-31T09:04:05.193+01:00 DEBUG 17876 --- [Training_management] [main] org.hibernate.type.BasicTypeRegistry     : Adding type registration text -> org.hibernate.type.BasicTypeReference@39941489
2024-07-31T09:04:05.193+01:00 DEBUG 17876 --- [Training_management] [main] org.hibernate.type.BasicTypeRegistry     : Adding type registration ntext -> org.hibernate.type.BasicTypeReference@6f5d0190
2024-07-31T09:04:05.193+01:00 DEBUG 17876 --- [Training_management] [main] org.hibernate.type.BasicTypeRegistry     : Adding type registration clob -> org.hibernate.type.BasicTypeReference@67332b1e
2024-07-31T09:04:05.194+01:00 DEBUG 17876 --- [Training_management] [main] org.hibernate.type.BasicTypeRegistry     : Adding type registration java.sql.Clob -> org.hibernate.type.BasicTypeReference@67332b1e
2024-07-31T09:04:05.194+01:00 DEBUG 17876 --- [Training_management] [main] org.hibernate.type.BasicTypeRegistry     : Adding type registration nclob -> org.hibernate.type.BasicTypeReference@7e34b127
2024-07-31T09:04:05.194+01:00 DEBUG 17876 --- [Training_management] [main] org.hibernate.type.BasicTypeRegistry     : Adding type registration java.sql.NClob -> org.hibernate.type.BasicTypeReference@7e34b127
2024-07-31T09:04:05.195+01:00 DEBUG 17876 --- [Training_management] [main] org.hibernate.type.BasicTypeRegistry     : Adding type registration materialized_clob -> org.hibernate.type.BasicTypeReference@679dd234
2024-07-31T09:04:05.195+01:00 DEBUG 17876 --- [Training_management] [main] org.hibernate.type.BasicTypeRegistry     : Adding type registration materialized_clob_char_array -> org.hibernate.type.BasicTypeReference@60cb1ed6
2024-07-31T09:04:05.195+01:00 DEBUG 17876 --- [Training_management] [main] org.hibernate.type.BasicTypeRegistry     : Adding type registration materialized_clob_character_array -> org.hibernate.type.BasicTypeReference@1e5eb20a
2024-07-31T09:04:05.195+01:00 DEBUG 17876 --- [Training_management] [main] org.hibernate.type.BasicTypeRegistry     : Adding type registration materialized_nclob -> org.hibernate.type.BasicTypeReference@4538856f
2024-07-31T09:04:05.196+01:00 DEBUG 17876 --- [Training_management] [main] org.hibernate.type.BasicTypeRegistry     : Adding type registration materialized_nclob_character_array -> org.hibernate.type.BasicTypeReference@4c3de38e
2024-07-31T09:04:05.196+01:00 DEBUG 17876 --- [Training_management] [main] org.hibernate.type.BasicTypeRegistry     : Adding type registration materialized_nclob_char_array -> org.hibernate.type.BasicTypeReference@74b86971
2024-07-31T09:04:05.196+01:00 DEBUG 17876 --- [Training_management] [main] org.hibernate.type.BasicTypeRegistry     : Adding type registration Duration -> org.hibernate.type.BasicTypeReference@1f9d4b0e
2024-07-31T09:04:05.196+01:00 DEBUG 17876 --- [Training_management] [main] org.hibernate.type.BasicTypeRegistry     : Adding type registration java.time.Duration -> org.hibernate.type.BasicTypeReference@1f9d4b0e
2024-07-31T09:04:05.197+01:00 DEBUG 17876 --- [Training_management] [main] org.hibernate.type.BasicTypeRegistry     : Adding type registration LocalDateTime -> org.hibernate.type.BasicTypeReference@1e8fb66f
2024-07-31T09:04:05.197+01:00 DEBUG 17876 --- [Training_management] [main] org.hibernate.type.BasicTypeRegistry     : Adding type registration java.time.LocalDateTime -> org.hibernate.type.BasicTypeReference@1e8fb66f
2024-07-31T09:04:05.198+01:00 DEBUG 17876 --- [Training_management] [main] org.hibernate.type.BasicTypeRegistry     : Adding type registration LocalDate -> org.hibernate.type.BasicTypeReference@3d8d17a3
2024-07-31T09:04:05.198+01:00 DEBUG 17876 --- [Training_management] [main] org.hibernate.type.BasicTypeRegistry     : Adding type registration java.time.LocalDate -> org.hibernate.type.BasicTypeReference@3d8d17a3
2024-07-31T09:04:05.198+01:00 DEBUG 17876 --- [Training_management] [main] org.hibernate.type.BasicTypeRegistry     : Adding type registration LocalTime -> org.hibernate.type.BasicTypeReference@ac91282
2024-07-31T09:04:05.198+01:00 DEBUG 17876 --- [Training_management] [main] org.hibernate.type.BasicTypeRegistry     : Adding type registration java.time.LocalTime -> org.hibernate.type.BasicTypeReference@ac91282
2024-07-31T09:04:05.198+01:00 DEBUG 17876 --- [Training_management] [main] org.hibernate.type.BasicTypeRegistry     : Adding type registration OffsetDateTime -> org.hibernate.type.BasicTypeReference@7f79edee
2024-07-31T09:04:05.199+01:00 DEBUG 17876 --- [Training_management] [main] org.hibernate.type.BasicTypeRegistry     : Adding type registration java.time.OffsetDateTime -> org.hibernate.type.BasicTypeReference@7f79edee
2024-07-31T09:04:05.199+01:00 DEBUG 17876 --- [Training_management] [main] org.hibernate.type.BasicTypeRegistry     : Adding type registration OffsetDateTimeWithTimezone -> org.hibernate.type.BasicTypeReference@1ca610a0
2024-07-31T09:04:05.199+01:00 DEBUG 17876 --- [Training_management] [main] org.hibernate.type.BasicTypeRegistry     : Adding type registration OffsetDateTimeWithoutTimezone -> org.hibernate.type.BasicTypeReference@49433c98
2024-07-31T09:04:05.200+01:00 DEBUG 17876 --- [Training_management] [main] org.hibernate.type.BasicTypeRegistry     : Adding type registration OffsetTime -> org.hibernate.type.BasicTypeReference@b5c6a30
2024-07-31T09:04:05.200+01:00 DEBUG 17876 --- [Training_management] [main] org.hibernate.type.BasicTypeRegistry     : Adding type registration java.time.OffsetTime -> org.hibernate.type.BasicTypeReference@b5c6a30
2024-07-31T09:04:05.200+01:00 DEBUG 17876 --- [Training_management] [main] org.hibernate.type.BasicTypeRegistry     : Adding type registration OffsetTimeUtc -> org.hibernate.type.BasicTypeReference@3bfae028
2024-07-31T09:04:05.200+01:00 DEBUG 17876 --- [Training_management] [main] org.hibernate.type.BasicTypeRegistry     : Adding type registration OffsetTimeWithTimezone -> org.hibernate.type.BasicTypeReference@1775c4e7
2024-07-31T09:04:05.201+01:00 DEBUG 17876 --- [Training_management] [main] org.hibernate.type.BasicTypeRegistry     : Adding type registration OffsetTimeWithoutTimezone -> org.hibernate.type.BasicTypeReference@47829d6d
2024-07-31T09:04:05.201+01:00 DEBUG 17876 --- [Training_management] [main] org.hibernate.type.BasicTypeRegistry     : Adding type registration ZonedDateTime -> org.hibernate.type.BasicTypeReference@2f677247
2024-07-31T09:04:05.202+01:00 DEBUG 17876 --- [Training_management] [main] org.hibernate.type.BasicTypeRegistry     : Adding type registration java.time.ZonedDateTime -> org.hibernate.type.BasicTypeReference@2f677247
2024-07-31T09:04:05.202+01:00 DEBUG 17876 --- [Training_management] [main] org.hibernate.type.BasicTypeRegistry     : Adding type registration ZonedDateTimeWithTimezone -> org.hibernate.type.BasicTypeReference@43f03c23
2024-07-31T09:04:05.202+01:00 DEBUG 17876 --- [Training_management] [main] org.hibernate.type.BasicTypeRegistry     : Adding type registration ZonedDateTimeWithoutTimezone -> org.hibernate.type.BasicTypeReference@7a1b8a46
2024-07-31T09:04:05.203+01:00 DEBUG 17876 --- [Training_management] [main] org.hibernate.type.BasicTypeRegistry     : Adding type registration date -> org.hibernate.type.BasicTypeReference@2921199d
2024-07-31T09:04:05.203+01:00 DEBUG 17876 --- [Training_management] [main] org.hibernate.type.BasicTypeRegistry     : Adding type registration java.sql.Date -> org.hibernate.type.BasicTypeReference@2921199d
2024-07-31T09:04:05.203+01:00 DEBUG 17876 --- [Training_management] [main] org.hibernate.type.BasicTypeRegistry     : Adding type registration time -> org.hibernate.type.BasicTypeReference@3d40a3b4
2024-07-31T09:04:05.203+01:00 DEBUG 17876 --- [Training_management] [main] org.hibernate.type.BasicTypeRegistry     : Adding type registration java.sql.Time -> org.hibernate.type.BasicTypeReference@3d40a3b4
2024-07-31T09:04:05.203+01:00 DEBUG 17876 --- [Training_management] [main] org.hibernate.type.BasicTypeRegistry     : Adding type registration timestamp -> org.hibernate.type.BasicTypeReference@7f13811b
2024-07-31T09:04:05.204+01:00 DEBUG 17876 --- [Training_management] [main] org.hibernate.type.BasicTypeRegistry     : Adding type registration java.sql.Timestamp -> org.hibernate.type.BasicTypeReference@7f13811b
2024-07-31T09:04:05.204+01:00 DEBUG 17876 --- [Training_management] [main] org.hibernate.type.BasicTypeRegistry     : Adding type registration java.util.Date -> org.hibernate.type.BasicTypeReference@7f13811b
2024-07-31T09:04:05.204+01:00 DEBUG 17876 --- [Training_management] [main] org.hibernate.type.BasicTypeRegistry     : Adding type registration calendar -> org.hibernate.type.BasicTypeReference@59fc6d05
2024-07-31T09:04:05.205+01:00 DEBUG 17876 --- [Training_management] [main] org.hibernate.type.BasicTypeRegistry     : Adding type registration java.util.Calendar -> org.hibernate.type.BasicTypeReference@59fc6d05
2024-07-31T09:04:05.205+01:00 DEBUG 17876 --- [Training_management] [main] org.hibernate.type.BasicTypeRegistry     : Adding type registration java.util.GregorianCalendar -> org.hibernate.type.BasicTypeReference@59fc6d05
2024-07-31T09:04:05.206+01:00 DEBUG 17876 --- [Training_management] [main] org.hibernate.type.BasicTypeRegistry     : Adding type registration calendar_date -> org.hibernate.type.BasicTypeReference@78307a56
2024-07-31T09:04:05.206+01:00 DEBUG 17876 --- [Training_management] [main] org.hibernate.type.BasicTypeRegistry     : Adding type registration calendar_time -> org.hibernate.type.BasicTypeReference@40d52be7
2024-07-31T09:04:05.206+01:00 DEBUG 17876 --- [Training_management] [main] org.hibernate.type.BasicTypeRegistry     : Adding type registration instant -> org.hibernate.type.BasicTypeReference@23ad71bf
2024-07-31T09:04:05.206+01:00 DEBUG 17876 --- [Training_management] [main] org.hibernate.type.BasicTypeRegistry     : Adding type registration java.time.Instant -> org.hibernate.type.BasicTypeReference@23ad71bf
2024-07-31T09:04:05.207+01:00 DEBUG 17876 --- [Training_management] [main] org.hibernate.type.BasicTypeRegistry     : Adding type registration uuid -> org.hibernate.type.BasicTypeReference@1983b48a
2024-07-31T09:04:05.208+01:00 DEBUG 17876 --- [Training_management] [main] org.hibernate.type.BasicTypeRegistry     : Adding type registration java.util.UUID -> org.hibernate.type.BasicTypeReference@1983b48a
2024-07-31T09:04:05.208+01:00 DEBUG 17876 --- [Training_management] [main] org.hibernate.type.BasicTypeRegistry     : Adding type registration pg-uuid -> org.hibernate.type.BasicTypeReference@1983b48a
2024-07-31T09:04:05.209+01:00 DEBUG 17876 --- [Training_management] [main] org.hibernate.type.BasicTypeRegistry     : Adding type registration uuid-binary -> org.hibernate.type.BasicTypeReference@629a9f26
2024-07-31T09:04:05.209+01:00 DEBUG 17876 --- [Training_management] [main] org.hibernate.type.BasicTypeRegistry     : Adding type registration uuid-char -> org.hibernate.type.BasicTypeReference@b791a81
2024-07-31T09:04:05.210+01:00 DEBUG 17876 --- [Training_management] [main] org.hibernate.type.BasicTypeRegistry     : Adding type registration class -> org.hibernate.type.BasicTypeReference@4391a2d8
2024-07-31T09:04:05.212+01:00 DEBUG 17876 --- [Training_management] [main] org.hibernate.type.BasicTypeRegistry     : Adding type registration java.lang.Class -> org.hibernate.type.BasicTypeReference@4391a2d8
2024-07-31T09:04:05.213+01:00 DEBUG 17876 --- [Training_management] [main] org.hibernate.type.BasicTypeRegistry     : Adding type registration currency -> org.hibernate.type.BasicTypeReference@47b269c4
2024-07-31T09:04:05.213+01:00 DEBUG 17876 --- [Training_management] [main] org.hibernate.type.BasicTypeRegistry     : Adding type registration Currency -> org.hibernate.type.BasicTypeReference@47b269c4
2024-07-31T09:04:05.213+01:00 DEBUG 17876 --- [Training_management] [main] org.hibernate.type.BasicTypeRegistry     : Adding type registration java.util.Currency -> org.hibernate.type.BasicTypeReference@47b269c4
2024-07-31T09:04:05.214+01:00 DEBUG 17876 --- [Training_management] [main] org.hibernate.type.BasicTypeRegistry     : Adding type registration locale -> org.hibernate.type.BasicTypeReference@71e7adbb
2024-07-31T09:04:05.215+01:00 DEBUG 17876 --- [Training_management] [main] org.hibernate.type.BasicTypeRegistry     : Adding type registration java.util.Locale -> org.hibernate.type.BasicTypeReference@71e7adbb
2024-07-31T09:04:05.215+01:00 DEBUG 17876 --- [Training_management] [main] org.hibernate.type.BasicTypeRegistry     : Adding type registration serializable -> org.hibernate.type.BasicTypeReference@32091c14
2024-07-31T09:04:05.215+01:00 DEBUG 17876 --- [Training_management] [main] org.hibernate.type.BasicTypeRegistry     : Adding type registration java.io.Serializable -> org.hibernate.type.BasicTypeReference@32091c14
2024-07-31T09:04:05.215+01:00 DEBUG 17876 --- [Training_management] [main] org.hibernate.type.BasicTypeRegistry     : Adding type registration timezone -> org.hibernate.type.BasicTypeReference@7c40ffef
2024-07-31T09:04:05.215+01:00 DEBUG 17876 --- [Training_management] [main] org.hibernate.type.BasicTypeRegistry     : Adding type registration java.util.TimeZone -> org.hibernate.type.BasicTypeReference@7c40ffef
2024-07-31T09:04:05.216+01:00 DEBUG 17876 --- [Training_management] [main] org.hibernate.type.BasicTypeRegistry     : Adding type registration ZoneOffset -> org.hibernate.type.BasicTypeReference@286855ea
2024-07-31T09:04:05.217+01:00 DEBUG 17876 --- [Training_management] [main] org.hibernate.type.BasicTypeRegistry     : Adding type registration java.time.ZoneOffset -> org.hibernate.type.BasicTypeReference@286855ea
2024-07-31T09:04:05.217+01:00 DEBUG 17876 --- [Training_management] [main] org.hibernate.type.BasicTypeRegistry     : Adding type registration url -> org.hibernate.type.BasicTypeReference@64aeaf29
2024-07-31T09:04:05.218+01:00 DEBUG 17876 --- [Training_management] [main] org.hibernate.type.BasicTypeRegistry     : Adding type registration java.net.URL -> org.hibernate.type.BasicTypeReference@64aeaf29
2024-07-31T09:04:05.219+01:00 DEBUG 17876 --- [Training_management] [main] org.hibernate.type.BasicTypeRegistry     : Adding type registration vector -> org.hibernate.type.BasicTypeReference@1e3df614
2024-07-31T09:04:05.220+01:00 DEBUG 17876 --- [Training_management] [main] org.hibernate.type.BasicTypeRegistry     : Adding type registration row_version -> org.hibernate.type.BasicTypeReference@6579cdbb
2024-07-31T09:04:05.232+01:00 DEBUG 17876 --- [Training_management] [main] org.hibernate.type.BasicTypeRegistry     : Adding type registration object -> org.hibernate.type.JavaObjectType@7f4596d0
2024-07-31T09:04:05.232+01:00 DEBUG 17876 --- [Training_management] [main] org.hibernate.type.BasicTypeRegistry     : Adding type registration java.lang.Object -> org.hibernate.type.JavaObjectType@7f4596d0
2024-07-31T09:04:05.235+01:00 DEBUG 17876 --- [Training_management] [main] org.hibernate.type.BasicTypeRegistry     : Adding type registration null -> org.hibernate.type.NullType@3b24087d
2024-07-31T09:04:05.236+01:00 DEBUG 17876 --- [Training_management] [main] org.hibernate.type.BasicTypeRegistry     : Adding type registration imm_date -> org.hibernate.type.BasicTypeReference@75fe1619
2024-07-31T09:04:05.237+01:00 DEBUG 17876 --- [Training_management] [main] org.hibernate.type.BasicTypeRegistry     : Adding type registration imm_time -> org.hibernate.type.BasicTypeReference@5d66e944
2024-07-31T09:04:05.237+01:00 DEBUG 17876 --- [Training_management] [main] org.hibernate.type.BasicTypeRegistry     : Adding type registration imm_timestamp -> org.hibernate.type.BasicTypeReference@469a7575
2024-07-31T09:04:05.237+01:00 DEBUG 17876 --- [Training_management] [main] org.hibernate.type.BasicTypeRegistry     : Adding type registration imm_calendar -> org.hibernate.type.BasicTypeReference@4351ed61
2024-07-31T09:04:05.237+01:00 DEBUG 17876 --- [Training_management] [main] org.hibernate.type.BasicTypeRegistry     : Adding type registration imm_calendar_date -> org.hibernate.type.BasicTypeReference@2f20f7ad
2024-07-31T09:04:05.238+01:00 DEBUG 17876 --- [Training_management] [main] org.hibernate.type.BasicTypeRegistry     : Adding type registration imm_calendar_time -> org.hibernate.type.BasicTypeReference@45e617c4
2024-07-31T09:04:05.238+01:00 DEBUG 17876 --- [Training_management] [main] org.hibernate.type.BasicTypeRegistry     : Adding type registration imm_binary -> org.hibernate.type.BasicTypeReference@5042e3d0
2024-07-31T09:04:05.238+01:00 DEBUG 17876 --- [Training_management] [main] org.hibernate.type.BasicTypeRegistry     : Adding type registration imm_serializable -> org.hibernate.type.BasicTypeReference@1c34365c
2024-07-31T09:04:05.756+01:00  INFO 17876 --- [Training_management] [main] o.s.o.j.p.SpringPersistenceUnitInfo      : No LoadTimeWeaver setup: ignoring JPA class transformer
2024-07-31T09:04:05.833+01:00  INFO 17876 --- [Training_management] [main] com.zaxxer.hikari.HikariDataSource       : HikariPool-1 - Starting...
2024-07-31T09:04:06.648+01:00  INFO 17876 --- [Training_management] [main] com.zaxxer.hikari.pool.HikariPool        : HikariPool-1 - Added connection com.mysql.cj.jdbc.ConnectionImpl@227a933d
2024-07-31T09:04:06.653+01:00  INFO 17876 --- [Training_management] [main] com.zaxxer.hikari.HikariDataSource       : HikariPool-1 - Start completed.
2024-07-31T09:04:06.783+01:00  WARN 17876 --- [Training_management] [main] org.hibernate.orm.deprecation            : HHH90000025: MySQLDialect does not need to be specified explicitly using 'hibernate.dialect' (remove the property setting and it will be selected by default)
2024-07-31T09:04:06.893+01:00 DEBUG 17876 --- [Training_management] [main] o.h.t.d.sql.spi.DdlTypeRegistry          : addDescriptor(12, org.hibernate.type.descriptor.sql.internal.CapacityDependentDdlType@30dd00b6) replaced previous registration(org.hibernate.type.descriptor.sql.internal.CapacityDependentDdlType@4656fcc5)
2024-07-31T09:04:06.899+01:00 DEBUG 17876 --- [Training_management] [main] o.h.t.d.sql.spi.DdlTypeRegistry          : addDescriptor(-9, org.hibernate.type.descriptor.sql.internal.CapacityDependentDdlType@2c16677c) replaced previous registration(org.hibernate.type.descriptor.sql.internal.CapacityDependentDdlType@27d73d22)
2024-07-31T09:04:06.900+01:00 DEBUG 17876 --- [Training_management] [main] o.h.t.d.sql.spi.DdlTypeRegistry          : addDescriptor(-3, org.hibernate.type.descriptor.sql.internal.CapacityDependentDdlType@7fd751de) replaced previous registration(org.hibernate.type.descriptor.sql.internal.CapacityDependentDdlType@e162a35)
2024-07-31T09:04:06.900+01:00 DEBUG 17876 --- [Training_management] [main] o.h.t.d.sql.spi.DdlTypeRegistry          : addDescriptor(4003, org.hibernate.type.descriptor.sql.internal.DdlTypeImpl@1124910c) replaced previous registration(org.hibernate.type.descriptor.sql.internal.DdlTypeImpl@f849027)
2024-07-31T09:04:06.901+01:00 DEBUG 17876 --- [Training_management] [main] o.h.t.d.sql.spi.DdlTypeRegistry          : addDescriptor(4001, org.hibernate.type.descriptor.sql.internal.DdlTypeImpl@4a9869a8) replaced previous registration(org.hibernate.type.descriptor.sql.internal.DdlTypeImpl@75e0a54c)
2024-07-31T09:04:06.903+01:00 DEBUG 17876 --- [Training_management] [main] o.h.t.d.sql.spi.DdlTypeRegistry          : addDescriptor(4002, org.hibernate.type.descriptor.sql.internal.DdlTypeImpl@40f9f60d) replaced previous registration(org.hibernate.type.descriptor.sql.internal.DdlTypeImpl@6bd7439d)
2024-07-31T09:04:06.920+01:00 DEBUG 17876 --- [Training_management] [main] o.h.t.d.sql.spi.DdlTypeRegistry          : addDescriptor(2004, org.hibernate.type.descriptor.sql.internal.CapacityDependentDdlType@628ba266) replaced previous registration(org.hibernate.type.descriptor.sql.internal.DdlTypeImpl@1231a1be)
2024-07-31T09:04:06.920+01:00 DEBUG 17876 --- [Training_management] [main] o.h.t.d.sql.spi.DdlTypeRegistry          : addDescriptor(2005, org.hibernate.type.descriptor.sql.internal.CapacityDependentDdlType@1d77746b) replaced previous registration(org.hibernate.type.descriptor.sql.internal.DdlTypeImpl@4ced17f3)
2024-07-31T09:04:06.920+01:00 DEBUG 17876 --- [Training_management] [main] o.h.t.d.sql.spi.DdlTypeRegistry          : addDescriptor(2011, org.hibernate.type.descriptor.sql.internal.CapacityDependentDdlType@734a149a) replaced previous registration(org.hibernate.type.descriptor.sql.internal.DdlTypeImpl@6ce9771c)
2024-07-31T09:04:06.930+01:00 DEBUG 17876 --- [Training_management] [main] o.h.t.d.jdbc.spi.JdbcTypeRegistry        : addDescriptor(NCharTypeDescriptor) replaced previous registration(CharTypeDescriptor)
2024-07-31T09:04:06.930+01:00 DEBUG 17876 --- [Training_management] [main] o.h.t.d.jdbc.spi.JdbcTypeRegistry        : addDescriptor(NVarcharTypeDescriptor) replaced previous registration(VarcharTypeDescriptor)
2024-07-31T09:04:06.931+01:00 DEBUG 17876 --- [Training_management] [main] o.h.t.d.jdbc.spi.JdbcTypeRegistry        : addDescriptor(LongNVarcharTypeDescriptor) replaced previous registration(LongVarcharTypeDescriptor)
2024-07-31T09:04:06.956+01:00 DEBUG 17876 --- [Training_management] [main] o.h.t.d.jdbc.spi.JdbcTypeRegistry        : addDescriptor(NClobTypeDescriptor(DEFAULT)) replaced previous registration(ClobTypeDescriptor(DEFAULT))
2024-07-31T09:04:06.957+01:00 DEBUG 17876 --- [Training_management] [main] o.h.t.d.jdbc.spi.JdbcTypeRegistry        : addDescriptor(2005, ClobTypeDescriptor(STREAM_BINDING)) replaced previous registration(ClobTypeDescriptor(DEFAULT))
2024-07-31T09:04:06.971+01:00 DEBUG 17876 --- [Training_management] [main] org.hibernate.type.BasicTypeRegistry     : Adding type registration null -> org.hibernate.type.NullType@d49e8c6
2024-07-31T09:04:06.973+01:00 DEBUG 17876 --- [Training_management] [main] org.hibernate.type.BasicTypeRegistry     : Type registration key [null] overrode previous entry : `org.hibernate.type.NullType@3b24087d`
2024-07-31T09:04:07.001+01:00 DEBUG 17876 --- [Training_management] [main] org.hibernate.type.BasicTypeRegistry     : Adding type registration org.hibernate.type.DurationType -> basicType@1(java.time.Duration,3015)
2024-07-31T09:04:07.001+01:00 DEBUG 17876 --- [Training_management] [main] org.hibernate.type.BasicTypeRegistry     : Adding type registration Duration -> basicType@1(java.time.Duration,3015)
2024-07-31T09:04:07.001+01:00 DEBUG 17876 --- [Training_management] [main] org.hibernate.type.BasicTypeRegistry     : Adding type registration java.time.Duration -> basicType@1(java.time.Duration,3015)
2024-07-31T09:04:07.030+01:00 DEBUG 17876 --- [Training_management] [main] org.hibernate.type.BasicTypeRegistry     : Adding type registration org.hibernate.type.OffsetDateTimeType -> basicType@2(java.time.OffsetDateTime,3003)
2024-07-31T09:04:07.031+01:00 DEBUG 17876 --- [Training_management] [main] org.hibernate.type.BasicTypeRegistry     : Adding type registration OffsetDateTime -> basicType@2(java.time.OffsetDateTime,3003)
2024-07-31T09:04:07.032+01:00 DEBUG 17876 --- [Training_management] [main] org.hibernate.type.BasicTypeRegistry     : Adding type registration java.time.OffsetDateTime -> basicType@2(java.time.OffsetDateTime,3003)
2024-07-31T09:04:07.039+01:00 DEBUG 17876 --- [Training_management] [main] org.hibernate.type.BasicTypeRegistry     : Adding type registration org.hibernate.type.ZonedDateTimeType -> basicType@3(java.time.ZonedDateTime,3003)
2024-07-31T09:04:07.044+01:00 DEBUG 17876 --- [Training_management] [main] org.hibernate.type.BasicTypeRegistry     : Adding type registration ZonedDateTime -> basicType@3(java.time.ZonedDateTime,3003)
2024-07-31T09:04:07.044+01:00 DEBUG 17876 --- [Training_management] [main] org.hibernate.type.BasicTypeRegistry     : Adding type registration java.time.ZonedDateTime -> basicType@3(java.time.ZonedDateTime,3003)
2024-07-31T09:04:07.047+01:00 DEBUG 17876 --- [Training_management] [main] org.hibernate.type.BasicTypeRegistry     : Adding type registration org.hibernate.type.OffsetTimeType -> basicType@4(java.time.OffsetTime,3007)
2024-07-31T09:04:07.048+01:00 DEBUG 17876 --- [Training_management] [main] org.hibernate.type.BasicTypeRegistry     : Adding type registration OffsetTime -> basicType@4(java.time.OffsetTime,3007)
2024-07-31T09:04:07.048+01:00 DEBUG 17876 --- [Training_management] [main] org.hibernate.type.BasicTypeRegistry     : Adding type registration java.time.OffsetTime -> basicType@4(java.time.OffsetTime,3007)
2024-07-31T09:04:07.051+01:00 DEBUG 17876 --- [Training_management] [main] o.h.type.spi.TypeConfiguration$Scope     : Scoping TypeConfiguration [org.hibernate.type.spi.TypeConfiguration@1584c019] to MetadataBuildingContext [org.hibernate.boot.internal.MetadataBuildingContextRootImpl@3688baab]
2024-07-31T09:04:09.329+01:00  INFO 17876 --- [Training_management] [main] o.h.e.t.j.p.i.JtaPlatformInitiator       : HHH000489: No JTA platform available (set 'hibernate.transaction.jta.platform' to enable JTA platform integration)
2024-07-31T09:04:09.330+01:00 DEBUG 17876 --- [Training_management] [main] o.h.type.spi.TypeConfiguration$Scope     : Scoping TypeConfiguration [org.hibernate.type.spi.TypeConfiguration@1584c019] to SessionFactoryImplementor [org.hibernate.internal.SessionFactoryImpl@1764e45e]
2024-07-31T09:04:09.496+01:00 TRACE 17876 --- [Training_management] [main] o.h.type.spi.TypeConfiguration$Scope     : Handling #sessionFactoryCreated from [org.hibernate.internal.SessionFactoryImpl@1764e45e] for TypeConfiguration
2024-07-31T09:04:09.497+01:00  INFO 17876 --- [Training_management] [main] j.LocalContainerEntityManagerFactoryBean : Initialized JPA EntityManagerFactory for persistence unit 'default'
2024-07-31T09:04:09.526+01:00  WARN 17876 --- [Training_management] [main] ConfigServletWebServerApplicationContext : Exception encountered during context initialization - cancelling refresh attempt: org.springframework.beans.factory.UnsatisfiedDependencyException: Error creating bean with name 'materialServiceImpl': Unsatisfied dependency expressed through field 'materialRepository': No qualifying bean of type 'net.java.Training_management.repositories.MaterialRepository' available: expected at least 1 bean which qualifies as autowire candidate. Dependency annotations: {@org.springframework.beans.factory.annotation.Autowired(required=true)}
2024-07-31T09:04:09.526+01:00  INFO 17876 --- [Training_management] [main] j.LocalContainerEntityManagerFactoryBean : Closing JPA EntityManagerFactory for persistence unit 'default'
2024-07-31T09:04:09.528+01:00 TRACE 17876 --- [Training_management] [main] o.h.type.spi.TypeConfiguration$Scope     : Handling #sessionFactoryClosed from [org.hibernate.internal.SessionFactoryImpl@1764e45e] for TypeConfiguration
2024-07-31T09:04:09.529+01:00 DEBUG 17876 --- [Training_management] [main] o.h.type.spi.TypeConfiguration$Scope     : Un-scoping TypeConfiguration [org.hibernate.type.spi.TypeConfiguration$Scope@76673ed] from SessionFactory [org.hibernate.internal.SessionFactoryImpl@1764e45e]
2024-07-31T09:04:09.535+01:00  INFO 17876 --- [Training_management] [main] com.zaxxer.hikari.HikariDataSource       : HikariPool-1 - Shutdown initiated...
2024-07-31T09:04:09.611+01:00  INFO 17876 --- [Training_management] [main] com.zaxxer.hikari.HikariDataSource       : HikariPool-1 - Shutdown completed.
2024-07-31T09:04:09.616+01:00  INFO 17876 --- [Training_management] [main] o.apache.catalina.core.StandardService   : Stopping service [Tomcat]
2024-07-31T09:04:09.664+01:00  INFO 17876 --- [Training_management] [main] .s.b.a.l.ConditionEvaluationReportLogger : 

Error starting ApplicationContext. To display the condition evaluation report re-run your application with 'debug' enabled.
2024-07-31T09:04:09.717+01:00 ERROR 17876 --- [Training_management] [main] o.s.b.d.LoggingFailureAnalysisReporter   : 

***************************
APPLICATION FAILED TO START
***************************

Description:

Field materialRepository in net.java.Training_management.services.impl.MaterialServiceImpl required a bean of type 'net.java.Training_management.repositories.MaterialRepository' that could not be found.

The injection point has the following annotations:
	- @org.springframework.beans.factory.annotation.Autowired(required=true)


Action:

Consider defining a bean of type 'net.java.Training_management.repositories.MaterialRepository' in your configuration.

